satisfaction_level,last_evaluation,number_project,average_montly_hours,time_spend_company,Work_accident,left,promotion_last_5years,Department,salary
0.83,0.77,3,228,3,0,0,0,115,109
0.24,0.52,4,228,5,0,0,0,115,109
0.66,0.75,5,227,3,1,0,0,115,109
0.43,0.63,3,156,3,0,0,0,115,109
0.75,0.66,5,177,2,0,0,0,115,108
0.42,0.89,6,188,5,1,0,0,115,108
0.54,0.74,3,185,4,0,0,0,115,108
0.84,0.85,3,153,4,0,0,0,97,108
0.95,0.79,4,174,3,0,0,0,97,108
0.6,0.61,4,209,3,0,0,0,97,108
0.95,0.71,3,251,2,1,0,0,104,108
0.62,0.89,3,153,3,1,0,0,104,108
0.89,0.73,3,210,2,0,0,0,104,108
0.73,0.93,5,167,3,0,0,0,104,108
0.86,0.94,3,151,2,0,0,0,116,108
0.76,0.73,3,158,2,0,0,0,116,108
0.91,0.76,3,116,5,0,0,0,116,108
1,0.81,5,178,2,0,0,0,116,108
0.98,0.78,4,155,3,1,0,0,116,108
0.65,0.89,3,151,2,0,0,0,116,108
0.62,0.79,4,216,2,1,0,0,116,108
0.83,0.82,5,179,3,0,0,0,116,108
0.75,1,4,135,4,0,0,0,116,108
0.82,0.63,4,232,4,0,0,0,116,108
0.69,0.68,4,168,3,0,0,0,116,108
0.41,0.96,6,171,5,1,0,0,115,109
0.52,0.64,5,258,2,0,0,0,115,109
0.74,0.86,3,221,2,0,0,0,115,109
0.33,0.96,5,97,3,0,0,0,115,109
0.8,0.69,3,164,3,0,0,0,115,109
0.82,0.89,4,237,3,0,0,0,115,109
0.59,0.65,5,161,2,0,0,0,115,109
0.98,0.8,4,134,2,1,0,0,115,109
0.93,0.94,4,188,3,0,0,0,115,109
0.49,0.95,4,181,3,0,0,0,115,109
0.6,0.94,4,160,2,0,0,0,115,109
0.34,0.82,6,197,5,1,0,0,116,109
0.71,0.77,3,145,3,0,0,0,116,104
0.6,0.64,5,221,2,0,0,0,116,108
0.12,0.78,6,260,5,0,0,0,109,109
0.16,0.87,3,99,5,1,0,0,73,109
0.57,0.61,3,243,3,0,0,0,73,109
0.72,0.8,5,244,3,0,0,0,73,109
0.91,0.55,4,179,4,0,0,0,73,108
0.95,0.49,4,146,6,1,0,0,73,108
0.71,0.9,3,262,2,1,0,0,112,108
0.9,0.69,4,174,2,0,0,0,112,108
0.66,0.81,4,148,4,0,0,0,112,108
0.48,0.59,5,235,3,0,0,0,112,108
0.82,0.82,5,285,2,1,0,0,73,108
0.83,0.79,4,143,3,0,0,0,82,108
0.85,0.82,6,141,5,0,0,0,82,108
0.84,0.47,3,125,4,0,0,0,82,108
0.99,0.51,4,232,3,0,0,0,82,108
0.54,0.72,3,172,2,0,0,0,82,108
0.64,0.42,5,283,5,0,0,0,109,108
0.67,0.68,3,189,3,0,0,0,115,108
0.48,0.54,2,144,3,0,0,0,97,108
0.58,0.77,4,145,3,1,0,0,115,108
0.54,0.59,3,200,3,0,0,0,116,108
0.25,0.65,3,264,4,0,0,0,109,108
0.9,0.53,3,215,3,0,0,0,109,108
0.48,0.39,4,272,3,0,0,0,109,108
0.76,0.9,5,142,3,0,0,0,109,108
0.72,0.53,5,240,2,0,0,0,115,109
0.95,0.66,4,168,2,0,0,0,115,109
0.73,0.55,4,171,4,0,0,0,115,109
0.93,0.7,3,159,2,0,0,0,115,109
0.89,0.61,3,175,4,0,0,0,115,109
0.7,0.97,4,244,3,0,0,0,115,109
0.98,0.57,3,198,3,0,0,0,115,109
0.72,0.65,5,151,3,0,0,0,115,109
0.49,0.69,2,188,4,0,0,0,115,109
0.15,0.85,3,199,2,0,0,0,115,109
0.57,0.96,4,257,3,0,0,0,115,109
0.21,0.81,4,144,4,0,0,0,115,109
0.46,0.57,4,275,3,0,0,0,115,104
0.56,0.52,3,243,3,0,0,0,115,108
0.81,0.66,3,181,2,1,0,0,115,109
0.93,0.59,5,172,3,0,0,0,115,109
0.82,0.97,3,244,5,0,0,0,115,109
0.76,0.51,4,242,3,0,0,0,115,109
0.97,0.81,3,249,2,0,0,0,115,108
0.38,0.81,5,128,3,1,0,0,97,108
0.46,0.49,3,213,3,0,0,0,97,108
0.34,0.57,4,152,3,1,0,0,97,108
0.63,0.76,4,245,3,0,0,0,104,108
0.57,0.56,4,113,3,0,0,0,104,108
0.17,0.76,4,280,5,0,0,0,104,108
0.74,0.67,3,273,3,1,0,0,104,108
0.59,0.56,4,221,3,1,0,0,116,108
0.49,0.61,5,133,3,0,0,0,116,108
0.49,0.58,3,136,4,1,0,0,116,108
0.61,0.71,4,243,3,1,0,0,116,108
0.81,0.79,5,135,3,0,0,0,116,108
0.74,0.63,3,231,3,0,0,0,116,108
0.91,0.98,3,259,4,0,0,0,116,108
0.71,0.66,3,238,2,0,0,0,116,108
0.73,0.71,3,210,3,0,0,0,116,108
0.44,0.4,3,120,6,0,0,0,116,108
0.6,0.56,2,203,4,0,0,0,116,108
0.73,0.88,4,148,2,0,0,0,115,108
0.8,0.54,4,258,3,0,0,0,115,108
0.97,0.5,3,225,2,0,0,0,115,109
0.99,0.75,4,208,2,0,0,0,115,109
0.96,0.82,4,274,3,0,0,0,115,109
0.24,0.7,5,147,6,1,0,0,115,109
0.45,0.39,2,167,3,0,0,0,115,109
0.74,0.96,4,154,4,0,0,0,115,109
0.6,0.98,4,195,3,0,0,0,115,109
0.67,0.56,3,237,4,0,0,0,115,109
0.57,0.99,4,222,2,0,0,0,115,109
0.87,0.71,5,145,4,0,0,0,116,109
0.25,0.83,3,257,5,1,0,0,116,109
0.98,0.84,3,286,4,0,0,0,116,109
0.3,0.64,2,137,3,0,0,0,109,104
0.21,0.52,5,130,2,0,0,0,73,108
0.56,0.7,3,214,2,0,0,0,73,109
0.75,0.96,3,138,2,0,0,0,73,109
0.5,0.77,3,166,3,0,0,0,73,109
0.61,0.92,4,159,5,0,0,0,73,109
0.83,0.59,5,160,4,0,0,0,112,108
0.66,0.76,3,155,4,1,0,0,112,108
0.84,0.68,3,231,3,0,0,0,112,108
0.87,0.57,4,227,3,0,0,0,112,108
0.48,0.37,3,181,2,0,0,0,73,108
0.84,0.79,4,222,3,0,0,0,82,108
0.49,0.71,3,196,3,0,0,0,82,108
0.67,0.93,3,206,3,0,0,0,82,108
0.12,0.93,6,257,6,1,0,0,82,108
0.99,0.67,5,153,2,0,0,0,82,108
0.17,0.59,5,250,5,0,0,0,109,108
0.58,0.66,3,250,5,0,0,0,115,108
0.5,0.73,3,148,3,0,0,0,97,108
0.35,0.69,3,141,2,1,0,0,115,108
0.93,0.95,6,147,3,0,0,0,116,108
0.73,0.87,3,142,3,0,0,0,109,108
0.91,0.54,3,210,2,0,0,0,109,108
0.72,0.66,3,152,2,0,0,0,109,108
0.51,0.39,3,149,3,0,0,0,109,108
0.55,0.92,3,198,3,0,0,0,115,108
0.66,0.76,3,139,5,0,0,0,115,108
0.84,0.41,6,255,6,1,0,0,115,109
0.81,0.8,4,229,2,0,0,0,115,109
0.81,0.69,5,134,2,0,0,0,115,109
0.5,0.75,5,255,3,0,0,0,115,109
0.78,0.68,5,189,3,0,0,0,115,109
0.76,0.74,3,183,3,0,0,0,115,109
0.49,0.71,3,154,2,0,0,0,115,109
0.99,0.61,3,167,3,0,0,0,115,109
0.73,0.48,4,139,5,0,0,0,115,109
0.88,0.74,5,245,2,0,0,0,115,109
0.79,0.91,4,200,3,0,0,0,115,109
0.83,0.98,3,159,2,0,0,0,115,109
0.21,0.44,4,163,6,0,0,0,115,104
0.87,0.52,3,158,2,1,0,0,115,108
1,0.89,3,194,3,0,0,0,115,109
0.49,0.98,3,267,3,1,0,0,115,109
0.51,0.63,3,183,2,0,0,0,115,109
0.63,0.64,3,174,2,0,0,0,97,109
0.91,0.63,4,240,3,0,0,0,97,108
0.54,0.5,2,123,4,1,0,0,97,108
1,0.59,4,174,3,0,0,0,104,108
0.64,0.91,5,246,3,0,0,0,104,108
0.65,0.96,5,173,2,0,0,0,104,108
0.15,0.93,4,185,5,0,0,0,104,108
0.81,0.83,4,259,3,1,0,0,116,108
0.61,0.83,3,112,4,1,0,0,116,108
0.86,0.55,5,219,2,0,0,0,116,109
0.71,0.62,3,258,2,0,0,0,116,109
0.72,0.82,5,287,3,0,0,0,116,109
0.84,0.37,5,186,2,0,0,0,116,109
0.38,0.74,3,159,4,0,0,0,116,109
0.75,0.56,4,230,3,0,0,0,116,109
0.93,0.77,5,106,5,0,0,0,116,109
0.71,0.64,4,189,3,0,0,0,116,109
0.75,0.96,3,252,3,0,0,0,116,109
0.56,0.68,4,220,2,0,0,0,115,109
0.57,0.82,5,218,3,0,0,0,115,109
0.63,0.83,4,145,4,0,0,0,115,109
0.59,0.91,4,142,3,1,0,0,115,109
0.77,0.62,3,218,2,0,0,0,115,109
0.65,0.7,4,157,4,0,0,0,115,109
0.84,0.49,4,178,3,0,0,0,115,109
0.9,0.45,4,241,6,0,0,0,115,109
0.6,0.83,3,230,3,0,0,0,115,109
0.9,0.74,5,249,3,0,0,0,115,109
0.94,0.7,5,147,2,0,0,0,115,109
0.56,0.9,4,115,3,0,0,0,116,109
0.95,0.86,5,143,3,0,0,0,116,109
0.97,0.85,4,219,3,0,0,0,116,109
0.55,0.63,4,218,2,0,0,0,109,109
0.79,0.6,5,235,2,0,0,0,73,109
0.49,0.76,5,237,3,0,0,0,73,104
0.49,0.58,5,186,2,0,0,0,73,104
0.57,0.65,5,177,2,0,0,0,73,104
0.89,0.81,4,228,4,0,0,0,73,104
0.66,0.59,3,204,3,0,0,0,112,104
0.94,0.77,5,210,3,0,0,0,112,104
0.98,0.95,4,250,2,1,0,0,112,104
0.18,0.52,5,185,6,0,0,0,112,104
0.57,0.73,3,146,3,0,0,0,73,104
0.67,0.55,3,217,2,0,0,0,82,104
0.12,0.61,6,172,6,0,0,0,82,104
0.48,0.95,3,184,2,0,0,0,82,104
0.61,0.97,3,148,3,0,0,0,82,108
0.23,0.52,5,236,4,0,0,0,82,108
0.4,0.38,3,280,2,0,0,0,109,108
0.57,0.6,3,218,3,0,0,0,115,108
0.95,0.98,5,155,3,0,0,0,97,108
0.93,0.66,4,242,4,0,0,0,115,108
0.7,0.88,3,166,5,0,0,0,116,108
0.58,0.9,4,175,3,1,0,0,109,108
0.52,0.95,5,234,3,0,0,0,109,108
0.98,0.88,5,232,3,0,0,0,109,108
0.93,0.94,4,156,3,1,0,0,109,108
0.34,0.63,5,248,3,0,0,0,115,108
0.87,0.75,4,218,2,0,0,0,115,108
0.52,0.96,5,251,2,1,0,0,115,108
0.58,0.91,4,173,4,0,0,0,115,108
0.65,0.51,4,157,3,1,0,0,115,109
0.74,0.59,3,274,3,0,0,0,115,109
0.63,0.7,5,182,3,0,0,0,115,109
0.74,0.74,4,233,2,0,0,0,115,109
0.65,1,4,249,3,0,0,0,115,109
0.48,0.94,3,162,3,1,0,0,115,109
0.84,0.75,3,184,3,0,0,0,115,109
0.6,0.62,3,135,2,0,0,0,115,109
0.56,0.57,3,143,2,0,0,0,115,109
0.13,0.8,5,203,5,0,0,0,115,109
0.83,0.51,5,143,4,0,0,0,115,109
0.91,0.42,2,142,3,1,0,0,115,109
0.97,0.97,5,171,2,0,0,0,115,104
0.9,0.96,3,223,4,0,0,0,115,104
0.57,0.87,4,148,3,0,0,0,115,104
0.84,0.79,6,140,2,0,0,0,97,104
0.84,0.74,4,226,2,0,0,0,97,104
0.17,0.93,5,183,5,0,0,0,97,104
0.97,0.86,5,135,3,0,0,0,104,104
0.94,0.66,3,236,2,0,0,0,104,104
0.83,0.61,5,257,2,0,0,0,104,108
0.91,0.73,3,155,3,0,0,0,104,108
0.9,0.76,2,211,4,0,0,0,116,108
0.95,0.86,3,207,2,0,0,0,116,108
0.69,0.95,3,126,6,0,0,0,116,108
0.49,0.98,3,267,2,0,0,0,116,108
0.45,0.37,6,226,2,0,0,0,116,108
0.21,0.9,2,239,2,0,0,0,116,108
0.67,0.61,3,202,2,0,0,0,116,109
0.76,0.62,3,150,2,1,0,0,116,109
0.19,0.78,5,156,6,0,0,0,116,109
0.52,0.73,2,233,3,0,0,0,116,109
0.66,0.59,5,262,2,0,0,0,116,109
0.95,0.67,3,183,3,0,0,0,115,109
0.95,0.78,4,225,2,0,0,0,115,109
0.57,0.54,5,216,3,0,0,0,115,109
0.48,0.57,5,227,3,0,0,0,115,109
0.95,0.5,4,242,2,0,0,0,115,109
0.7,0.67,4,224,3,0,0,0,115,109
0.48,0.61,3,223,3,1,0,0,115,109
0.62,0.58,3,202,2,0,0,0,115,109
0.58,0.76,3,220,3,0,0,0,115,109
1,0.87,4,129,5,0,0,0,115,109
0.79,0.65,2,193,5,0,0,0,115,109
0.58,0.73,3,165,2,0,0,0,116,109
0.59,0.79,4,209,2,0,0,0,116,109
0.66,0.8,4,183,2,1,0,0,116,109
0.71,0.59,4,138,3,0,0,0,109,109
0.9,0.74,5,152,3,0,0,0,73,109
0.74,0.63,4,170,2,0,0,0,73,109
0.66,0.93,5,185,3,0,0,0,73,109
0.92,0.53,2,249,2,0,0,0,73,104
0.55,0.51,4,155,3,0,0,0,73,108
0.51,0.43,3,204,4,0,0,0,112,109
0.49,0.52,5,188,4,0,0,0,112,109
0.88,0.52,5,264,4,0,0,0,112,109
0.6,0.8,4,146,2,0,0,0,112,109
0.93,0.65,4,212,4,0,0,0,73,109
0.86,0.59,3,215,3,0,0,0,82,109
0.78,0.98,4,239,3,0,0,0,82,109
0.69,0.55,3,188,3,0,0,0,82,109
0.84,0.51,4,259,3,0,0,0,82,109
0.48,0.62,3,200,3,1,0,0,82,109
0.63,0.86,3,245,2,0,0,0,109,108
0.54,0.61,3,182,2,0,0,0,115,108
0.85,0.53,4,181,2,0,0,0,97,108
0.51,0.52,3,164,3,0,0,0,115,108
0.88,0.86,5,257,3,0,0,0,116,108
0.87,0.93,3,178,3,0,0,0,109,108
0.54,0.5,4,224,3,0,0,0,109,108
0.96,0.67,5,170,3,0,0,0,109,104
0.58,0.75,4,233,2,0,0,0,109,108
0.21,0.57,5,239,3,0,0,0,115,104
0.5,0.56,5,185,2,0,0,0,115,104
0.52,0.54,4,184,3,0,0,0,115,108
0.5,0.7,3,188,2,0,0,0,115,108
0.74,0.86,3,186,3,1,0,0,115,104
0.69,0.63,3,226,3,0,0,0,115,108
0.61,0.74,2,143,6,0,0,0,115,109
0.5,0.82,3,213,3,0,0,0,115,104
0.79,0.53,2,217,2,0,0,0,115,109
0.73,0.68,5,190,2,0,0,0,115,109
0.49,0.69,2,147,2,0,0,0,115,109
0.7,0.77,2,235,3,1,0,0,115,109
0.27,0.62,6,136,3,0,0,0,115,104
0.8,0.54,5,261,2,0,0,0,115,109
0.45,0.6,6,176,4,0,0,0,115,109
0.63,0.64,4,212,4,0,0,0,115,109
0.76,0.52,2,148,3,0,0,0,115,104
0.42,0.74,6,218,6,0,0,0,115,109
0.41,0.87,6,262,6,0,0,0,115,104
0.74,0.46,6,145,3,0,0,0,97,108
0.82,0.75,3,230,4,1,0,0,97,109
0.82,0.65,4,210,2,0,0,0,97,109
0.53,0.73,4,227,3,0,0,0,104,109
0.71,0.77,4,142,2,0,0,0,104,109
0.5,0.9,4,171,2,0,0,0,104,108
0.68,0.89,3,241,3,0,0,0,104,108
0.68,0.99,3,247,2,1,0,0,116,108
0.48,0.86,5,246,3,0,0,0,116,108
0.59,0.72,3,188,3,1,0,0,116,108
0.21,0.7,3,104,2,0,0,0,116,108
0.99,0.73,5,197,4,1,0,0,116,108
1,0.88,4,191,4,0,0,0,116,108
0.84,0.51,4,173,2,0,0,0,116,108
0.86,0.82,2,207,4,1,0,0,116,108
0.52,0.54,5,247,4,0,0,0,116,104
0.94,0.97,5,197,5,1,0,0,116,108
0.55,0.81,3,242,2,0,0,0,116,108
0.79,0.59,3,145,2,0,0,0,115,108
0.91,0.9,4,174,3,0,0,0,115,108
0.82,0.99,3,195,2,0,0,0,115,104
0.84,0.94,4,270,3,1,0,0,115,108
0.72,0.68,4,238,3,0,0,0,115,108
0.68,0.85,4,156,2,0,0,0,115,108
0.99,0.96,5,261,3,0,0,0,115,104
0.74,0.85,5,135,2,0,0,0,115,108
0.8,0.41,6,185,4,0,0,0,115,109
0.55,0.55,3,197,3,0,0,0,115,104
0.56,0.95,3,241,3,0,0,0,115,109
0.88,0.98,3,263,3,1,0,0,116,104
0.86,0.49,4,251,2,0,0,0,116,109
0.64,0.95,3,218,2,0,0,0,116,109
0.82,0.58,4,183,3,0,0,0,109,109
0.66,0.8,4,252,3,0,0,0,73,109
0.64,0.95,3,98,3,0,0,0,73,109
0.17,0.78,6,284,4,0,0,0,73,109
0.75,0.68,4,220,2,0,0,0,73,109
0.45,0.39,4,275,3,0,0,0,73,109
0.99,0.9,4,164,3,0,0,0,112,104
0.93,0.67,5,237,4,0,0,0,112,108
0.88,0.8,3,133,3,0,0,0,112,109
0.62,0.52,5,256,4,0,0,0,112,109
0.94,0.88,4,270,3,0,0,0,73,109
0.59,0.92,4,196,2,0,0,0,82,109
0.93,0.89,4,209,2,0,0,0,82,109
0.71,0.39,3,261,3,0,0,0,82,109
0.6,0.6,3,221,2,0,0,0,82,109
0.71,0.69,4,180,3,1,0,0,82,109
0.91,0.57,4,145,3,0,0,0,109,109
0.78,0.96,4,111,2,0,0,0,115,104
0.52,0.63,4,232,3,0,0,0,97,108
0.99,0.7,5,195,3,0,0,0,115,108
0.86,0.51,4,211,2,1,0,0,116,108
0.74,0.68,4,194,2,0,0,0,109,104
0.15,0.84,4,275,5,0,0,0,109,108
0.57,0.54,3,140,3,0,0,0,109,108
0.67,0.6,3,157,3,0,0,0,109,108
0.8,0.93,4,258,3,0,0,0,115,104
0.83,0.82,5,273,4,0,0,0,115,108
0.69,0.53,3,135,2,0,0,0,115,108
0.64,0.83,3,188,4,0,0,0,115,108
0.95,0.52,5,222,2,0,0,0,115,108
0.97,0.52,4,231,3,0,0,0,115,108
0.85,0.86,3,255,2,0,0,0,115,108
0.72,0.51,3,254,2,0,0,0,115,108
0.91,0.85,3,244,3,1,0,0,115,109
0.81,0.83,3,132,4,0,0,0,115,109
0.13,0.67,5,234,6,0,0,0,115,109
0.95,0.81,4,272,3,0,0,0,115,109
0.82,0.54,4,191,3,0,0,0,115,109
0.63,0.93,4,238,4,0,0,0,115,109
0.55,0.69,3,225,2,0,0,0,115,109
0.83,0.95,3,211,2,0,0,0,115,109
0.54,0.98,3,217,3,0,0,0,115,109
0.89,0.91,5,156,4,0,0,0,115,109
0.79,0.55,3,147,3,0,0,0,115,109
0.56,0.73,4,134,3,0,0,0,97,109
0.89,0.7,4,235,2,1,0,0,97,104
1,0.66,4,238,4,0,0,0,97,108
0.43,0.72,3,258,4,0,0,0,104,109
0.71,0.55,5,224,3,0,0,0,104,109
0.98,0.59,4,149,2,0,0,0,104,109
0.81,0.7,4,219,2,1,0,0,104,109
0.71,0.53,3,186,2,0,0,0,116,108
0.99,0.6,4,259,4,0,0,0,116,108
0.34,0.62,3,119,2,0,0,0,116,108
0.58,0.91,3,223,2,0,0,0,116,108
0.77,0.49,4,184,3,0,0,0,116,108
0.64,0.5,3,238,4,0,0,0,116,108
0.13,1,4,157,5,1,0,0,116,108
0.98,0.6,2,249,3,0,0,0,116,108
0.72,0.84,4,195,2,0,0,0,116,108
0.55,0.79,3,162,2,0,0,0,116,108
0.62,0.91,4,231,3,0,0,0,116,108
0.74,0.91,2,264,3,0,0,0,115,108
0.69,0.96,3,210,3,0,0,0,115,108
0.6,0.63,4,192,3,0,0,0,115,108
0.54,0.43,3,192,2,0,0,0,115,108
0.56,0.75,4,249,3,0,0,0,115,108
0.58,0.86,5,206,3,0,0,0,115,108
0.21,0.66,4,165,5,0,0,0,115,108
0.52,0.85,5,183,3,0,0,0,115,108
0.98,0.7,4,253,2,0,0,0,115,108
0.85,0.97,3,256,3,0,0,0,115,108
0.62,0.88,2,263,4,0,0,0,115,109
0.63,0.61,3,234,3,1,0,0,116,109
0.84,0.97,6,223,2,0,0,0,116,109
0.71,0.69,2,172,3,0,0,0,116,109
0.36,0.55,6,226,6,0,0,0,109,109
0.79,0.56,6,205,4,1,0,0,73,109
0.59,0.55,4,235,2,0,0,0,73,109
0.5,0.53,4,263,3,0,0,0,73,109
0.88,0.66,4,271,3,1,0,0,73,109
0.65,0.69,6,131,5,0,0,0,73,109
0.71,0.56,4,238,4,0,0,0,112,109
0.89,0.54,3,214,2,0,0,0,112,109
0.83,0.84,3,267,3,0,0,0,112,104
0.73,0.53,3,184,2,0,0,0,112,108
0.71,0.67,3,264,3,0,0,0,73,109
0.53,0.66,3,109,2,0,0,0,82,109
0.74,0.7,3,253,4,1,0,0,82,109
0.6,0.52,4,207,2,1,0,0,82,109
0.47,0.6,4,263,5,0,0,0,82,108
0.88,0.88,3,214,2,1,0,0,82,108
0.62,0.67,2,153,3,0,0,0,109,108
0.24,0.48,5,123,5,1,0,0,115,108
0.15,0.36,5,159,2,0,0,0,97,108
0.92,0.82,3,185,3,0,0,0,115,108
0.74,0.7,4,167,3,1,0,0,116,108
0.86,0.77,3,271,3,0,0,0,109,108
0.96,0.61,3,140,3,0,0,0,109,108
0.54,0.6,4,141,3,0,0,0,109,108
0.99,0.87,4,190,2,0,0,0,109,108
0.72,0.73,5,134,2,0,0,0,115,108
0.96,0.75,5,176,4,0,0,0,115,108
0.73,0.73,4,194,2,0,0,0,115,108
0.67,0.44,5,212,4,0,0,0,115,108
0.58,0.72,5,234,3,1,0,0,115,108
0.9,0.99,4,190,2,0,0,0,115,108
0.99,0.37,5,155,3,0,0,0,115,108
0.89,0.58,4,232,2,0,0,0,115,108
0.72,0.95,4,216,3,0,0,0,115,108
0.77,0.8,3,207,3,0,0,0,115,108
0.8,0.94,4,200,4,0,0,0,115,109
0.89,0.86,3,178,4,0,0,0,115,109
0.59,0.81,4,173,2,0,0,0,115,109
0.24,0.87,5,268,5,0,0,0,115,109
0.94,0.59,6,212,2,0,0,0,115,109
0.74,0.5,4,216,3,0,0,0,115,109
0.63,0.62,5,212,6,0,0,0,115,109
0.63,0.59,3,155,3,1,0,0,115,109
0.77,0.65,4,164,2,0,0,0,115,109
0.87,0.74,3,209,3,0,0,0,97,109
0.79,0.61,4,136,3,0,0,0,97,109
0.54,0.84,4,223,3,0,0,0,97,109
0.59,0.83,4,239,4,0,0,0,104,104
0.86,0.87,3,205,4,0,0,0,104,108
0.98,0.68,3,203,3,0,0,0,104,109
1,0.79,5,152,4,0,0,0,104,109
0.9,0.79,4,236,3,1,0,0,116,109
0.34,0.6,4,114,3,0,0,0,116,109
0.95,0.93,3,209,2,0,0,0,116,108
0.79,0.48,4,178,2,0,0,0,116,108
0.13,0.91,4,175,5,0,0,0,116,108
0.72,0.69,3,270,4,0,0,0,116,108
0.63,0.54,3,145,2,1,0,0,116,108
0.81,0.76,5,134,2,0,0,0,116,108
0.71,0.75,4,272,4,0,0,0,116,108
0.49,0.76,3,208,2,0,0,0,116,108
0.59,0.65,4,219,3,1,0,0,116,108
0.87,0.59,5,154,3,0,0,0,115,108
0.66,0.6,3,179,4,0,0,0,115,108
0.78,0.92,5,137,2,0,0,0,115,108
0.65,0.7,4,211,2,0,0,0,115,108
0.8,0.97,5,271,4,0,0,0,115,108
0.56,0.75,4,192,2,0,0,0,115,108
0.85,0.67,4,228,4,0,0,0,115,108
0.14,0.46,2,267,6,1,0,0,115,108
0.74,0.62,4,272,2,0,0,0,115,108
0.86,0.93,2,260,2,0,0,0,115,108
0.71,0.96,4,161,3,0,0,0,115,108
0.83,0.99,4,226,2,0,0,0,116,108
0.52,0.49,4,249,4,1,0,0,116,109
0.63,0.8,3,243,3,0,0,0,116,109
0.92,0.93,4,247,2,0,0,0,109,109
0.66,0.87,3,186,2,0,0,0,73,109
0.77,0.7,3,155,3,0,0,0,73,109
0.74,0.97,2,135,4,0,0,0,73,109
0.81,0.76,5,198,4,0,0,0,73,109
0.67,0.55,3,175,2,0,0,0,73,109
0.75,0.92,3,192,3,0,0,0,112,109
0.65,0.36,2,282,3,0,0,0,112,109
0.81,0.6,4,179,3,0,0,0,112,109
0.57,0.77,4,245,3,0,0,0,112,109
0.89,0.66,4,235,3,0,0,0,73,104
0.5,0.56,4,266,2,0,0,0,82,108
0.21,0.42,4,269,4,1,0,0,82,109
0.79,0.67,3,264,2,0,0,0,82,109
0.66,0.57,3,161,2,1,0,0,82,109
0.82,0.95,3,203,3,0,0,0,82,109
0.85,0.85,4,258,2,0,0,0,109,108
0.72,0.96,3,143,3,0,0,0,115,108
0.52,0.92,3,214,3,0,0,0,97,108
0.5,0.62,4,166,3,1,0,0,115,108
0.52,0.82,3,192,3,0,0,0,116,108
0.13,0.87,3,185,4,1,0,0,109,108
0.87,0.98,4,173,3,0,0,0,109,108
0.53,0.98,2,163,3,0,0,0,109,108
0.15,0.76,5,277,4,0,0,0,109,108
0.64,0.86,5,274,2,1,0,0,115,108
0.52,0.44,3,119,2,0,0,0,115,108
0.79,0.67,4,267,3,0,0,0,115,108
0.74,0.89,3,160,2,0,0,0,115,108
0.81,0.84,4,198,2,0,0,0,115,108
0.94,0.6,3,193,3,0,0,0,115,108
0.67,0.84,6,250,2,0,0,0,115,108
0.93,0.84,3,237,4,1,0,0,115,108
0.52,0.96,4,170,2,0,0,0,115,108
0.48,0.74,2,157,2,1,0,0,115,109
0.57,0.92,6,267,4,0,0,0,115,109
0.71,0.77,4,192,4,0,0,0,115,109
0.9,0.74,4,218,2,1,0,0,115,109
0.58,0.61,4,210,3,0,0,0,115,109
0.66,0.48,4,229,4,0,0,0,115,109
0.59,0.66,3,186,3,0,0,0,115,109
0.96,0.5,3,234,2,1,0,0,115,109
0.13,0.91,2,149,5,0,0,0,115,109
0.93,0.92,3,205,3,0,0,0,115,109
0.54,0.72,3,148,4,0,0,0,97,109
0.54,0.77,5,270,3,0,0,0,97,109
0.87,0.62,3,176,3,0,0,0,97,104
0.79,0.91,3,226,2,0,0,0,104,108
0.83,0.57,3,232,4,0,0,0,104,109
0.73,0.6,3,137,3,0,0,0,104,109
0.29,0.42,6,253,3,0,0,0,104,109
0.8,0.7,6,231,4,0,0,0,116,109
0.29,0.81,3,189,6,0,0,0,116,108
0.43,0.85,6,168,2,0,0,0,116,108
0.99,0.93,3,261,3,0,0,0,116,108
0.86,0.51,4,152,3,0,0,0,116,108
0.85,0.78,5,263,2,1,0,0,116,108
0.66,0.68,3,258,3,0,0,0,116,108
0.57,0.99,3,205,3,0,0,0,116,108
0.31,0.64,6,183,2,1,0,0,116,108
0.88,0.88,3,153,3,0,0,0,116,108
0.72,0.72,5,194,4,0,0,0,116,108
0.75,0.66,4,202,2,0,0,0,115,108
0.82,0.71,4,164,4,0,0,0,115,108
0.82,0.67,3,213,2,0,0,0,115,108
0.15,0.52,4,265,6,0,0,0,115,108
0.16,0.88,6,218,3,0,0,0,115,108
0.95,0.4,5,286,4,0,0,0,115,108
0.87,0.73,3,172,3,1,0,0,115,108
0.85,0.89,4,251,2,0,0,0,115,108
0.58,0.6,3,110,3,1,0,0,115,108
0.63,0.86,3,269,4,0,0,0,115,108
0.69,0.68,3,151,3,1,0,0,115,108
0.53,0.85,5,161,2,0,0,0,116,109
0.96,0.71,4,210,3,0,0,0,116,109
0.73,0.83,2,167,3,0,0,0,116,109
0.5,0.6,3,270,3,1,0,0,109,109
0.81,0.83,3,133,3,1,0,0,73,109
0.82,0.59,3,249,3,0,0,0,73,109
0.76,0.72,4,266,3,0,0,0,73,109
0.27,0.82,4,276,2,0,0,0,73,109
0.64,0.38,6,215,3,0,0,0,73,109
0.57,0.9,3,262,2,0,0,0,112,109
0.49,0.84,5,193,3,0,0,0,112,109
0.66,0.92,2,102,4,0,0,0,112,109
0.71,0.36,4,278,4,1,0,0,112,104
0.61,0.63,3,250,4,0,0,0,73,108
0.52,0.89,5,193,4,0,0,0,82,109
0.62,0.91,3,133,3,0,0,0,82,109
0.98,0.65,4,216,4,0,0,0,82,109
0.67,0.56,5,174,2,1,0,0,82,109
0.85,0.62,2,280,4,0,0,0,82,108
0.84,0.85,4,246,2,0,0,0,109,108
1,0.53,3,142,3,0,0,0,115,108
0.72,0.76,4,144,3,1,0,0,97,108
0.66,0.75,6,100,4,1,0,0,115,108
0.64,0.71,5,212,2,0,0,0,116,108
1,0.76,5,201,3,0,0,0,109,108
0.75,0.59,5,206,2,0,0,0,109,108
0.81,0.77,4,197,3,0,0,0,109,108
0.31,0.98,5,232,5,0,0,0,109,108
0.32,0.97,6,272,2,0,0,0,115,108
0.48,0.5,4,173,3,0,0,0,115,108
0.62,0.42,2,124,2,0,0,0,115,108
0.77,0.86,5,282,4,0,0,0,115,108
0.76,0.8,2,219,4,1,0,0,115,108
0.68,0.41,3,106,6,0,0,0,115,108
0.72,0.79,4,192,4,0,0,0,115,108
0.87,0.91,5,190,2,0,0,0,115,108
0.59,0.57,2,156,2,0,0,0,115,108
0.7,0.64,3,180,2,0,0,0,115,108
0.73,0.81,4,245,2,0,0,0,115,108
0.58,0.62,3,169,2,0,0,0,115,109
0.64,0.66,3,188,4,0,0,0,115,109
0.89,0.66,5,224,2,0,0,0,115,109
0.95,0.71,3,263,2,1,0,0,115,109
0.84,0.9,3,262,2,0,0,0,115,109
0.6,0.99,4,225,3,0,0,0,115,109
0.71,0.63,5,224,3,1,0,0,115,109
0.6,0.95,3,266,3,0,0,0,115,109
0.91,0.68,3,218,3,1,0,0,97,109
0.75,1,3,102,3,0,0,0,97,109
0.7,0.67,4,181,3,0,0,0,97,109
0.23,0.64,5,150,5,0,0,0,104,109
0.73,0.83,4,270,2,0,0,0,104,104
0.99,0.49,4,270,2,0,0,0,104,108
0.62,0.68,5,265,3,0,0,0,104,109
0.98,0.89,4,169,3,0,0,0,116,109
0.61,0.94,3,224,4,0,0,0,116,109
0.52,0.92,3,150,2,1,0,0,116,109
0.65,0.66,5,239,4,0,0,0,116,108
0.59,0.9,3,245,3,1,0,0,116,108
0.71,0.8,3,182,2,1,0,0,116,108
0.18,0.7,5,182,4,0,0,0,116,108
0.21,0.93,4,243,4,0,0,0,116,108
0.15,0.67,6,209,5,0,0,0,116,108
0.97,0.53,4,195,4,0,0,0,116,108
0.39,0.48,3,190,2,0,0,0,116,108
0.35,0.66,2,140,2,0,0,0,115,109
0.88,0.58,4,147,4,0,0,0,115,109
0.58,0.97,3,265,3,0,0,0,115,109
0.61,0.78,3,238,2,0,0,0,115,109
0.59,0.98,3,155,3,0,0,0,115,109
0.55,0.41,4,132,5,1,0,0,115,109
0.52,0.8,5,257,3,0,0,0,115,109
0.71,0.77,2,255,3,0,0,0,115,109
0.63,0.82,5,229,2,0,0,0,115,109
0.17,0.84,5,216,4,0,0,0,115,109
0.95,0.49,4,269,4,0,0,0,115,109
1,0.73,3,205,2,0,0,0,116,109
0.73,0.96,2,151,3,0,0,0,116,109
0.8,0.64,4,246,3,1,0,0,116,109
0.63,0.8,4,256,4,0,0,0,109,109
0.95,0.59,4,235,3,0,0,0,73,109
0.75,0.83,4,229,2,0,0,0,73,109
0.64,0.72,5,158,3,0,0,0,73,109
0.72,1,3,197,3,0,0,0,73,109
0.72,0.53,3,151,4,0,0,0,73,109
0.85,0.63,3,167,3,0,0,0,112,109
0.24,0.94,4,146,4,0,0,0,112,109
0.69,0.53,4,281,4,0,0,0,112,109
0.69,0.7,3,212,2,0,0,0,112,109
0.87,0.59,5,261,3,0,0,0,73,109
0.78,0.91,3,238,2,0,0,0,82,104
0.76,0.74,4,235,3,0,0,0,82,104
0.35,0.7,3,107,3,0,0,0,82,104
0.88,0.59,6,243,4,0,0,0,82,104
0.78,0.79,5,233,3,1,0,0,82,104
0.36,0.42,3,206,5,0,0,0,109,104
0.24,0.7,5,172,4,0,0,0,115,104
0.55,0.82,3,248,2,0,0,0,97,104
0.91,0.53,3,147,4,1,0,0,115,104
0.66,0.61,5,259,3,0,0,0,116,104
0.57,0.82,3,267,3,0,0,0,109,104
0.64,0.64,3,263,3,0,0,0,109,104
0.63,0.98,3,160,4,1,0,0,109,108
0.49,0.92,5,176,3,0,0,0,109,108
0.7,0.7,3,224,3,0,0,0,115,108
0.3,0.71,3,155,2,0,0,0,115,108
0.51,0.52,3,132,3,0,0,0,115,108
0.71,0.87,5,173,3,0,0,0,115,108
0.64,0.67,3,165,3,0,0,0,115,108
0.67,0.66,6,272,3,0,0,0,115,108
0.83,0.94,5,156,3,1,0,0,115,108
0.92,0.96,3,154,2,1,0,0,115,108
0.84,0.53,3,237,3,1,0,0,115,108
0.97,0.75,2,271,6,0,0,0,115,108
0.19,0.91,6,152,3,0,0,0,115,108
0.86,0.51,4,152,3,1,0,0,115,108
0.71,0.69,3,172,3,0,0,0,115,108
0.76,0.56,4,214,2,1,0,0,115,109
0.68,0.88,5,201,3,0,0,0,115,109
0.61,0.99,2,275,3,1,0,0,115,109
0.85,0.79,3,156,3,0,0,0,115,109
0.84,0.89,3,234,2,0,0,0,115,109
0.62,0.63,2,123,2,0,0,0,115,109
0.77,0.76,3,201,4,0,0,0,97,109
0.79,0.93,5,160,4,1,0,0,97,109
0.97,0.5,3,173,2,0,0,0,97,109
0.59,0.61,4,141,2,1,0,0,104,109
0.93,0.62,3,231,6,0,0,0,104,109
0.85,0.54,4,174,2,0,0,0,104,109
0.7,0.57,4,211,3,0,0,0,104,104
0.54,0.91,3,249,3,0,0,0,116,104
0.42,0.86,2,108,5,0,0,0,116,104
0.96,0.75,4,165,3,0,0,0,116,104
0.58,0.8,3,181,4,0,0,0,116,104
0.61,0.59,3,237,2,0,0,0,116,104
0.62,0.97,5,180,2,0,0,0,116,104
0.68,0.7,3,209,3,0,0,0,116,104
0.6,0.73,3,191,5,1,0,0,116,108
0.7,0.91,4,181,2,1,0,0,116,108
0.65,0.55,4,250,2,0,0,0,116,108
0.48,0.59,2,179,2,0,0,0,116,108
0.75,0.73,3,225,4,0,0,0,115,108
0.69,0.78,5,267,2,1,0,0,115,108
0.34,0.46,2,169,2,1,0,0,115,108
0.59,0.49,4,164,3,0,0,0,115,108
0.94,0.95,4,155,3,0,0,0,115,109
0.98,0.77,5,223,2,1,0,0,115,109
0.72,0.66,3,160,3,0,0,0,115,109
0.79,0.7,4,268,2,0,0,0,115,109
0.54,0.61,4,151,4,1,0,0,115,109
0.73,0.95,3,156,2,0,0,0,115,109
0.82,0.58,4,136,3,0,0,0,115,109
0.57,0.45,3,189,2,0,0,0,116,109
0.98,0.93,5,203,2,0,0,0,116,109
0.91,0.65,5,174,2,0,0,0,116,109
0.72,0.91,3,239,2,0,0,0,109,109
0.48,0.73,5,152,6,0,0,0,73,109
0.57,0.86,4,268,6,0,0,0,73,109
0.86,0.96,4,146,3,0,0,0,73,109
0.63,0.85,3,232,4,0,0,0,73,109
0.81,0.52,3,255,5,0,0,0,73,109
0.21,0.37,4,129,4,0,0,0,112,109
0.9,0.66,3,261,3,1,0,0,112,109
0.79,0.78,3,101,2,1,0,0,112,109
0.95,0.49,4,229,3,0,0,0,112,109
0.29,0.43,3,162,4,0,0,0,73,109
0.81,0.52,4,270,3,0,0,0,82,109
0.21,0.56,6,277,5,0,0,0,82,109
0.7,0.83,5,261,4,0,0,0,82,104
0.66,0.64,4,204,2,0,0,0,82,108
0.16,0.86,2,215,2,0,0,0,82,109
0.72,0.8,3,219,3,0,0,0,109,109
0.51,0.5,3,147,4,0,0,0,115,109
0.59,0.63,5,243,2,0,0,0,97,109
0.66,0.4,2,155,5,1,0,0,115,109
0.69,0.84,3,253,2,0,0,0,116,109
0.69,0.94,4,235,3,0,0,0,109,109
0.89,0.79,5,257,3,0,0,0,109,109
0.52,0.56,4,225,2,0,0,0,109,109
0.91,0.91,3,167,3,0,0,0,109,109
0.96,0.53,5,224,4,0,0,0,115,108
0.8,0.58,5,127,3,0,0,0,115,108
0.55,0.77,3,256,3,1,0,0,115,108
0.93,0.63,4,233,2,0,0,0,115,108
0.93,0.86,4,169,4,0,0,0,115,108
0.54,0.48,3,152,2,0,0,0,115,108
0.48,0.76,5,236,2,0,0,0,115,108
0.19,0.99,3,154,2,0,0,0,115,104
0.95,0.71,3,223,2,0,0,0,115,108
0.96,0.81,4,211,3,0,0,0,115,104
0.63,0.89,4,192,2,0,0,0,115,104
0.81,0.8,4,227,2,1,0,0,115,108
0.5,0.88,4,265,3,1,0,0,115,108
0.76,0.72,5,228,2,0,0,0,115,104
0.84,0.49,4,152,3,0,0,0,115,108
0.2,0.95,5,169,5,0,0,0,115,109
0.78,0.92,3,169,3,0,0,0,115,104
0.8,0.68,4,157,3,0,0,0,115,109
0.94,0.57,4,251,2,1,0,0,115,109
0.44,0.74,5,253,2,0,0,0,97,109
0.92,0.85,3,155,2,0,0,0,97,109
0.54,0.8,3,232,2,0,0,0,97,104
0.56,0.56,4,195,2,0,0,0,104,109
0.66,0.69,4,198,3,1,0,0,104,109
0.8,0.91,3,246,3,0,0,0,104,109
0.6,0.81,2,214,3,0,0,0,104,104
0.73,0.73,5,249,3,0,0,0,116,109
0.55,0.74,3,211,3,1,0,0,116,104
0.7,0.71,5,269,3,0,0,0,116,108
0.53,0.68,4,214,3,0,0,0,116,109
0.9,0.94,4,231,3,0,0,0,116,109
0.8,0.78,3,175,3,0,0,0,116,109
0.51,0.6,5,175,3,0,0,0,116,109
0.86,0.96,5,238,5,0,0,0,116,108
0.63,0.79,4,228,4,0,0,0,116,108
0.83,0.93,3,220,4,0,0,0,116,108
0.85,0.55,4,233,2,1,0,0,116,108
0.8,0.57,3,225,4,0,0,0,115,108
0.79,0.97,5,187,3,0,0,0,115,108
0.37,0.71,3,117,3,0,0,0,115,108
0.85,0.9,3,184,3,1,0,0,115,108
0.76,0.56,3,216,3,0,0,0,115,108
0.99,0.62,4,140,2,1,0,0,115,108
0.55,0.63,3,201,2,1,0,0,115,104
0.69,0.69,4,167,3,1,0,0,115,108
0.68,1,5,203,2,0,0,0,115,108
0.69,0.9,5,231,2,1,0,0,115,108
0.65,0.7,3,141,4,0,0,0,115,108
0.17,0.88,6,226,3,1,0,0,116,104
0.48,0.65,3,199,2,0,0,0,116,108
0.65,0.59,4,192,3,0,0,0,116,108
0.57,0.49,4,247,2,0,0,0,109,108
0.8,0.67,3,164,3,0,0,0,73,104
0.8,0.6,5,234,2,0,0,0,73,108
0.5,0.6,2,177,3,1,0,0,73,109
0.95,0.87,3,208,2,0,0,0,73,104
0.69,0.93,3,233,3,0,0,0,73,109
0.74,0.57,4,172,3,0,0,0,112,104
0.68,0.59,3,141,3,0,0,0,112,109
0.68,0.55,3,213,3,0,0,0,112,109
0.65,0.37,5,128,3,1,0,0,112,109
0.85,0.92,4,151,3,1,0,0,73,109
0.49,0.48,4,247,3,0,0,0,82,109
0.19,0.8,6,143,4,0,0,0,82,109
0.95,0.61,3,164,3,0,0,0,82,109
0.63,0.62,3,183,3,0,0,0,82,109
0.83,0.8,4,274,3,0,0,0,82,104
0.62,0.78,4,261,2,0,0,0,109,108
0.74,0.98,5,200,3,0,0,0,115,109
0.7,0.87,5,177,2,0,0,0,97,109
0.28,0.38,5,139,4,0,0,0,115,109
0.39,0.56,6,228,5,0,0,0,116,109
0.62,0.63,3,230,2,0,0,0,109,109
0.79,0.54,5,212,4,0,0,0,109,109
0.87,0.74,4,265,4,0,0,0,109,109
0.29,0.75,3,124,4,0,0,0,109,109
0.37,0.88,4,155,3,0,0,0,115,109
0.68,0.55,4,215,4,0,0,0,115,104
0.9,0.51,4,214,2,0,0,0,115,108
0.97,0.65,3,181,3,0,0,0,115,108
0.6,0.77,4,229,2,0,0,0,115,108
0.58,0.79,5,262,2,0,0,0,115,104
0.83,0.86,3,165,3,0,0,0,115,108
0.83,0.73,5,136,3,0,0,0,115,108
0.94,0.71,4,151,2,1,0,0,115,108
0.69,0.9,5,226,4,0,0,0,115,104
0.81,0.81,5,215,2,0,0,0,115,108
0.19,0.5,6,143,5,1,0,0,115,108
0.18,0.64,3,223,4,1,0,0,115,108
0.58,0.63,4,271,3,0,0,0,115,108
0.76,0.65,3,220,3,0,0,0,115,108
0.26,0.47,6,182,4,0,0,0,115,108
0.78,0.87,3,190,3,0,0,0,115,108
0.71,0.56,3,198,3,0,0,0,115,109
0.76,0.61,3,141,2,0,0,0,115,109
0.44,0.81,3,248,2,0,0,0,97,109
0.26,0.69,2,168,5,0,0,0,97,109
0.75,0.57,5,162,3,0,0,0,97,109
0.64,0.9,4,211,3,0,0,0,104,109
0.79,0.71,4,271,3,0,0,0,104,109
0.96,0.61,3,271,2,0,0,0,104,109
0.63,1,5,244,2,0,0,0,104,109
0.65,0.55,5,261,3,1,0,0,116,109
0.76,0.81,3,225,3,0,0,0,116,109
0.26,0.9,4,266,5,0,0,0,116,109
0.84,0.73,3,146,5,1,0,0,116,104
0.74,0.77,3,233,3,0,0,0,116,108
0.53,0.45,4,180,3,0,0,0,116,109
0.7,0.56,5,208,3,0,0,0,116,109
0.62,0.69,4,165,4,1,0,0,116,109
0.71,0.68,4,221,4,0,0,0,116,109
0.5,0.65,3,215,2,0,0,0,116,108
0.53,0.5,6,264,6,0,0,0,116,108
0.88,0.89,2,160,4,0,0,0,115,108
0.79,0.83,2,192,3,0,0,0,115,108
0.69,0.89,5,201,2,0,0,0,115,108
0.57,0.96,4,264,2,0,0,0,115,108
0.68,0.8,4,186,3,1,0,0,115,108
0.6,0.82,4,272,3,0,0,0,115,108
0.7,0.9,4,216,3,0,0,0,115,108
0.71,0.76,4,142,2,1,0,0,115,108
0.49,0.51,4,133,3,0,0,0,115,108
0.74,0.7,4,260,2,0,0,0,115,108
0.2,0.93,4,101,5,0,0,0,115,108
0.57,0.5,4,230,2,0,0,0,116,108
0.83,0.48,3,242,4,0,0,0,116,108
0.22,0.64,3,193,2,0,0,0,116,108
0.67,0.57,2,234,4,0,0,0,109,108
0.54,0.84,3,132,3,0,0,0,73,108
0.54,0.53,4,183,3,0,0,0,73,108
0.64,0.61,4,191,4,0,0,0,73,108
0.23,0.84,5,140,4,0,0,0,73,108
0.88,0.87,5,257,3,0,0,0,73,109
0.83,0.54,4,219,3,0,0,0,112,109
0.88,0.67,5,141,2,0,0,0,112,109
0.9,0.85,5,162,2,0,0,0,112,109
0.49,0.61,3,181,3,0,0,0,112,109
0.55,0.49,3,191,3,0,0,0,73,109
0.92,0.69,4,149,6,1,0,0,82,109
0.72,0.67,3,164,4,0,0,0,82,109
0.63,0.5,4,235,3,0,0,0,82,109
0.98,0.66,3,199,3,0,0,0,82,109
0.76,0.52,3,248,3,0,0,0,82,109
0.42,0.56,2,103,3,1,0,0,109,109
0.58,0.65,4,248,4,0,0,0,109,104
0.85,0.82,3,153,3,1,0,0,115,108
0.67,0.95,4,241,4,0,0,0,97,109
0.58,1,4,258,3,0,0,0,115,109
0.84,0.76,5,172,5,1,0,0,116,109
0.56,0.68,3,149,2,0,0,0,109,109
0.63,0.83,4,217,3,0,0,0,109,108
0.51,0.92,3,243,3,0,0,0,109,108
0.95,0.81,5,120,3,0,0,0,109,108
0.85,0.55,3,137,3,1,0,0,115,108
0.73,0.78,5,150,3,0,0,0,115,108
0.2,0.49,5,199,5,0,0,0,115,108
0.78,0.79,3,203,2,0,0,0,115,108
0.83,0.8,3,273,3,0,0,0,115,108
0.87,0.56,2,214,3,1,0,0,115,108
0.98,0.99,5,141,3,0,0,0,115,108
1,0.81,5,243,3,0,0,0,115,108
0.7,0.55,4,159,3,0,0,0,115,108
0.62,0.88,5,146,3,0,0,0,115,108
0.67,0.72,4,159,2,0,0,0,115,108
0.86,0.96,4,196,3,0,0,0,115,108
0.44,0.57,5,183,2,1,0,0,115,108
0.19,0.86,4,192,4,0,0,0,115,108
0.76,0.83,4,246,2,0,0,0,115,108
0.89,0.93,5,191,4,0,0,0,115,108
0.25,0.97,3,158,3,0,0,0,115,108
0.68,1,4,167,2,0,0,0,115,108
0.38,0.5,2,187,2,1,0,0,115,109
0.64,0.95,4,199,4,0,0,0,97,109
0.76,0.62,4,157,3,0,0,0,97,109
0.26,0.45,2,157,3,0,0,0,97,109
0.69,0.67,3,178,2,0,0,0,104,109
0.98,0.66,3,154,2,0,0,0,104,109
0.86,0.83,5,208,2,1,0,0,104,109
0.14,0.68,4,273,5,1,0,0,104,109
0.58,0.63,4,159,3,0,0,0,116,109
0.63,0.97,4,234,2,0,0,0,116,109
0.7,0.91,5,139,3,1,0,0,116,109
0.73,0.62,4,210,4,0,0,0,116,109
0.89,0.52,3,164,3,0,0,0,116,104
0.17,0.61,3,241,5,1,0,0,116,108
0.86,0.73,5,259,2,0,0,0,116,109
0.59,0.73,3,159,3,1,0,0,116,109
0.22,0.51,4,131,2,0,0,0,116,109
0.55,0.57,3,266,2,0,0,0,116,109
0.74,0.6,3,153,2,0,0,0,116,108
0.55,0.54,3,253,2,0,0,0,115,108
0.67,0.94,4,141,2,1,0,0,115,108
0.64,0.8,3,199,3,0,0,0,115,108
0.58,0.71,3,205,3,0,0,0,115,108
0.9,0.6,4,252,3,0,0,0,115,108
0.89,0.9,4,153,3,0,0,0,115,108
0.74,0.37,2,171,4,0,0,0,115,108
0.78,0.91,5,150,4,0,0,0,115,108
0.97,0.53,4,247,3,0,0,0,115,108
0.52,0.92,4,150,2,1,0,0,115,108
0.99,0.86,4,206,2,0,0,0,115,108
0.76,0.44,4,192,4,1,0,0,116,108
0.69,0.96,5,164,3,0,0,0,116,108
0.59,0.69,3,186,3,0,0,0,116,108
0.95,0.63,3,249,3,0,0,0,109,108
0.69,0.81,3,214,2,0,0,0,73,108
0.76,0.75,4,193,4,0,0,0,73,108
0.7,0.84,2,114,4,0,0,0,73,108
0.87,0.6,2,122,2,0,0,0,73,108
0.44,0.55,3,170,3,1,0,0,73,108
0.54,0.91,3,151,3,0,0,0,112,109
0.55,0.75,3,156,3,0,0,0,112,109
0.81,0.75,5,170,3,1,0,0,112,109
0.5,0.55,3,188,2,0,0,0,112,109
0.93,0.74,4,201,3,1,0,0,73,109
0.64,0.5,6,254,6,0,0,0,82,109
0.57,0.78,3,206,4,0,0,0,82,109
0.95,0.74,4,216,3,0,0,0,82,109
0.86,0.67,5,200,3,0,0,0,82,109
0.82,0.58,4,202,2,0,0,0,82,109
0.18,0.79,4,217,4,0,0,0,82,109
0.58,0.7,5,151,4,0,0,0,109,109
0.57,0.56,3,224,2,0,0,0,115,104
0.94,0.83,5,148,3,0,0,0,97,108
0.2,0.97,6,224,5,1,0,0,115,109
0.73,0.75,2,243,5,1,0,0,116,109
0.94,0.8,4,238,3,1,0,0,109,109
0.99,0.61,3,254,3,0,0,0,109,109
0.22,0.49,4,218,4,0,0,0,109,108
0.67,0.66,3,237,3,0,0,0,109,108
0.49,0.67,4,185,2,0,0,0,115,108
0.78,0.95,4,184,3,0,0,0,115,108
0.15,0.74,2,176,3,1,0,0,115,108
0.91,0.89,4,260,3,0,0,0,115,108
0.7,0.78,4,254,4,0,0,0,115,108
0.6,0.95,3,221,3,0,0,0,115,108
0.59,0.57,5,257,2,0,0,0,115,108
0.59,0.93,3,265,3,1,0,0,115,108
0.55,0.64,3,138,3,1,0,0,115,108
0.42,0.75,3,163,2,1,0,0,115,108
0.57,0.81,3,144,3,0,0,0,115,108
0.72,0.51,3,146,2,1,0,0,115,108
0.83,0.81,3,242,6,0,0,0,115,108
0.89,0.93,4,249,3,0,0,0,115,108
0.55,0.59,3,245,3,0,0,0,115,108
0.53,0.75,4,201,2,0,0,0,115,108
0.74,0.59,4,177,4,1,0,0,115,109
0.63,0.98,4,160,2,0,0,0,115,109
0.63,0.4,6,177,2,1,0,0,115,109
0.61,0.97,4,153,3,0,0,0,97,109
0.76,0.79,3,197,5,0,0,0,97,109
0.67,0.82,4,246,4,0,0,0,97,109
0.51,0.95,4,258,3,0,0,0,104,109
0.67,0.55,3,137,3,0,0,0,104,109
0.16,0.94,3,178,4,0,0,0,104,109
0.34,0.85,4,123,4,0,0,0,104,109
0.58,0.73,5,162,3,1,0,0,116,109
0.5,0.71,5,210,5,0,0,0,116,109
0.56,0.48,4,197,3,1,0,0,116,104
0.56,0.98,3,220,3,0,0,0,116,108
0.74,0.71,4,133,2,0,0,0,116,109
0.69,0.99,3,198,2,0,0,0,116,109
0.15,0.81,4,160,5,0,0,0,116,109
0.58,0.67,2,180,2,0,0,0,116,109
0.8,0.79,3,217,3,0,0,0,116,108
0.5,0.57,3,223,3,0,0,0,116,108
0.66,0.92,4,229,2,0,0,0,116,108
0.81,0.78,4,159,3,0,0,0,115,108
0.14,0.68,5,253,5,0,0,0,115,108
0.92,0.85,3,235,2,0,0,0,115,108
0.69,0.91,4,186,3,0,0,0,115,108
0.66,0.99,4,263,2,0,0,0,115,108
0.85,0.39,4,239,4,0,0,0,115,108
0.83,0.69,4,151,2,0,0,0,115,108
1,0.49,3,106,4,0,0,0,115,108
0.68,0.65,3,183,4,0,0,0,115,108
0.26,0.97,3,125,2,0,0,0,115,108
0.35,0.41,3,157,2,0,0,0,115,108
0.12,0.58,3,241,2,0,0,0,116,108
0.91,0.93,4,184,3,0,0,0,116,108
0.65,0.67,4,144,3,0,0,0,116,108
0.78,0.72,3,255,4,1,0,0,109,108
0.61,0.82,3,261,4,0,0,0,73,108
0.64,0.51,4,207,2,0,0,0,73,108
0.58,0.73,4,205,4,0,0,0,73,108
0.63,0.76,4,217,2,1,0,0,73,109
0.94,0.6,4,215,2,1,0,0,73,109
0.26,0.81,5,139,4,0,0,0,112,109
0.59,0.69,3,146,3,0,0,0,112,109
0.78,0.8,4,175,3,0,0,0,112,109
0.86,0.64,5,188,3,0,0,0,112,109
0.79,0.73,5,155,3,0,0,0,73,109
0.89,0.73,4,171,4,0,0,0,82,109
0.34,0.99,4,184,3,0,0,0,82,109
0.29,0.77,3,164,6,0,0,0,82,109
0.71,0.89,3,244,4,0,0,0,82,109
0.93,0.58,4,222,2,0,0,0,82,109
0.94,0.76,4,231,3,1,0,0,82,104
0.91,0.72,3,213,3,0,0,0,109,108
0.71,0.96,4,144,4,0,0,0,115,109
0.67,0.81,3,221,4,1,0,0,97,109
0.54,0.42,3,138,3,1,0,0,115,109
0.89,0.58,3,183,4,0,0,0,116,109
0.94,0.91,3,250,3,1,0,0,109,108
0.15,0.89,3,219,6,0,0,0,109,108
0.45,0.92,6,164,4,1,0,0,109,108
0.92,0.67,4,161,4,1,0,0,109,108
0.63,0.56,4,274,5,1,0,0,115,108
0.8,0.66,4,181,3,1,0,0,115,108
0.45,0.72,3,148,2,0,0,0,115,108
0.72,0.54,3,226,2,1,0,0,115,108
0.84,0.36,6,256,5,0,0,0,115,108
0.61,0.51,3,141,2,0,0,0,115,108
0.63,0.88,3,177,3,0,0,0,115,108
0.49,0.54,4,173,2,0,0,0,115,108
0.68,0.51,2,196,3,0,0,0,115,108
0.64,0.85,5,179,2,0,0,0,115,108
0.61,0.64,4,201,3,0,0,0,115,108
0.83,0.55,5,247,3,0,0,0,115,108
0.94,0.51,5,238,2,0,0,0,115,108
0.27,0.66,3,133,6,0,0,0,115,108
0.6,0.49,2,194,4,0,0,0,115,108
0.83,0.69,4,232,2,0,0,0,115,108
0.53,0.75,3,232,3,0,0,0,115,108
0.79,0.97,4,204,3,0,0,0,115,109
0.96,0.49,4,252,3,1,0,0,115,109
0.5,0.56,3,164,3,0,0,0,97,109
0.68,0.81,5,266,2,0,0,0,97,109
0.24,0.54,4,226,4,1,0,0,97,109
0.8,0.8,4,252,6,0,0,0,104,109
0.62,0.74,4,155,3,0,0,0,104,109
1,0.85,3,202,2,0,0,0,104,109
0.64,0.75,3,214,3,0,0,0,104,109
0.51,0.55,4,267,3,0,0,0,116,109
0.74,0.5,4,265,3,0,0,0,116,109
0.49,0.99,3,221,2,1,0,0,116,109
0.96,0.83,4,132,6,0,0,0,116,104
0.59,0.62,4,227,4,1,0,0,116,108
0.84,0.57,4,234,3,0,0,0,116,109
0.16,0.84,3,238,6,0,0,0,116,109
0.62,0.75,3,149,2,1,0,0,116,109
0.79,0.67,4,152,3,0,0,0,116,109
0.53,0.83,4,249,3,1,0,0,116,108
0.17,0.48,6,270,5,0,0,0,116,108
0.57,0.76,3,200,2,0,0,0,115,108
0.65,0.82,4,207,2,0,0,0,115,108
0.69,0.74,4,266,2,1,0,0,115,108
0.3,0.8,6,250,3,0,0,0,115,108
0.99,0.92,3,220,3,0,0,0,115,108
0.5,0.69,4,177,2,0,0,0,115,108
0.54,0.96,3,147,2,0,0,0,115,109
0.69,0.57,4,227,4,0,0,0,115,109
0.5,0.85,4,272,2,0,0,0,115,109
0.66,0.73,3,244,3,0,0,0,115,109
1,0.93,5,182,3,1,0,0,115,109
0.15,0.61,3,146,6,1,0,0,116,109
0.31,0.54,5,259,5,1,0,0,116,109
0.65,0.49,4,184,4,0,0,0,116,109
0.72,0.69,4,149,2,0,0,0,109,109
0.84,0.85,4,185,3,1,0,0,73,109
0.55,0.8,3,254,2,0,0,0,73,109
0.6,0.58,4,249,3,0,0,0,73,109
0.84,0.48,4,269,2,0,0,0,73,109
0.68,0.87,3,168,3,0,0,0,73,109
0.13,1,6,225,3,0,0,0,112,109
0.88,0.98,3,160,2,0,0,0,112,109
0.64,0.57,5,149,3,1,0,0,112,109
0.19,0.95,5,193,3,0,0,0,112,109
0.83,0.88,5,171,3,1,0,0,73,109
0.17,0.41,4,232,3,1,0,0,82,109
0.44,0.74,4,250,6,0,0,0,82,109
0.52,0.55,4,243,2,0,0,0,82,109
0.66,0.62,4,250,2,0,0,0,82,109
0.96,0.55,4,153,3,0,0,0,82,109
0.19,0.5,5,126,3,1,0,0,82,109
0.86,1,3,192,3,0,0,0,109,104
0.65,0.57,3,137,4,1,0,0,115,104
0.61,0.97,3,199,3,1,0,0,97,104
0.53,0.96,3,181,3,1,0,0,115,104
0.14,0.76,5,260,6,0,0,0,116,104
0.74,1,4,199,4,0,0,0,109,104
0.47,0.62,6,171,5,1,0,0,109,104
0.6,0.56,4,260,3,0,0,0,109,104
0.81,0.58,3,243,4,0,0,0,109,104
0.95,0.59,2,154,4,0,0,0,115,104
0.98,0.8,2,201,2,0,0,0,115,104
0.52,0.8,5,234,3,0,0,0,115,104
1,0.97,3,216,3,1,0,0,115,108
0.16,0.74,5,205,4,1,0,0,115,108
0.19,0.83,3,225,4,0,0,0,115,108
0.94,0.87,3,229,3,0,0,0,115,108
0.58,0.43,6,132,3,0,0,0,115,108
0.92,0.69,4,180,3,0,0,0,115,108
0.65,0.8,4,164,4,0,0,0,115,108
0.74,0.74,5,175,3,0,0,0,115,108
0.6,0.53,5,103,2,0,0,0,115,108
1,1,5,142,4,0,0,0,115,108
0.81,0.96,4,212,3,0,0,0,115,108
0.54,0.67,2,129,3,1,0,0,115,108
0.18,0.81,5,140,4,0,0,0,115,108
0.82,0.88,4,149,2,0,0,0,115,108
0.9,0.96,2,258,2,0,0,0,115,108
0.62,0.62,4,136,2,0,0,0,115,109
0.77,0.76,2,216,3,1,0,0,97,109
0.58,0.86,3,151,2,0,0,0,97,109
0.27,0.47,5,217,6,0,0,0,97,109
0.78,0.72,4,219,3,0,0,0,104,109
0.98,0.66,3,150,3,0,0,0,104,109
0.75,0.5,4,98,4,0,0,0,104,109
0.74,0.67,5,140,3,0,0,0,104,109
0.9,0.99,3,259,3,1,0,0,116,109
0.73,0.71,5,215,6,1,0,0,116,109
0.9,0.62,4,258,3,0,0,0,116,109
0.68,0.91,4,162,3,1,0,0,116,109
0.9,0.74,3,260,4,0,0,0,116,104
0.64,0.93,5,198,2,0,0,0,116,104
0.63,0.9,2,242,3,1,0,0,116,104
0.87,0.89,4,219,4,0,0,0,116,104
0.6,0.55,4,204,3,0,0,0,116,104
0.7,0.74,3,157,3,0,0,0,116,104
0.15,0.94,5,244,6,0,0,0,116,104
0.45,0.75,3,122,3,0,0,0,115,104
0.43,0.9,5,282,5,0,0,0,115,108
0.92,0.46,5,195,5,0,0,0,115,108
0.72,0.81,4,134,2,0,0,0,115,108
0.94,0.84,3,210,2,0,0,0,115,108
0.74,0.52,3,170,3,0,0,0,115,108
0.48,0.71,2,140,3,1,0,0,115,108
0.84,0.76,5,215,2,1,0,0,115,108
0.53,0.86,3,150,3,0,0,0,115,108
0.45,0.88,5,268,3,1,0,0,115,109
0.95,0.67,4,270,4,0,0,0,115,109
0.95,0.58,3,163,3,0,0,0,116,109
0.7,0.85,3,188,2,0,0,0,116,109
0.19,0.93,3,110,4,0,0,0,116,109
0.74,0.91,5,135,3,0,0,0,109,109
0.54,0.59,4,228,3,0,0,0,73,109
0.5,0.69,5,172,2,0,0,0,73,109
0.95,0.72,3,168,5,0,0,0,73,109
0.69,0.69,5,160,3,0,0,0,73,109
0.24,0.74,5,282,3,0,0,0,73,109
0.96,0.7,5,184,2,1,0,0,112,109
0.61,0.5,4,217,4,1,0,0,112,109
0.76,0.53,6,281,3,0,0,0,112,109
0.61,0.64,3,245,2,0,0,0,112,109
0.37,0.48,2,285,5,0,0,0,73,109
0.81,0.9,4,165,3,0,0,0,82,109
0.59,0.9,3,146,3,0,0,0,82,109
0.73,0.82,3,133,3,0,0,0,82,109
0.87,0.57,2,181,6,0,0,0,82,109
0.67,0.66,6,152,3,0,0,0,82,109
0.96,0.78,2,284,3,0,0,0,82,109
0.98,0.51,3,157,3,0,0,0,109,109
0.5,0.58,4,165,2,0,0,0,115,104
0.49,0.71,3,255,2,1,0,0,97,108
0.13,0.65,4,194,4,0,0,0,115,109
0.57,0.68,3,102,6,0,0,0,116,109
0.51,0.94,4,247,2,0,0,0,109,109
0.99,0.69,3,206,2,0,0,0,109,109
0.8,0.77,3,171,2,0,0,0,109,109
0.56,0.39,5,263,4,0,0,0,109,109
0.96,0.84,4,272,4,1,0,0,115,109
0.96,0.5,3,158,2,1,0,0,115,109
0.87,0.53,6,216,6,1,0,0,115,109
0.61,0.9,5,113,3,0,0,0,115,109
0.18,0.6,3,140,4,0,0,0,115,108
0.24,0.77,5,178,5,0,0,0,115,108
0.86,0.48,4,153,3,0,0,0,115,108
0.25,0.62,6,271,5,0,0,0,115,108
0.25,0.82,3,269,5,0,0,0,115,108
0.63,0.55,3,160,3,0,0,0,115,108
0.89,0.68,4,258,2,1,0,0,115,108
0.87,0.82,4,251,3,0,0,0,115,104
0.87,0.78,3,170,2,0,0,0,115,108
0.71,0.99,4,238,4,1,0,0,115,104
0.98,0.87,4,152,2,0,0,0,115,104
0.16,0.51,3,262,6,0,0,0,115,108
0.83,0.68,4,273,2,0,0,0,115,108
0.65,0.77,3,233,2,0,0,0,115,104
0.95,0.64,3,262,3,0,0,0,115,108
0.67,0.67,3,183,3,0,0,0,97,109
0.53,0.88,3,150,3,1,0,0,97,104
0.74,0.94,3,132,3,0,0,0,97,109
0.77,0.79,3,200,4,0,0,0,104,109
0.13,0.72,4,148,5,0,0,0,104,109
0.82,0.92,3,187,3,1,0,0,104,109
0.88,0.65,4,224,2,0,0,0,104,104
0.89,0.5,4,147,2,0,0,0,116,109
0.85,0.51,3,153,4,0,0,0,116,109
0.93,0.87,5,154,2,0,0,0,116,109
0.62,0.7,5,270,3,0,0,0,116,104
0.58,0.96,3,202,2,0,0,0,116,109
0.98,0.5,4,264,3,0,0,0,116,104
0.52,0.45,2,145,3,0,0,0,116,108
0.76,0.49,3,138,2,1,0,0,116,109
0.73,0.91,3,238,2,0,0,0,116,109
0.74,0.64,4,147,5,0,0,0,116,109
0.49,0.48,3,190,2,0,0,0,116,109
0.91,0.97,4,183,3,0,0,0,115,108
0.74,0.92,5,255,3,0,0,0,115,108
0.86,0.82,4,252,4,0,0,0,115,108
0.52,0.47,6,141,5,1,0,0,115,108
0.95,0.81,3,260,2,0,0,0,115,108
0.65,0.98,3,136,3,0,0,0,115,108
0.7,0.56,4,182,2,0,0,0,115,108
0.14,0.66,6,142,5,0,0,0,115,108
0.92,0.53,2,261,4,0,0,0,115,108
0.54,0.6,3,209,2,0,0,0,115,108
0.76,0.95,2,156,4,0,0,0,115,104
0.78,0.66,4,214,2,0,0,0,116,108
0.85,0.86,4,250,3,0,0,0,116,108
0.78,0.8,4,197,3,1,0,0,116,108
0.55,0.72,3,149,3,0,0,0,109,108
0.68,0.61,5,271,2,0,0,0,73,104
0.91,0.68,4,187,2,0,0,0,73,108
0.76,0.56,3,154,2,0,0,0,73,108
0.15,0.67,4,264,3,0,0,0,73,108
0.95,0.6,2,144,3,0,0,0,73,104
0.74,0.37,6,200,3,0,0,0,112,108
0.92,0.56,5,197,2,1,0,0,112,109
0.64,0.89,3,175,3,1,0,0,112,104
0.96,0.9,3,161,3,0,0,0,112,109
0.21,0.72,3,245,6,0,0,0,73,104
0.85,0.67,3,167,4,0,0,0,82,109
0.52,0.86,5,168,3,0,0,0,82,109
0.54,0.81,5,261,6,0,0,0,82,109
0.56,0.81,5,274,4,0,0,0,82,109
0.59,0.79,4,181,3,0,0,0,82,109
0.88,0.58,5,266,3,1,0,0,109,109
0.7,0.84,4,184,3,0,0,0,115,109
0.95,0.58,3,193,2,0,0,0,97,109
0.83,0.88,3,217,2,1,0,0,115,104
0.76,0.62,4,197,3,0,0,0,116,108
0.82,0.92,5,252,3,0,0,0,109,109
0.55,0.97,4,136,3,0,0,0,109,109
0.89,0.55,5,194,4,0,0,0,109,109
0.66,0.94,4,190,3,0,0,0,109,109
0.41,0.61,3,185,2,1,0,0,115,109
0.83,0.77,3,232,2,1,0,0,115,109
0.88,0.72,3,200,2,1,0,0,115,109
0.56,0.66,5,155,2,0,0,0,115,109
0.53,0.72,3,228,3,0,0,0,115,109
0.8,0.41,3,188,4,0,0,0,115,104
0.95,0.78,4,245,3,0,0,0,115,108
0.9,0.88,4,205,2,0,0,0,115,108
0.5,0.97,4,269,3,0,0,0,115,108
0.4,0.59,3,207,6,0,0,0,115,104
0.52,0.85,3,250,4,0,0,0,115,108
0.51,0.5,5,251,3,1,0,0,115,108
0.84,0.62,5,217,3,0,0,0,115,108
0.78,0.98,5,252,3,0,0,0,115,104
0.91,0.71,2,159,3,1,0,0,115,108
0.59,0.71,5,169,2,0,0,0,115,108
0.69,0.97,5,105,4,0,0,0,115,108
0.87,0.93,4,268,2,0,0,0,115,108
0.66,1,5,145,2,0,0,0,115,108
0.5,0.54,4,165,3,0,0,0,97,108
0.95,0.75,3,253,4,0,0,0,97,108
0.77,0.64,3,254,3,0,0,0,97,109
0.66,0.5,3,218,2,0,0,0,104,109
0.61,0.98,3,138,5,1,0,0,104,109
0.7,0.87,5,239,3,0,0,0,104,109
0.89,0.71,5,182,2,1,0,0,104,109
0.6,0.78,4,152,3,1,0,0,116,109
0.62,0.51,3,222,3,1,0,0,116,109
0.59,0.9,2,219,2,1,0,0,116,109
0.69,0.59,4,266,4,0,0,0,116,109
0.36,0.94,3,113,5,1,0,0,116,109
0.59,0.93,4,146,3,0,0,0,116,109
0.5,0.51,5,238,4,0,0,0,116,109
0.53,0.99,3,188,3,0,0,0,116,104
0.84,0.9,4,237,2,0,0,0,116,108
0.51,0.95,4,201,3,0,0,0,116,109
0.53,0.56,5,188,3,0,0,0,116,109
0.98,0.63,3,137,3,0,0,0,115,109
0.95,0.81,4,263,3,0,0,0,115,109
0.13,0.76,5,217,3,0,0,0,115,108
0.5,0.64,4,213,4,0,0,0,115,108
0.93,0.76,3,244,3,0,0,0,115,108
0.5,0.87,3,252,2,0,0,0,115,108
0.66,0.84,4,168,2,0,0,0,115,108
0.89,0.79,4,212,3,0,0,0,115,108
0.46,0.43,4,258,3,0,0,0,115,108
0.67,0.6,4,210,3,0,0,0,115,108
0.96,0.9,4,246,3,0,0,0,115,108
0.98,0.76,4,221,3,1,0,0,116,108
0.67,0.57,5,215,4,0,0,0,116,108
0.72,0.72,4,175,4,0,0,0,116,108
0.65,0.49,5,221,2,0,0,0,109,108
0.72,0.67,5,219,3,0,0,0,73,108
0.78,0.58,3,154,3,0,0,0,73,108
0.93,0.56,3,266,2,0,0,0,73,108
0.73,0.85,5,224,4,0,0,0,73,108
0.2,0.57,4,269,5,1,0,0,73,108
0.47,0.5,4,159,2,0,0,0,112,108
0.56,0.62,4,247,3,0,0,0,112,108
0.72,0.86,4,137,2,0,0,0,112,108
0.91,0.56,4,251,4,0,0,0,112,109
0.79,0.49,5,210,3,0,0,0,73,109
0.53,0.75,2,123,4,0,0,0,82,109
0.14,0.51,4,253,6,0,0,0,82,109
0.78,0.92,5,242,4,0,0,0,82,109
0.52,0.74,3,238,3,0,0,0,82,109
0.94,0.68,5,151,2,0,0,0,82,109
0.83,0.8,4,158,4,0,0,0,109,109
0.44,0.68,2,120,2,0,0,0,109,109
0.72,0.74,3,187,2,0,0,0,115,109
0.84,0.58,3,140,3,0,0,0,97,109
0.76,0.99,3,164,2,0,0,0,115,109
0.92,0.94,5,253,2,0,0,0,116,104
0.58,0.93,5,235,2,0,0,0,109,108
0.85,0.81,4,189,4,0,0,0,109,109
0.74,0.51,4,246,3,1,0,0,109,109
0.74,0.87,4,258,2,0,0,0,109,109
0.72,0.8,3,158,3,0,0,0,115,109
0.76,0.98,4,173,3,1,0,0,115,108
0.85,0.72,3,201,3,0,0,0,115,108
0.82,0.49,5,185,3,0,0,0,115,108
0.6,0.93,5,270,3,1,0,0,115,108
0.39,0.64,3,152,2,0,0,0,115,108
0.83,0.53,3,211,4,1,0,0,115,108
0.7,0.92,3,162,3,1,0,0,115,108
0.84,0.97,4,253,2,1,0,0,115,108
0.9,0.77,4,236,3,0,0,0,115,108
0.18,0.84,4,231,5,0,0,0,115,108
0.52,0.71,2,231,2,0,0,0,115,108
0.87,0.51,4,233,3,0,0,0,115,108
0.6,0.79,5,217,2,0,0,0,115,108
0.72,0.93,4,174,2,0,0,0,115,108
0.48,0.64,4,227,3,0,0,0,115,108
0.75,0.53,3,222,2,0,0,0,115,108
0.85,0.55,2,207,6,0,0,0,115,108
0.39,0.41,6,115,3,0,0,0,115,108
0.61,0.68,3,254,2,0,0,0,97,108
0.6,0.61,4,170,3,0,0,0,97,108
0.57,0.64,2,206,3,0,0,0,97,108
0.19,0.68,5,149,3,0,0,0,104,109
0.48,0.77,3,197,3,0,0,0,104,109
0.69,0.75,4,261,3,0,0,0,104,109
0.7,0.55,4,256,4,0,0,0,104,109
0.65,0.92,3,219,3,0,0,0,116,109
0.81,0.96,4,143,3,1,0,0,116,109
0.85,0.95,4,171,3,0,0,0,116,109
0.93,0.76,4,207,2,0,0,0,116,109
0.72,0.94,4,235,3,0,0,0,116,109
0.49,0.55,2,173,3,0,0,0,116,109
0.94,0.47,5,131,6,0,0,0,116,109
0.81,0.84,4,143,2,0,0,0,116,109
0.92,0.78,5,193,4,0,0,0,116,104
0.97,0.82,3,135,2,0,0,0,116,108
0.98,0.61,4,265,2,1,0,0,116,109
0.44,0.45,3,133,2,1,0,0,115,109
0.72,0.87,4,184,4,0,0,0,115,109
0.8,0.73,5,135,3,0,0,0,115,109
0.6,0.72,4,267,4,0,0,0,115,108
0.89,0.65,4,184,3,0,0,0,115,108
0.69,0.57,5,227,2,0,0,0,115,108
0.54,0.81,4,257,2,0,0,0,115,108
0.97,0.75,5,235,3,1,0,0,115,108
0.37,0.4,4,161,2,0,0,0,115,108
0.73,0.52,4,215,3,0,0,0,115,108
0.57,0.69,4,146,3,0,0,0,115,108
0.86,0.66,4,191,2,0,0,0,116,108
0.83,0.85,4,261,3,0,0,0,116,108
0.19,0.52,5,200,5,0,0,0,116,108
0.55,0.93,4,239,4,0,0,0,109,108
0.6,0.65,4,160,2,0,0,0,73,108
0.62,0.71,3,177,3,1,0,0,73,108
0.65,0.55,5,215,2,0,0,0,73,108
0.4,0.48,4,97,2,0,0,0,73,108
0.82,0.78,5,231,2,1,0,0,73,108
0.75,0.69,2,257,2,1,0,0,112,108
0.83,0.53,3,232,3,1,0,0,112,108
0.77,0.78,4,212,3,0,0,0,112,108
0.59,0.98,4,198,3,0,0,0,112,108
0.8,0.79,5,240,4,0,0,0,73,109
0.84,0.55,3,242,3,0,0,0,82,109
0.88,0.71,4,250,3,0,0,0,82,109
0.37,0.9,3,229,6,0,0,0,82,109
0.88,0.66,4,133,2,0,0,0,82,109
0.69,0.85,3,200,2,0,0,0,82,109
0.54,0.49,2,155,2,1,0,0,109,109
0.76,0.57,5,139,4,0,0,0,115,109
0.51,0.58,4,272,3,0,0,0,97,109
0.16,0.52,3,100,4,0,0,0,115,109
0.65,0.6,5,160,3,0,0,0,116,109
0.54,0.81,5,195,4,0,0,0,109,109
0.66,0.68,4,152,3,0,0,0,109,104
0.95,0.65,5,182,3,0,0,0,109,108
0.83,0.57,3,137,2,0,0,0,109,109
0.98,0.84,4,182,3,0,0,0,115,109
0.72,0.72,3,217,2,0,0,0,115,109
0.71,0.62,4,192,4,0,0,0,115,109
0.36,0.65,3,116,2,1,0,0,115,108
0.55,0.65,4,170,4,0,0,0,115,108
0.64,0.52,3,223,3,0,0,0,115,108
0.62,0.57,3,174,2,0,0,0,115,108
1,0.95,3,193,6,0,0,0,115,108
0.91,0.91,6,167,2,1,0,0,115,108
0.81,0.67,4,225,3,0,0,0,115,108
0.71,0.92,4,248,3,1,0,0,115,108
0.97,0.74,3,104,5,0,0,0,115,108
0.75,0.86,6,148,4,0,0,0,115,108
0.68,1,3,148,4,1,0,0,115,108
0.87,0.68,5,187,3,0,0,0,115,108
0.96,0.57,3,151,2,0,0,0,115,108
0.41,0.86,6,215,5,0,0,0,115,108
0.81,0.61,4,142,4,0,0,0,115,108
0.68,1,6,258,5,0,0,0,115,108
0.63,0.56,4,228,3,0,0,0,97,108
0.6,0.84,2,221,3,0,0,0,97,108
0.66,0.97,3,263,3,0,0,0,97,109
0.69,0.82,4,273,4,0,0,0,104,109
0.23,0.37,3,247,4,0,0,0,104,109
0.52,0.63,3,225,3,0,0,0,104,109
0.65,0.86,4,269,2,1,0,0,104,109
0.78,0.4,6,174,3,0,0,0,116,109
0.6,0.65,5,201,2,0,0,0,116,109
0.9,0.62,3,254,3,0,0,0,116,109
0.59,0.95,5,254,2,0,0,0,116,109
0.89,0.78,3,185,2,1,0,0,116,109
0.96,0.85,4,200,4,0,0,0,116,109
0.68,0.76,3,190,3,1,0,0,116,109
0.52,0.72,2,160,2,0,0,0,116,104
0.68,0.94,3,264,2,0,0,0,116,108
0.6,0.59,3,172,3,0,0,0,116,109
0.28,0.83,5,279,4,0,0,0,116,109
0.98,0.54,5,260,3,0,0,0,115,109
0.67,0.52,4,262,2,0,0,0,115,109
0.86,0.6,5,134,2,1,0,0,115,108
0.83,0.9,3,195,3,0,0,0,115,108
0.79,0.86,3,139,3,0,0,0,115,108
0.54,0.86,4,205,5,0,0,0,115,108
0.51,0.86,5,212,2,0,0,0,115,108
0.75,0.65,4,148,2,0,0,0,115,108
0.51,0.67,4,228,3,0,0,0,115,108
0.73,0.74,5,230,3,0,0,0,115,108
0.17,0.4,4,286,3,0,0,0,115,108
0.88,0.59,4,142,3,0,0,0,116,108
0.76,0.79,3,161,3,0,0,0,116,108
0.29,0.77,3,152,3,1,0,0,116,108
0.62,0.97,4,266,3,0,0,0,109,108
0.5,0.85,2,143,3,0,0,0,73,108
0.16,0.65,5,165,3,0,0,0,73,108
0.18,0.99,4,204,6,0,0,0,73,108
0.86,0.68,4,170,2,0,0,0,73,108
0.68,0.52,5,203,3,0,0,0,73,108
0.68,0.85,3,199,3,0,0,0,112,108
0.89,0.78,4,223,3,0,0,0,112,108
0.86,0.88,4,220,2,0,0,0,112,108
0.43,0.41,4,190,3,0,0,0,112,109
0.85,0.58,4,143,6,1,0,0,73,109
0.94,0.8,5,111,4,0,0,1,82,109
0.58,0.71,4,145,3,1,0,1,82,109
0.43,0.6,3,138,3,0,0,1,82,109
0.72,0.49,3,203,3,0,0,1,82,109
0.95,0.96,5,175,3,1,0,1,82,109
0.35,0.67,3,119,3,0,0,1,109,109
0.77,0.79,3,157,3,0,0,1,115,109
0.74,0.7,5,135,2,0,0,1,97,109
0.5,0.6,4,200,2,0,0,1,115,109
0.87,0.56,4,121,2,0,0,1,116,109
0.55,0.48,3,162,3,0,0,1,109,104
0.8,0.65,3,135,3,0,0,1,109,108
0.49,0.52,4,183,2,0,0,1,109,109
0.54,0.92,4,228,3,0,0,1,109,109
0.21,0.87,4,148,5,0,0,0,115,109
0.77,0.77,3,219,2,0,0,0,115,109
0.53,0.73,4,147,3,0,0,0,115,108
0.89,0.49,5,165,6,0,0,0,115,108
0.25,0.59,4,218,3,1,0,0,115,108
0.53,0.59,3,231,2,0,0,0,115,108
0.44,0.45,2,124,3,0,0,0,115,108
0.7,0.44,2,131,2,0,0,0,115,108
0.54,0.76,3,199,4,0,0,0,115,108
0.9,0.56,3,220,3,0,0,0,115,108
0.69,0.8,5,215,3,0,0,0,115,108
0.78,0.59,4,180,3,0,0,0,115,108
0.91,0.49,6,272,6,0,0,0,115,108
0.92,0.61,2,228,2,0,0,0,115,108
0.96,0.88,3,168,2,0,0,0,115,108
0.8,0.77,4,205,2,0,0,0,115,108
0.52,0.67,3,244,3,0,0,0,115,108
0.52,0.97,3,185,2,0,0,0,115,108
0.93,0.96,5,135,3,1,0,0,115,108
0.89,0.9,4,160,2,0,0,0,97,108
0.83,0.61,4,262,4,0,0,0,97,108
0.7,0.84,6,225,6,0,0,0,97,108
0.89,0.74,4,174,2,0,0,0,104,108
0.21,0.37,6,266,3,0,0,1,104,109
0.67,0.78,4,241,4,0,0,1,104,109
0.73,0.97,3,245,2,0,0,1,104,109
0.85,0.51,3,261,4,0,0,1,116,109
0.54,0.85,4,157,3,0,0,1,116,109
0.74,0.94,3,286,6,0,0,1,116,109
0.71,0.65,4,263,2,1,0,1,116,109
0.76,0.52,2,229,3,0,0,1,116,109
0.85,0.5,4,159,2,0,0,1,116,109
0.82,0.89,4,196,3,0,0,1,116,109
0.71,0.79,4,133,3,0,0,1,116,109
0.79,0.65,5,228,3,0,0,1,116,109
0.86,0.56,4,247,3,0,0,1,116,104
0.9,0.78,5,215,3,0,0,1,116,108
0.65,0.8,6,233,3,1,0,1,115,109
0.53,0.74,5,237,2,0,0,1,115,109
0.51,0.91,4,269,5,0,0,1,115,109
1,0.76,6,246,3,1,0,1,115,109
0.92,0.82,4,168,3,0,0,1,115,108
1,0.59,3,168,3,0,0,1,115,108
0.23,0.67,4,163,5,0,0,1,115,108
0.52,0.77,3,142,2,0,0,1,115,108
0.8,0.83,4,183,2,1,0,1,115,108
0.59,0.72,4,264,3,0,0,0,115,108
0.75,0.55,2,184,2,0,0,0,115,108
0.99,0.58,4,138,3,0,0,0,116,108
0.57,0.76,3,195,3,0,0,0,116,109
0.87,0.95,4,251,3,0,0,0,116,109
0.52,0.47,3,108,5,0,0,0,109,109
0.57,0.9,3,144,2,0,0,0,73,109
0.32,0.77,6,112,4,0,0,0,73,109
0.66,0.81,2,201,3,0,0,0,73,109
0.53,0.8,4,204,3,0,0,0,73,109
0.55,0.62,5,226,3,0,0,0,73,109
0.66,0.9,3,217,4,0,0,0,112,109
0.69,0.92,4,149,2,0,0,0,112,109
0.67,0.99,5,237,3,0,0,0,112,109
0.75,0.37,3,256,3,0,0,0,112,109
0.7,0.98,4,194,2,0,0,0,73,109
0.71,0.74,3,202,2,0,0,0,82,109
0.97,0.6,5,133,2,0,0,0,82,109
0.5,0.48,3,246,3,0,0,0,82,109
0.34,0.92,3,206,3,0,0,0,82,109
0.67,0.74,3,204,3,0,0,0,82,109
0.78,0.98,4,157,3,0,0,0,109,109
0.52,0.91,4,187,2,0,0,0,115,109
0.91,0.51,2,211,2,0,0,0,97,109
0.79,0.92,3,204,3,0,0,0,115,109
0.83,0.53,5,182,2,1,0,0,116,109
0.74,0.76,3,244,3,0,0,0,109,109
0.77,0.97,3,184,3,1,0,0,109,109
0.49,0.71,2,117,3,0,0,0,109,104
0.94,0.89,3,230,3,1,0,0,109,104
0.99,0.91,3,241,2,0,0,0,115,104
0.69,0.84,3,227,3,1,0,0,115,104
0.88,0.59,5,147,4,0,0,0,115,104
0.89,0.9,3,240,3,0,0,0,115,104
0.8,0.58,4,238,2,0,0,0,115,104
0.22,0.89,4,262,4,0,0,0,115,104
0.87,0.83,4,215,2,0,0,0,115,104
0.66,0.66,3,211,4,0,0,0,115,104
0.9,0.68,3,156,3,1,0,0,115,104
0.95,0.54,4,180,5,0,0,0,115,104
0.49,0.56,4,260,6,0,0,0,115,108
0.71,0.68,4,228,2,0,0,0,115,108
0.2,0.96,2,249,3,0,0,0,115,108
0.95,0.64,3,242,5,1,0,0,115,108
0.68,0.8,2,254,2,1,0,0,115,108
0.93,0.68,3,272,2,1,0,0,115,108
0.85,0.57,5,210,3,0,0,0,115,108
0.82,0.68,3,140,2,0,0,0,115,108
0.87,0.42,5,252,5,0,0,0,115,108
0.88,0.84,3,266,3,0,0,0,97,108
0.98,0.79,4,138,3,0,0,0,97,108
0.89,0.98,3,220,3,0,0,0,97,108
0.92,0.51,5,214,3,0,0,0,104,108
0.48,0.6,2,121,5,0,0,0,104,108
0.67,0.49,4,195,3,0,0,0,104,108
0.84,0.55,3,135,3,0,0,0,104,109
0.97,0.78,4,261,2,0,0,0,116,109
0.65,0.53,5,205,3,1,0,0,116,109
0.79,0.87,5,240,2,1,0,0,116,109
0.75,0.75,2,141,4,0,0,0,116,109
0.69,0.64,4,200,3,0,0,0,116,109
0.85,0.6,4,257,3,0,0,0,116,109
0.34,0.41,2,141,3,0,0,0,116,109
0.97,0.68,3,185,2,0,0,0,116,109
0.39,0.99,6,235,6,0,0,0,116,109
0.54,0.81,4,264,4,0,0,0,116,109
0.78,0.67,4,260,3,0,0,0,116,109
0.49,0.79,4,158,3,0,0,0,115,104
0.17,0.83,6,195,5,0,0,0,115,104
0.98,0.81,3,180,2,1,0,0,115,104
0.9,1,2,114,5,0,0,0,115,104
0.24,0.89,5,228,4,1,0,0,115,104
0.92,0.79,5,243,3,1,0,0,115,104
0.36,0.72,3,179,3,0,0,0,115,104
0.19,0.76,2,158,3,0,0,0,115,104
0.75,0.76,4,254,4,0,0,0,115,108
0.91,0.81,3,220,3,1,0,0,115,108
0.72,0.95,5,171,3,0,0,0,115,108
0.62,0.64,4,142,2,0,0,0,116,108
0.97,0.75,3,241,2,0,0,0,116,108
0.69,0.64,3,275,3,0,0,0,116,108
0.98,0.56,3,157,2,0,0,0,109,108
0.62,0.53,5,169,3,0,0,0,73,108
0.59,0.82,2,233,2,0,0,0,73,109
0.73,0.98,4,160,3,0,0,0,73,109
0.71,0.79,3,189,3,0,0,0,73,109
0.85,0.58,4,273,4,0,0,0,73,109
0.8,0.94,4,141,3,1,0,0,112,109
0.48,0.38,3,134,3,0,0,0,112,109
0.64,0.4,3,248,3,0,0,0,112,109
0.19,0.64,6,222,5,0,0,0,112,109
0.82,0.69,5,219,3,0,0,0,73,109
0.99,0.96,4,202,3,0,0,0,82,109
0.45,0.58,3,200,2,0,0,0,82,109
0.89,0.89,3,138,2,0,0,0,82,109
0.75,0.78,4,158,5,1,0,0,82,109
0.8,0.86,3,136,2,0,0,0,82,109
0.78,0.49,4,222,2,0,0,0,109,109
0.95,0.76,3,236,2,1,0,0,115,109
0.68,0.67,4,135,2,0,0,0,97,109
0.82,0.97,5,235,3,0,0,0,115,109
0.9,0.69,4,274,2,0,0,0,116,109
0.59,0.99,3,235,2,0,0,0,109,109
0.66,0.57,3,169,4,1,0,0,109,109
0.63,0.56,5,286,4,0,0,0,109,109
0.73,0.78,3,166,2,0,0,0,109,109
0.63,0.93,3,236,4,0,0,0,115,104
0.87,0.62,5,197,2,0,0,0,115,108
0.62,0.87,6,169,2,1,0,0,115,109
0.53,0.9,3,210,3,0,0,0,115,109
0.94,0.83,4,156,2,0,0,0,115,109
0.94,0.55,5,231,2,0,0,0,115,109
0.55,0.64,3,101,2,1,0,0,115,109
0.58,0.72,4,259,3,0,0,0,115,109
0.98,0.88,5,203,5,1,0,0,115,109
0.74,0.76,5,255,4,0,0,0,115,109
0.65,0.48,3,131,3,1,0,0,115,109
0.97,0.79,2,272,2,0,0,0,115,109
0.58,0.75,4,253,2,0,0,0,115,108
0.49,0.77,2,254,2,0,0,0,115,108
0.69,0.98,3,214,2,0,0,0,115,108
0.55,0.49,5,195,3,0,0,0,115,108
0.65,0.89,4,240,3,0,0,0,115,108
0.87,0.49,4,149,2,0,0,0,115,108
0.12,0.7,4,276,4,0,0,0,115,108
0.65,0.84,4,247,4,0,0,0,97,104
0.23,0.66,4,212,4,1,0,0,97,108
0.62,0.77,4,256,3,0,0,0,97,104
0.86,0.72,4,178,2,0,0,0,104,104
0.85,0.6,4,255,4,0,0,0,104,108
0.74,0.76,3,224,2,0,0,0,104,108
0.53,0.76,2,204,4,0,0,0,104,104
0.99,0.44,6,104,6,0,0,0,116,108
0.48,0.81,5,113,3,0,0,0,116,109
0.72,0.74,3,243,2,0,0,0,116,104
0.76,0.72,3,242,5,1,0,0,116,109
0.41,0.7,4,177,3,0,0,0,116,109
0.85,0.88,3,235,2,0,0,0,116,109
0.62,0.49,4,175,3,0,0,0,116,109
0.16,0.78,4,280,6,0,0,0,116,104
0.58,0.61,3,205,2,0,0,0,116,109
0.73,0.95,4,243,3,0,0,0,116,109
0.28,0.76,3,150,2,0,0,0,116,109
0.77,0.61,4,178,2,1,0,0,115,104
0.85,0.86,3,231,3,0,0,0,115,109
0.56,0.76,3,134,2,0,0,0,115,104
0.81,1,5,143,2,0,0,0,115,108
0.83,0.87,3,156,3,0,0,0,115,109
0.49,0.48,4,249,3,0,0,0,115,109
0.81,0.97,3,247,3,0,0,0,115,109
0.56,0.92,5,222,4,0,0,0,115,109
0.77,0.83,3,160,3,0,0,0,115,108
0.73,0.5,4,224,4,1,0,0,115,108
0.95,0.72,4,235,2,0,0,0,115,108
0.69,0.68,5,167,3,0,0,0,116,108
0.79,0.89,3,104,4,0,0,0,116,108
0.63,0.57,5,160,2,0,0,0,116,108
0.8,0.79,4,168,3,0,0,0,109,108
0.64,0.61,2,153,2,0,0,0,73,108
0.92,0.9,4,249,3,0,0,0,73,108
0.96,0.75,4,177,2,0,0,0,73,108
0.56,0.85,3,225,3,0,0,0,73,104
0.37,0.61,3,186,2,0,0,0,73,108
0.5,0.82,3,133,2,1,0,0,112,108
0.49,0.58,4,213,4,1,0,0,112,108
1,0.73,3,245,2,1,0,0,112,108
0.82,0.75,5,160,3,1,0,0,112,104
0.52,0.54,4,212,3,0,0,0,73,108
0.76,0.96,4,135,3,1,0,1,82,108
0.2,0.53,3,149,4,0,0,1,82,108
0.6,0.9,4,178,3,0,0,1,82,104
0.69,0.9,6,224,4,0,0,1,82,108
0.93,0.51,3,196,2,0,0,1,82,109
0.7,0.64,4,178,3,1,0,1,109,104
0.56,0.54,4,191,2,1,0,1,115,109
0.97,0.61,4,167,3,0,0,1,97,104
0.24,0.65,6,275,5,1,0,1,115,109
0.83,0.91,3,168,3,0,0,1,116,109
0.55,0.85,3,152,2,0,0,1,109,109
0.68,0.99,3,263,3,1,0,1,109,109
0.48,0.53,3,113,4,0,0,0,109,109
0.75,0.95,3,253,3,0,0,0,109,109
0.61,0.5,4,271,3,1,0,0,115,109
0.5,0.74,4,165,2,1,0,0,115,109
0.78,0.54,5,257,3,0,0,0,115,104
0.61,0.68,4,244,3,0,0,0,115,108
0.48,0.5,4,179,3,0,0,0,115,109
0.93,0.92,3,248,2,0,0,0,115,109
0.78,0.58,3,224,2,0,0,0,115,109
0.92,0.99,5,236,4,0,0,0,115,109
0.71,0.98,5,213,3,0,0,0,115,109
0.15,0.42,4,238,3,0,0,0,115,109
0.14,0.83,5,153,5,1,0,0,115,109
0.56,0.72,4,247,2,0,0,0,115,109
1,0.84,3,154,3,0,0,0,115,109
0.77,0.82,3,147,4,0,0,0,115,104
0.86,0.66,3,150,2,0,0,0,115,108
0.88,0.95,3,137,3,0,0,0,115,108
0.85,0.84,5,179,3,0,0,0,115,108
0.95,0.56,5,194,2,0,0,0,115,104
0.65,0.65,4,224,3,0,0,0,115,108
0.7,0.55,3,253,2,1,0,0,97,108
0.6,0.55,3,177,3,1,0,0,97,108
0.84,0.83,3,215,3,0,0,0,97,104
0.23,0.59,5,245,5,0,0,0,104,108
0.89,0.75,3,134,3,0,0,0,104,108
0.98,0.91,4,273,2,0,0,0,104,108
0.88,0.83,4,163,3,0,0,0,104,108
0.87,0.52,3,152,4,0,0,0,116,108
0.93,0.96,3,268,4,0,0,0,116,108
0.13,0.95,5,149,2,0,0,0,116,108
0.99,0.56,6,128,4,0,0,0,116,109
0.52,0.51,3,218,2,1,0,0,116,109
0.58,0.98,3,146,3,0,0,0,116,109
0.85,0.57,5,190,2,1,0,0,116,109
0.41,0.59,2,182,3,0,0,0,116,109
1,0.8,5,162,3,1,0,0,116,109
0.63,0.64,3,243,3,0,0,0,116,109
0.63,0.58,4,141,3,1,0,0,116,109
0.63,0.9,3,142,3,0,0,0,115,109
0.59,0.62,3,203,4,0,0,0,115,109
0.88,0.77,4,168,4,0,0,0,115,109
0.72,0.7,3,149,3,0,0,0,115,109
0.67,0.81,4,168,2,0,0,0,115,104
0.41,0.54,2,190,4,0,0,0,115,108
0.3,0.68,3,229,6,0,0,0,115,109
0.83,0.84,3,249,2,0,0,0,115,109
0.73,0.93,4,162,2,1,0,0,115,109
0.87,0.9,4,163,2,0,0,0,115,109
0.93,0.74,2,169,4,0,0,0,115,108
0.97,0.91,4,257,3,1,0,0,116,108
0.7,0.54,4,150,4,0,0,0,116,108
0.66,0.95,4,183,3,0,0,0,116,108
0.62,0.66,3,208,3,0,0,0,109,108
0.56,0.52,4,158,2,0,0,0,73,108
0.32,0.72,2,240,5,0,0,0,73,108
0.55,0.81,5,251,3,0,0,0,73,108
0.69,0.91,5,205,2,0,0,0,73,108
0.91,0.63,4,226,3,1,0,0,73,108
0.33,0.82,5,249,6,0,0,0,112,108
0.37,0.74,2,197,3,0,0,0,112,108
0.95,0.57,5,216,3,0,0,0,112,108
0.17,0.91,4,260,5,0,0,0,112,108
0.95,0.53,4,263,3,0,0,0,73,108
0.27,0.69,2,177,5,0,0,0,82,108
0.91,0.95,4,171,3,0,0,0,82,108
0.49,0.61,3,148,2,1,0,0,82,108
0.6,0.56,4,138,3,0,0,0,82,108
0.52,0.57,4,183,3,0,0,0,82,108
0.54,0.65,3,202,3,0,0,0,109,108
0.86,0.53,4,160,2,1,0,0,115,109
0.78,0.87,4,264,3,0,0,0,97,109
0.6,0.81,4,245,3,1,0,0,115,109
0.15,0.91,2,207,3,0,0,0,116,109
0.72,0.92,3,225,3,0,0,0,109,109
0.94,0.85,4,236,2,0,0,0,109,109
0.92,0.56,4,170,3,0,0,0,109,109
0.6,0.88,3,261,3,1,0,0,109,109
0.41,0.68,4,273,3,0,0,0,115,109
0.5,0.43,3,184,2,0,0,0,115,109
0.8,0.91,3,202,2,0,0,0,115,109
0.67,0.83,4,195,3,0,0,0,115,109
0.71,0.88,4,266,3,0,0,0,115,104
0.66,0.85,3,266,5,0,0,0,115,108
0.77,0.74,5,263,2,0,0,0,115,109
0.62,0.54,3,142,2,0,0,0,115,109
0.95,0.53,4,162,3,0,0,0,115,109
0.89,0.75,5,258,2,0,0,0,115,109
0.74,0.83,4,170,2,0,0,0,115,108
0.19,0.8,4,249,5,0,0,0,115,108
0.83,0.77,3,171,3,0,0,0,115,108
0.53,0.64,2,177,4,0,0,0,115,108
0.98,0.75,5,188,2,0,0,0,115,108
0.74,0.99,5,146,2,0,0,0,115,108
0.22,0.88,5,154,5,0,0,0,115,108
0.76,0.68,4,204,3,1,0,0,115,108
0.89,0.91,5,224,3,1,0,0,115,108
0.5,0.84,3,156,4,0,0,0,97,108
0.17,0.82,6,259,4,0,0,0,97,108
0.46,0.38,6,165,3,0,0,0,97,108
0.68,0.78,3,264,3,0,0,0,104,108
0.77,0.86,4,215,2,0,0,0,104,108
0.68,0.83,3,133,3,0,0,0,104,108
0.15,0.7,4,220,4,0,0,0,104,108
0.7,0.98,4,176,5,0,0,0,116,108
0.66,0.96,4,103,2,0,0,0,116,108
0.54,0.52,5,155,3,0,0,0,116,108
0.57,0.57,4,141,3,0,0,0,116,108
0.78,0.58,3,150,3,1,0,0,116,108
0.14,0.83,5,171,6,0,0,0,116,109
0.73,0.86,4,179,3,0,0,0,116,109
0.65,0.97,4,145,2,0,0,0,116,109
0.31,0.59,3,176,3,0,0,0,116,109
0.77,0.55,2,172,2,0,0,0,116,109
0.68,0.85,3,243,4,0,0,0,116,109
0.79,0.69,4,209,2,0,0,0,115,109
0.92,0.62,4,196,3,0,0,0,115,109
0.77,0.96,6,225,4,0,0,0,115,109
0.48,0.89,3,261,2,0,0,0,115,109
0.63,0.66,4,157,2,0,0,0,115,109
0.92,0.49,5,259,3,1,0,0,115,109
0.5,0.85,4,224,6,0,0,0,115,104
0.52,0.91,5,193,2,0,0,0,115,108
0.73,0.79,4,157,3,0,0,0,115,109
0.99,0.87,4,223,3,0,0,0,115,109
0.91,0.99,3,188,3,1,0,0,115,109
0.85,0.79,3,217,2,0,0,0,116,109
0.95,0.69,4,207,2,1,0,0,116,108
0.67,0.85,3,153,4,0,0,0,116,108
0.86,0.55,3,269,2,0,0,0,109,108
0.71,0.54,4,198,3,0,0,0,73,108
0.99,0.95,4,102,5,0,0,0,73,108
0.57,0.61,3,167,2,1,0,0,73,108
0.98,0.72,3,252,2,0,0,0,73,108
0.62,0.58,3,192,2,0,0,0,73,108
0.74,0.79,5,237,4,0,0,0,112,108
0.7,0.6,4,158,3,0,0,0,112,108
0.8,0.93,3,260,3,0,0,0,112,108
0.65,0.69,4,153,3,0,0,0,112,108
0.53,0.52,3,233,4,0,0,0,73,108
0.43,0.62,2,180,3,0,0,0,82,108
0.59,0.65,4,163,3,1,0,0,82,108
0.16,0.96,6,211,6,1,0,0,82,108
0.84,0.8,3,151,3,1,0,0,82,108
0.78,0.95,3,249,4,0,0,0,82,108
0.66,0.91,5,199,3,1,0,0,109,108
0.7,0.74,4,247,2,0,0,0,115,108
0.73,0.63,4,174,3,0,0,0,97,108
0.65,0.88,4,268,4,0,0,0,115,109
0.79,0.59,5,197,4,0,0,0,116,109
0.57,0.68,4,154,3,1,0,0,109,109
0.24,0.58,5,279,4,0,0,0,109,109
0.95,0.78,3,204,2,1,0,0,109,109
0.38,0.54,2,112,3,0,0,0,109,109
0.9,0.78,4,261,2,1,0,0,115,109
0.5,0.4,3,180,4,0,0,0,115,109
0.68,0.61,3,261,5,0,0,0,115,109
0.5,0.78,6,138,3,0,0,0,115,109
0.85,0.81,4,164,4,0,0,0,115,109
0.95,0.52,3,144,3,0,0,0,115,109
0.92,0.92,3,244,2,0,0,0,115,104
0.83,0.87,5,233,3,0,0,0,115,108
0.9,0.78,4,225,2,1,0,0,115,109
0.21,0.77,6,215,4,0,0,0,115,109
0.94,0.86,3,223,4,0,0,0,115,109
0.7,0.85,4,232,3,0,0,0,115,109
0.54,0.76,3,157,4,0,0,0,115,108
0.77,0.65,4,268,3,0,0,0,115,108
0.62,0.49,3,158,2,0,0,0,115,108
0.93,0.55,5,222,2,0,0,0,115,108
0.81,0.86,3,210,3,0,0,0,115,108
0.99,0.79,4,133,2,0,0,0,115,108
0.78,0.49,3,224,3,0,0,0,115,108
0.66,0.63,5,264,5,0,0,0,97,108
0.9,0.72,5,237,2,0,0,0,97,108
0.74,0.53,5,141,2,0,0,0,97,108
0.65,0.78,4,238,5,1,0,0,104,108
0.99,0.52,4,167,3,0,0,0,104,108
0.83,0.72,4,161,3,0,0,0,104,108
0.6,0.82,4,194,3,0,0,0,104,108
0.55,0.93,3,217,3,1,0,0,116,108
0.96,0.71,3,170,3,0,0,0,116,108
0.83,0.94,4,243,3,0,0,0,116,108
0.95,0.7,4,267,3,1,0,0,116,108
0.77,0.88,2,169,3,0,0,0,116,109
0.83,0.95,3,255,3,0,0,0,116,109
0.87,0.54,4,211,3,0,0,0,116,109
0.69,0.49,3,198,4,0,0,0,116,109
0.67,0.58,3,246,3,0,0,0,116,109
0.55,0.49,3,146,2,0,0,0,116,109
0.55,0.82,4,134,6,0,0,0,116,109
0.39,0.48,3,169,3,0,0,0,115,109
0.51,0.93,5,232,3,0,0,0,115,109
0.39,0.38,2,106,3,1,0,0,115,109
0.96,0.93,4,260,3,0,0,0,115,109
0.68,0.81,3,232,2,0,0,0,115,109
0.67,0.71,4,173,3,0,0,0,115,104
0.68,0.44,5,152,5,0,0,0,115,108
0.56,0.58,3,173,3,0,0,0,115,109
0.9,0.7,3,274,3,0,0,0,115,109
0.69,0.59,3,233,3,0,0,0,115,109
0.99,0.71,4,232,3,0,0,0,115,109
0.42,0.59,3,156,2,0,0,0,116,108
0.28,0.51,3,124,3,0,0,0,116,108
0.55,0.65,3,207,3,0,0,0,116,108
0.91,0.53,3,273,6,0,0,0,109,108
0.53,0.98,3,219,4,0,0,0,73,108
0.87,0.74,4,207,3,0,0,0,73,108
0.57,0.6,4,248,4,0,0,0,73,108
0.59,0.77,3,169,3,0,0,0,73,108
0.76,0.89,4,181,3,0,0,0,73,108
0.59,0.42,3,196,3,0,0,0,112,108
0.5,0.54,3,254,2,0,0,0,112,108
0.55,0.55,4,191,4,0,0,0,112,108
0.92,0.53,3,238,2,0,0,0,112,108
0.8,0.51,5,196,3,0,0,0,73,108
0.93,0.66,4,228,3,0,0,0,82,108
0.67,0.57,4,165,3,0,0,0,82,108
0.78,0.55,3,144,2,0,0,0,82,108
0.61,0.7,4,243,3,0,0,0,82,108
0.74,0.84,3,206,3,0,0,0,82,108
0.5,0.49,3,180,3,1,0,0,109,108
0.84,0.96,3,161,2,1,0,0,115,108
0.89,0.55,4,196,2,0,0,0,97,109
0.64,0.71,3,231,4,0,0,0,51,109
0.77,0.89,2,215,5,1,0,0,53,109
0.74,0.58,4,233,4,0,0,0,55,109
0.88,0.96,4,155,2,0,0,0,55,109
0.88,0.96,5,182,4,1,0,0,55,109
0.89,0.88,3,165,4,0,0,0,48,109
0.74,0.59,2,257,4,1,0,0,48,109
0.63,0.74,4,155,2,0,0,0,48,109
0.63,0.8,4,243,2,0,0,0,48,109
0.68,0.92,2,184,4,0,0,0,48,109
0.14,0.81,4,138,3,1,0,0,48,104
0.86,0.94,5,209,4,0,0,0,48,108
0.73,0.53,3,205,2,0,0,0,48,109
0.57,0.56,3,191,3,0,0,0,48,109
0.97,0.75,5,270,3,1,0,0,48,109
0.67,0.36,4,97,4,0,0,0,48,109
0.89,0.74,4,174,2,0,0,0,48,108
0.8,0.96,5,124,3,0,0,0,48,108
0.3,0.51,2,178,3,0,0,0,48,108
0.14,0.73,5,266,6,0,0,0,48,108
0.91,0.8,4,181,3,0,0,0,48,108
0.49,0.81,4,233,3,0,0,0,48,108
0.57,0.68,3,254,4,0,0,0,48,108
0.59,0.62,3,219,3,0,0,0,48,108
0.5,0.7,5,166,2,0,0,0,49,108
0.69,0.97,3,158,2,0,0,0,49,108
0.81,0.68,3,151,3,0,0,0,49,108
0.79,0.82,3,98,3,1,0,0,50,108
0.55,0.91,4,187,4,1,0,0,50,108
0.92,0.62,4,266,2,0,0,0,50,108
0.94,0.59,5,250,3,0,0,0,50,108
0.67,0.55,5,193,3,0,0,0,51,108
0.53,0.92,4,223,3,1,0,0,51,108
0.77,0.59,5,189,5,0,0,0,51,108
0.57,0.82,5,138,3,0,0,0,51,108
