Income,Recency,MntWines,MntFruits,MntMeatProducts,MntFishProducts,MntSweetProducts,Age,Customer_Days,MntTotal,AcceptedCmpOverall,AcceptedCmp5
58138,58,635,88,546,172,88,63,2822,1529,0,0
46344,38,11,1,6,2,1,66,2272,21,0,0
71613,26,426,49,127,111,21,55,2471,734,0,0
26646,26,11,4,20,10,3,36,2298,48,0,0
58293,94,173,43,118,46,27,39,2320,407,0,0
62513,16,520,42,98,0,42,53,2452,702,0,0
55635,34,235,65,164,50,49,49,2752,563,0,0
33454,32,76,10,56,3,1,35,2576,146,0,0
30351,19,14,0,24,3,3,46,2547,44,0,0
5648,68,28,0,6,1,1,70,2267,36,1,0
7500,59,6,16,11,11,1,44,2752,45,0,0
63033,82,194,61,480,225,112,61,2385,1072,0,0
59354,53,233,2,53,3,5,68,2385,296,0,0
17323,38,3,14,17,6,1,33,2786,41,0,0
82800,23,1006,22,115,59,68,74,2741,1270,2,1
41850,51,53,5,19,2,13,40,2711,92,0,0
37760,20,84,5,38,150,12,74,2826,289,0,0
76995,91,1012,80,498,0,16,71,2617,1606,1,0
33812,86,4,17,19,30,24,35,2762,94,0,0
37040,41,86,2,73,69,38,38,2849,268,0,0
2447,42,1,1,1725,1,1,41,2698,1729,0,0
58607,63,867,0,86,0,0,71,2712,953,1,0
65324,0,384,0,102,21,32,66,2328,539,0,0
40689,69,270,3,27,39,6,69,2627,345,0,0
18589,89,6,4,25,15,12,51,2702,62,0,0
53359,4,173,4,30,3,6,44,2557,216,0,0
38360,26,36,2,42,20,21,31,2553,121,0,0
84618,96,684,100,801,21,66,55,2378,1672,1,1
10979,34,8,4,10,2,2,31,2197,26,0,0
38620,56,112,17,44,34,22,57,2573,229,0,0
40548,31,110,0,5,2,0,50,2786,117,1,0
46610,8,96,12,96,33,22,68,2767,259,0,0
68657,4,482,34,471,119,68,74,2653,1174,0,0
49389,55,40,0,19,2,1,69,2463,62,0,0
67353,37,702,17,151,0,8,50,2339,878,0,0
23718,76,6,3,14,15,7,44,2459,45,0,0
42429,99,55,0,6,2,0,47,2297,63,0,0
48948,53,437,8,206,160,49,77,2672,860,1,0
80011,3,421,76,536,82,178,40,2585,1293,0,0
20559,88,13,1,29,3,0,35,2633,46,0,0
21994,4,9,0,6,3,1,63,2711,19,0,0
7500,19,3,1,10,3,2,45,2429,19,0,0
79941,72,123,164,266,227,30,44,2160,810,0,0
7500,24,3,18,14,15,22,24,2756,72,0,0
41728,92,13,6,15,3,5,52,2560,42,0,0
72550,39,826,50,317,50,38,66,2757,1281,0,0
65486,29,245,19,125,37,67,63,2207,493,0,0
79143,2,650,37,780,27,167,56,2846,1661,0,0
35790,54,12,6,20,30,1,43,2702,69,0,0
82582,54,510,120,550,156,40,43,2181,1376,2,0
66373,57,328,9,124,12,24,42,2541,497,0,0
82384,55,984,51,432,180,120,65,2746,1767,1,1
70287,30,295,35,482,121,120,54,2612,1053,0,0
27938,31,13,0,8,2,1,32,2221,24,0,0
55954,63,447,0,28,0,0,52,2277,475,0,0
75777,12,712,26,538,69,13,38,2519,1358,2,1
66653,18,452,18,102,16,18,45,2819,606,0,0
61823,26,523,7,134,37,14,68,2655,715,0,0
67680,8,546,0,48,0,6,69,2542,600,0,0
70666,29,398,40,367,119,122,72,2364,1046,0,0
25721,75,1,3,6,3,6,49,2563,19,0,0
32474,0,10,0,1,0,0,53,2208,11,0,0
88194,19,688,14,309,201,24,41,2261,1236,2,0
69096,4,247,49,159,7,82,62,2434,544,0,0
74854,90,856,59,487,58,29,50,2606,1489,0,0
66991,1,496,36,460,189,60,66,2815,1241,0,0
65031,29,258,107,291,84,37,61,2628,777,0,0
60631,88,565,6,65,0,6,45,2609,642,1,0
28332,58,14,10,13,4,15,68,2219,56,0,0
40246,68,2,1,6,2,1,43,2716,12,0,0
75251,34,721,111,925,97,18,48,2830,1872,0,0
75825,40,1032,105,779,137,105,44,2784,2158,1,0
26326,12,1,0,5,0,3,44,2457,9,0,0
56046,9,577,0,64,0,0,55,2702,641,1,0
29760,87,64,4,68,7,5,35,2828,148,0,0
26304,5,4,1,5,2,0,51,2530,12,0,0
23559,87,25,5,19,7,0,47,2520,56,0,0
38620,56,112,17,44,34,22,57,2573,229,0,0
81361,18,163,23,424,27,65,33,2283,702,0,0
29440,95,17,8,14,10,4,60,2481,53,0,0
36138,48,130,0,16,0,0,50,2507,146,1,0
50388,3,292,6,37,0,3,63,2191,338,2,0
79593,70,350,60,568,110,133,47,2207,1221,1,1
54178,79,135,9,39,4,0,53,2318,187,0,0
42394,69,15,2,10,0,1,48,2257,28,0,0
23626,84,27,2,14,0,0,50,2195,43,0,0
30096,30,5,3,11,12,5,37,2197,36,0,0
47916,72,505,0,26,0,0,60,2743,531,1,0
51813,37,51,2,7,0,1,48,2603,61,0,0
78497,44,207,26,447,75,0,69,2369,755,1,0
50150,32,135,46,92,65,61,37,2533,399,0,0
47823,0,53,1,5,2,1,60,2500,62,0,0
34554,43,41,1,6,2,0,61,2250,50,0,0
85693,59,386,172,183,185,132,41,2594,1058,0,0
65846,68,562,81,276,80,40,75,2567,1039,0,0
87195,35,217,76,690,50,26,61,2211,1059,0,0
24594,94,1,3,6,10,0,41,2360,20,0,0
49096,15,144,1,32,2,1,56,2437,180,0,0
52413,56,295,106,271,75,98,51,2671,845,0,0
38557,17,76,3,31,4,4,42,2716,118,0,0
89058,18,454,194,106,31,22,60,2728,807,0,0
77298,46,425,115,292,23,35,41,2398,890,0,0
68126,40,1332,17,311,23,51,29,2755,1734,1,0
57288,27,527,0,21,0,0,57,2163,548,1,0
86037,95,490,44,125,29,20,29,2702,708,2,1
43974,19,378,0,101,0,0,40,2723,479,0,0
50785,27,64,1,21,0,1,58,2451,87,0,0
90765,25,547,99,812,151,82,50,2315,1691,2,1
36550,74,47,90,94,123,103,42,2654,457,0,0
30753,85,12,5,25,0,9,53,2512,51,0,0
21918,37,1,6,7,11,5,51,2386,30,0,0
56129,65,320,48,133,39,72,67,2533,612,0,0
32557,13,34,3,29,0,4,53,2284,70,0,0
19510,63,9,0,7,3,4,35,2457,23,0,0
30992,83,17,0,14,7,3,44,2592,41,0,0
101970,69,722,27,102,44,72,37,2633,967,3,1
71488,87,162,33,124,40,28,55,2655,387,0,0
79607,37,450,133,951,173,0,36,2593,1707,0,0
54348,51,70,0,16,0,0,67,2180,86,0,0
77376,72,492,19,110,16,12,64,2209,649,0,0
62998,10,120,58,73,65,89,68,2431,405,0,0
61331,42,534,5,47,0,5,62,2635,591,0,0
73448,10,236,106,189,23,41,51,2298,595,0,0
41551,51,220,0,33,3,0,56,2478,256,0,0
62981,21,796,14,590,38,44,53,2628,1482,1,0
9548,31,0,1,3,10,6,44,2849,20,0,0
33762,61,53,1,34,2,0,61,2516,90,0,0
35860,37,15,0,8,4,2,47,2200,29,1,0
36921,74,17,1,12,3,1,55,2495,34,0,0
92859,46,962,61,921,52,61,28,2777,2057,0,0
65104,4,738,0,232,13,20,44,2386,1003,0,0
86111,73,399,28,756,36,40,58,2595,1259,0,0
68352,47,614,16,132,43,33,46,2464,838,0,0
41883,13,32,34,41,73,16,32,2626,196,0,0
59809,36,598,16,141,32,41,44,2778,828,0,0
23957,47,2,1,18,20,11,45,2768,52,0,0
38547,49,6,1,10,0,1,39,2464,18,0,0
35688,94,73,3,90,12,1,47,2835,179,0,0
49605,65,42,16,29,12,20,54,2167,119,0,0
59354,59,295,21,78,39,13,67,2225,446,0,0
65747,96,346,17,48,23,13,51,2273,447,1,0
46344,28,233,20,57,8,20,48,2721,338,0,0
34176,12,5,7,24,19,14,32,2207,69,0,0
61010,57,888,0,57,0,0,68,2787,945,0,0
69372,10,997,26,269,34,13,71,2654,1339,2,1
49967,4,212,6,69,4,12,62,2515,303,0,0
60199,49,8,1,7,2,0,42,2449,18,0,0
55375,3,42,11,57,10,28,43,2414,148,0,0
80317,64,536,11,387,149,91,65,2472,1174,0,0
30523,0,5,0,3,0,0,62,2522,8,0,0
70356,20,1349,16,249,43,16,75,2760,1673,0,0
23228,91,53,3,49,7,4,36,2334,116,0,0
74165,9,1001,12,240,16,12,45,2583,1281,0,0
43482,83,18,1,32,6,3,54,2387,60,0,0
62551,27,125,16,98,134,21,67,2382,394,1,0
52332,63,212,5,33,7,0,61,2464,257,1,0
66951,46,277,162,305,173,76,32,2398,993,0,0
26091,84,15,10,19,8,17,63,2283,69,0,0
33456,58,7,3,10,8,1,55,2228,29,0,0
28718,78,12,4,6,11,8,38,2510,41,0,0
50447,4,85,7,24,2,3,50,2228,121,0,0
53537,17,81,0,6,0,0,61,2309,87,0,0
52074,77,59,0,12,0,0,53,2245,71,1,0
80427,56,1149,71,449,69,71,45,2814,1809,0,0
83837,79,847,66,119,86,89,72,2719,1207,2,0
38853,90,29,0,14,0,0,50,2196,43,0,0
38285,96,2,0,5,2,0,61,2164,9,0,0
78497,44,207,26,447,75,0,69,2369,755,1,0
51650,81,152,3,22,2,5,44,2208,184,0,0
16248,77,12,11,10,3,12,32,2209,48,0,0
66835,21,620,26,195,34,17,74,2433,892,0,0
30477,16,47,1,6,0,0,36,2317,54,0,0
28249,80,1,9,7,2,14,59,2173,33,0,0
25271,45,10,1,18,10,4,37,2730,43,0,0
32303,63,35,0,2,0,0,50,2272,37,0,0
61286,34,356,0,107,19,9,54,2490,491,0,0
74068,14,783,30,537,140,76,44,2626,1566,0,0
45759,13,42,1,18,3,0,56,2650,64,0,0
24882,52,1,4,10,29,0,42,2817,44,1,0
66973,98,466,22,432,147,113,31,2567,1180,0,0
38872,93,23,3,21,3,19,32,2554,69,0,0
51148,38,235,6,45,8,9,47,2655,303,0,0
31353,24,10,0,10,3,1,43,2341,24,0,0
69661,80,656,16,106,32,16,40,2206,826,0,0
80067,82,519,17,813,27,173,66,2442,1549,1,1
86718,20,344,189,482,50,33,66,2687,1098,0,0
46854,81,96,1,79,7,1,47,2249,184,1,0
69142,50,448,4,34,6,4,68,2159,496,1,0
75922,60,265,138,553,224,23,52,2361,1203,0,0
63693,63,587,43,337,42,87,42,2417,1096,0,0
102160,54,763,29,138,76,176,43,2763,1182,3,1
40637,72,22,0,13,0,0,55,2506,35,0,0
18890,5,6,4,1,7,2,36,2755,20,1,0
29604,88,7,6,13,7,6,32,2362,39,1,0
48721,50,81,18,113,47,13,57,2571,272,0,0
44794,99,54,0,7,0,0,54,2180,61,0,0
64497,17,1170,48,320,42,32,66,2816,1612,1,0
46097,11,72,24,68,65,4,64,2614,233,0,0
77972,18,613,22,319,33,102,66,2262,1089,0,0
44377,70,224,0,30,0,0,52,2791,254,0,0
46014,21,410,0,59,19,9,46,2683,497,0,0
70951,66,239,10,554,254,87,35,2580,1144,0,0
41443,79,171,7,171,25,19,43,2248,393,0,0
52195,2,12,0,4,0,0,42,2207,16,0,0
83790,81,1076,16,417,42,48,72,2385,1599,2,1
44551,24,182,4,33,0,0,66,2461,219,0,0
69508,48,824,32,162,42,32,40,2751,1092,0,0
45204,93,30,11,25,29,1,32,2238,96,0,0
72460,56,377,10,540,80,30,51,2386,1037,0,0
77622,3,520,7,154,19,0,50,2235,700,0,0
30732,44,155,1,25,0,1,40,2699,182,0,0
63887,38,897,23,207,15,11,58,2818,1153,0,0
42011,46,131,0,16,2,1,42,2619,150,0,0
51369,84,297,7,79,0,11,44,2771,394,0,0
51537,27,787,20,204,0,0,68,2726,1011,0,0
79930,72,792,86,740,67,51,48,2849,1736,0,0
34320,66,4,1,9,3,0,34,2292,17,0,0
37070,30,231,7,137,4,15,54,2625,394,0,0
81975,2,983,76,184,180,138,58,2699,1561,1,1
38590,65,3,1,8,4,3,49,2569,19,0,0
15033,37,0,4,5,6,0,69,2233,15,0,0
62745,89,562,21,464,28,10,55,2622,1085,0,0
22212,49,5,9,20,6,8,45,2361,48,0,0
23661,46,18,0,4,0,0,38,2366,22,0,0
79761,32,415,5,124,15,35,62,2427,594,0,0
7500,54,5,3,10,12,7,47,2344,37,0,0
73455,98,901,61,757,186,163,52,2403,2068,1,0
64961,97,382,114,276,75,124,62,2712,971,0,0
22804,75,14,1,7,2,1,49,2492,25,0,0
73687,8,559,153,503,218,13,30,2372,1446,1,0
61074,37,789,0,133,0,28,62,2840,950,0,0
31686,31,11,0,5,0,0,56,2183,16,0,0
80134,40,1218,16,272,104,0,48,2564,1610,3,1
75027,74,925,64,179,133,12,67,2695,1313,0,0
67546,90,864,134,768,150,38,32,2826,1954,0,0
65176,57,960,28,183,220,70,51,2767,1461,0,0
31160,59,16,3,25,6,1,45,2445,51,0,0
29938,52,3,3,7,0,2,35,2404,15,0,0
102692,5,168,148,444,32,172,46,2609,964,4,1
26490,92,45,47,52,21,20,62,2804,185,0,0
75702,77,650,28,353,45,42,53,2828,1118,0,0
30899,35,24,0,8,0,0,46,2783,32,0,0
63342,48,918,21,118,13,10,59,2780,1080,1,0
45989,97,138,33,87,28,24,56,2774,310,0,0
18701,95,12,4,2,10,6,56,2549,34,0,0
40737,24,11,0,4,0,0,63,2362,15,0,0
15287,60,1,2,8,4,3,41,2786,18,1,0
69674,46,554,41,215,11,0,52,2562,821,0,0
44159,85,167,2,62,24,13,50,2171,268,0,0
37717,31,9,0,6,4,1,42,2742,20,0,0
43776,9,177,2,71,3,2,68,2670,255,0,0
38179,30,38,4,22,4,2,54,2631,70,0,0
80124,47,483,84,398,205,84,57,2162,1254,1,0
38097,70,77,2,35,0,1,50,2781,115,1,0
72940,13,182,74,298,162,149,50,2534,865,0,0
22070,11,10,7,19,8,2,50,2427,46,0,0
69267,31,778,44,499,95,73,67,2804,1489,0,0
31788,15,16,7,23,0,8,37,2260,54,0,0
61905,2,167,0,43,6,2,45,2304,218,0,0
29315,55,13,2,14,8,7,60,2243,44,0,0
33378,38,33,6,40,3,7,57,2667,89,0,0
66313,86,625,7,99,10,22,57,2445,763,0,0
60714,56,216,162,224,101,92,64,2687,795,0,0
77882,29,68,129,396,188,22,39,2219,803,0,0
69867,30,196,0,512,33,130,34,2612,871,1,0
63841,64,635,15,100,20,7,52,2593,777,0,0
24480,46,4,19,9,28,25,39,2662,85,0,0
51369,84,297,7,79,0,11,44,2771,394,0,0
37760,20,84,5,38,150,12,74,2826,289,0,0
65640,74,204,7,149,20,15,46,2279,395,0,0
44319,18,26,0,8,0,0,45,2232,34,0,0
30631,75,15,6,20,4,5,46,2511,50,0,0
75278,17,304,98,230,150,74,68,2675,856,0,0
50898,88,285,28,242,55,114,64,2696,724,0,0
79946,19,395,183,565,166,141,54,2207,1450,0,0
35416,62,248,3,81,4,3,71,2540,339,0,0
32414,11,20,6,5,0,9,36,2519,40,1,0
38361,74,39,0,56,20,8,51,2343,123,0,0
82497,32,777,129,573,216,21,40,2765,1716,1,1
16626,76,8,3,22,21,1,49,2324,55,0,0
29672,6,9,1,3,0,4,55,2633,17,0,0
55951,62,1241,0,80,0,13,68,2834,1334,2,0
35388,20,6,4,7,4,3,32,2638,24,0,0
42386,43,65,4,16,0,4,34,2691,89,0,0
68627,45,395,15,263,60,54,38,2692,787,0,0
57912,34,801,0,80,0,0,55,2263,881,1,0
35246,53,36,0,12,2,2,62,2233,52,0,0
58821,44,513,14,154,19,0,64,2419,700,0,0
46377,89,37,0,46,4,3,42,2279,90,0,0
39747,43,80,15,93,20,13,32,2236,221,0,0
23976,68,14,1,21,2,3,36,2343,41,0,0
80950,44,525,147,112,219,147,59,2617,1150,1,0
27038,64,1,26,25,17,23,54,2808,92,0,0
77457,85,675,11,400,15,45,73,2275,1146,1,1
64100,93,509,0,27,0,0,56,2451,536,1,0
42670,12,154,2,46,20,4,28,2587,226,0,0
12571,86,3,5,14,2,12,44,2321,36,0,0
22574,28,25,0,8,2,0,53,2403,35,0,0
70893,42,768,44,561,77,44,44,2667,1494,0,0
54198,13,185,0,28,3,2,54,2353,218,0,0
28839,86,24,0,7,0,0,64,2269,31,0,0
40321,59,44,4,21,6,0,48,2494,75,0,0
66503,30,91,64,128,65,3,35,2843,351,0,0
30833,33,11,0,7,3,1,69,2507,22,0,0
64795,23,412,5,119,38,29,49,2687,603,0,0
34421,81,3,3,7,6,2,46,2522,21,0,0
47025,6,16,0,3,0,0,55,2299,19,0,0
64325,41,731,60,353,78,12,59,2666,1234,0,0
40464,78,424,17,118,7,23,67,2693,589,0,0
62187,49,792,0,275,45,45,63,2518,1157,0,0
14849,39,21,2,28,3,2,44,2521,56,0,0
27255,3,22,1,11,0,1,36,2393,35,0,0
54432,37,33,0,5,0,0,70,2575,38,0,0
29999,22,68,7,59,10,5,34,2660,149,0,0
24072,79,9,1,6,3,0,37,2598,19,0,0
33996,46,40,2,15,8,0,31,2450,65,0,0
66334,82,909,11,218,0,0,64,2611,1138,0,0
35178,10,23,1,13,2,2,49,2694,41,1,0
22010,51,11,2,9,3,0,37,2523,25,0,0
62204,38,317,46,247,151,46,60,2814,807,0,0
75693,10,797,153,293,72,97,52,2729,1412,3,1
30675,14,10,2,16,11,2,48,2753,41,0,0
83003,18,856,61,570,40,25,55,2642,1552,1,1
68655,95,456,19,832,75,118,32,2847,1500,0,0
41411,11,37,32,38,11,3,34,2363,121,0,0
55212,65,1103,0,45,0,0,51,2742,1148,2,0
59292,71,378,14,68,19,14,70,2540,493,0,0
27190,13,1,6,7,0,1,47,2477,15,1,0
82623,58,204,34,204,172,153,68,2390,767,0,0
44300,65,30,0,9,0,0,55,2530,39,0,0
84835,0,189,104,379,111,189,50,2172,972,0,0
30372,33,15,0,12,7,3,49,2710,37,0,0
33181,90,9,0,3,0,0,44,2336,12,1,0
71113,95,495,33,255,11,33,63,2353,827,0,0
71952,93,656,80,455,52,107,34,2694,1350,2,1
69759,38,452,20,514,13,30,54,2403,1029,0,0
72099,18,546,91,410,119,0,46,2769,1166,0,0
60000,57,1048,0,217,0,0,44,2713,1265,0,0
38643,45,22,2,14,0,1,42,2371,39,0,0
50737,61,78,0,11,0,0,65,2573,89,1,0
68462,6,561,64,785,84,128,51,2723,1622,0,0
65073,65,629,17,177,69,0,77,2472,892,0,0
46681,52,269,15,69,15,19,72,2423,387,0,0
78618,87,736,163,818,212,163,63,2798,2092,1,0
62187,38,512,0,83,0,0,51,2258,595,0,0
28442,53,19,3,10,11,8,42,2284,51,0,0
37717,31,9,0,6,4,1,42,2742,20,0,0
51479,67,247,8,160,6,8,53,2707,429,0,0
54803,65,404,0,92,28,27,51,2836,551,0,0
79530,64,333,0,815,129,42,60,2567,1319,0,0
31615,82,2,3,20,6,11,44,2629,42,0,0
72025,27,833,33,549,151,133,58,2748,1699,0,0
52614,63,789,0,142,12,9,45,2734,952,0,0
35684,66,10,4,7,0,6,36,2227,27,0,0
48178,69,159,4,45,6,2,45,2768,216,0,0
29548,52,7,1,6,3,1,50,2463,18,1,0
63810,45,977,12,253,16,12,54,2754,1270,1,0
38578,2,38,4,22,3,3,48,2531,70,0,0
46098,86,57,0,27,0,0,45,2839,84,0,0
22585,23,3,9,15,13,2,50,2627,42,1,0
30279,13,10,4,14,4,4,31,2705,36,0,0
66426,14,1043,24,97,32,24,59,2429,1220,0,0
30822,92,3,9,13,2,12,51,2539,39,0,0
33581,38,11,0,5,0,0,51,2696,16,0,0
19986,74,3,6,5,0,2,35,2386,16,0,0
27421,14,43,12,96,78,40,66,2723,269,0,0
35688,94,73,3,90,12,1,47,2835,179,0,0
36143,33,12,0,1,0,0,39,2250,13,0,0
10245,32,4,7,7,6,4,49,2569,28,0,0
43795,11,314,11,53,4,3,52,2415,385,1,0
63381,78,571,50,142,33,50,60,2791,846,0,0
38823,56,70,0,11,2,8,71,2827,91,0,0
83664,57,866,21,151,28,21,52,2576,1087,0,0
90300,7,594,134,786,33,134,41,2336,1681,1,1
62499,0,140,4,61,0,13,41,2361,218,0,0
74293,66,375,152,335,93,91,27,2215,1046,0,0
51012,86,102,9,63,2,9,74,2596,185,0,0
70777,80,554,35,113,0,7,52,2283,709,0,0
68682,56,919,0,505,99,30,29,2425,1553,0,0
43824,18,96,1,42,12,3,49,2811,154,0,0
15345,51,5,2,16,3,2,36,2826,28,0,0
23442,71,2,0,6,8,6,33,2711,22,0,0
14515,71,6,4,9,6,36,40,2756,61,0,0
31395,80,23,1,25,0,8,64,2622,57,0,0
75276,2,610,105,125,137,42,55,2799,1019,0,0
42373,83,67,5,61,3,8,46,2477,144,0,0
30507,29,65,36,74,38,20,60,2634,233,0,0
55521,11,416,0,26,0,0,65,2409,442,1,0
48006,55,23,0,11,3,2,55,2179,39,0,0
27213,19,19,3,26,10,9,48,2827,67,0,0
65808,1,155,7,80,13,7,49,2189,262,0,0
30351,19,14,0,24,3,3,46,2547,44,0,0
50437,28,370,9,92,6,9,57,2779,486,0,0
23616,76,4,22,11,3,7,38,2748,47,0,0
53858,50,407,53,221,58,150,44,2756,889,0,0
66465,1,1200,0,204,38,29,65,2615,1471,1,0
46923,90,85,44,54,102,78,33,2835,363,0,0
75072,83,583,34,309,0,22,58,2681,948,0,0
75865,73,483,0,591,156,0,77,2249,1230,0,0
19789,24,2,5,9,28,6,45,2380,50,1,0
80134,11,966,26,282,52,26,26,2294,1352,4,1
91065,33,822,114,108,179,137,39,2651,1360,2,1
49505,4,604,0,100,19,0,49,2640,723,0,0
37401,14,19,3,19,3,1,47,2213,45,0,0
30096,30,5,3,11,12,5,37,2197,36,0,0
18492,75,2,2,2,2,1,38,2183,9,0,0
82584,26,1076,68,103,29,91,46,2549,1367,2,1
93027,77,1285,42,716,55,0,79,2601,2098,1,1
48686,8,10,0,7,2,0,67,2366,19,0,0
92910,42,551,137,792,179,103,34,2225,1762,3,1
75433,28,800,0,297,0,34,31,2244,1131,2,0
10404,52,2,2,11,10,6,31,2215,31,0,0
61314,1,378,0,189,97,172,52,2589,836,0,0
84865,1,1248,16,349,43,16,59,2575,1672,4,1
42387,42,235,0,235,19,4,31,2767,493,0,0
67309,76,515,47,181,149,95,53,2681,987,0,0
75236,27,438,66,400,12,38,56,2375,954,0,0
30015,28,25,0,22,2,3,50,2306,52,0,0
50943,49,31,0,7,2,0,64,2532,40,0,0
67272,12,357,35,271,28,28,54,2349,719,0,0
51529,14,400,4,35,6,0,71,2454,445,0,0
32011,89,99,0,15,2,1,49,2470,117,0,0
7500,96,1,11,5,4,6,34,2666,27,0,0
28691,56,5,4,13,8,0,31,2519,30,0,0
56223,72,77,28,31,16,0,72,2350,152,0,0
18100,14,3,1,2,4,3,74,2486,13,0,0
30279,13,10,4,14,4,4,31,2705,36,0,0
20130,99,0,6,3,7,6,46,2263,22,0,0
23295,72,0,0,1,2,12,61,2510,15,0,0
42618,92,76,14,74,13,5,48,2422,182,0,0
81246,87,398,190,537,61,156,56,2341,1342,2,0
24027,7,14,7,11,11,0,44,2544,43,0,0
55707,91,208,7,82,30,66,67,2348,393,0,0
57959,71,430,16,322,43,24,65,2582,835,0,0
56796,24,656,38,161,62,47,51,2657,964,0,0
36230,17,14,2,30,8,2,49,2414,56,0,0
70829,87,141,70,106,72,19,40,2369,408,0,0
65991,21,507,19,364,25,47,44,2819,962,0,0
38988,90,164,24,103,12,3,48,2837,306,0,0
89572,44,606,24,974,197,194,54,2811,1995,2,0
42207,71,116,11,72,3,17,36,2613,219,1,0
50300,52,143,15,60,24,23,68,2194,265,0,0
66664,78,398,96,447,220,96,38,2801,1257,0,0
60597,2,522,0,257,32,16,56,2338,827,1,0
70165,60,161,0,253,199,191,71,2439,804,0,0
50520,25,112,0,6,2,1,62,2311,121,0,0
80124,47,483,84,398,205,84,57,2162,1254,1,0
33183,46,7,5,39,17,15,45,2284,83,0,0
66582,83,789,25,420,16,38,51,2277,1288,0,0
75261,17,1239,17,413,23,34,65,2591,1726,2,1
31880,13,4,1,5,2,0,50,2765,12,0,0
53790,86,335,42,127,28,5,69,2274,537,0,0
49269,92,639,8,166,11,8,49,2842,832,0,0
61456,47,563,76,384,84,192,45,2618,1299,0,0
37406,18,2,0,8,2,2,40,2421,14,0,0
56937,81,746,8,125,11,8,39,2853,898,1,0
38415,91,22,1,13,4,0,42,2702,40,0,0
20518,58,4,1,6,4,1,32,2201,16,0,0
62503,40,478,0,193,110,75,64,2655,856,0,0
41644,67,20,3,4,2,0,48,2210,29,0,0
55842,19,451,0,39,0,4,43,2196,494,0,0
62010,93,371,22,39,6,0,48,2773,438,0,0
41124,41,281,7,84,15,0,43,2765,387,0,0
38961,60,19,7,19,0,1,47,2340,46,0,0
37760,54,26,3,13,2,10,48,2481,54,0,0
32233,26,138,15,35,25,11,46,2838,224,1,0
43057,30,213,2,44,0,2,45,2401,261,0,0
83151,93,407,28,100,120,74,60,2786,729,0,0
78825,35,483,74,114,169,37,56,2812,877,0,0
65104,4,738,0,232,13,20,44,2386,1003,0,0
60093,92,502,12,109,16,6,46,2527,645,0,0
14045,24,11,0,5,2,1,51,2313,19,0,0
28457,96,24,1,108,29,29,68,2768,191,0,0
78952,11,1170,19,594,99,76,62,2802,1958,0,0
46310,99,185,2,88,15,5,44,2732,295,0,0
76005,72,983,20,389,240,50,65,2651,1682,1,0
58308,77,691,0,69,10,0,56,2692,770,0,0
55614,85,504,13,131,8,0,76,2373,656,1,0
59432,88,317,25,265,25,19,58,2601,651,0,0
55563,22,29,1,9,2,0,42,2244,41,0,0
78642,83,1396,0,322,46,35,49,2593,1799,0,0
67911,63,529,0,356,63,28,71,2197,976,0,0
65275,9,388,14,218,91,14,76,2611,725,0,0
27203,92,13,2,21,4,0,70,2851,40,0,0
48330,2,28,0,4,0,0,59,2385,32,0,0
24279,6,16,36,21,20,62,30,2706,155,0,0
64355,66,1047,0,140,67,38,35,2833,1292,0,0
50943,49,31,0,7,2,0,64,2532,40,0,0
53653,29,815,10,239,28,10,67,2758,1102,0,0
65665,77,225,162,387,106,36,44,2368,916,0,0
81217,77,493,70,324,146,40,31,2504,1073,0,0
34935,71,34,4,66,3,10,28,2532,117,0,0
61250,49,382,138,65,60,26,61,2719,671,0,0
39665,97,127,1,56,0,1,39,2559,185,1,0
60152,6,325,83,300,86,58,41,2617,852,0,0
48920,93,238,17,68,8,10,56,2411,341,1,0
89120,78,1168,92,408,72,129,61,2263,1869,1,1
44124,62,284,0,55,0,6,74,2573,345,0,0
81169,47,1288,20,613,80,61,45,2600,2062,0,0
36443,9,65,0,46,4,3,59,2670,118,0,0
26095,77,11,7,9,3,1,30,2523,31,0,0
71367,24,227,23,389,42,21,61,2469,702,0,0
80184,19,1035,134,670,25,38,76,2279,1902,2,1
30630,67,27,1,12,2,0,55,2312,42,0,0
73454,95,982,73,351,56,14,33,2279,1476,1,0
42691,48,179,2,64,38,17,29,2476,300,0,0
70503,73,1379,33,216,0,33,67,2796,1661,2,1
25545,35,32,1,64,16,12,33,2818,125,0,0
32880,76,8,4,15,7,6,34,2731,40,0,0
77863,20,881,38,319,16,25,62,2373,1279,0,0
50353,72,141,15,153,67,31,43,2180,407,0,0
61839,20,1000,155,379,224,17,56,2845,1775,0,0
49154,69,206,10,67,30,27,60,2397,340,0,0
47682,80,162,61,83,97,57,45,2658,460,0,0
72679,65,619,54,260,127,54,51,2443,1114,0,0
57954,52,456,4,24,0,0,43,2170,484,1,0
65316,65,112,6,92,3,9,58,2590,222,0,0
28567,57,11,3,22,2,2,38,2536,40,0,0
47352,70,172,12,112,8,0,69,2603,304,0,0
44931,0,78,0,11,0,0,53,2321,89,0,0
76982,19,464,151,292,65,60,53,2293,1032,1,1
57247,50,99,4,32,37,54,68,2484,226,0,0
22944,67,19,3,19,4,5,39,2347,50,0,0
25315,46,1,9,8,11,3,43,2393,32,0,0
43638,37,63,10,83,7,19,51,2851,182,0,0
42710,38,252,3,42,4,3,36,2737,304,0,0
84169,9,1478,19,403,0,19,38,2485,1919,2,1
54058,56,198,18,252,32,108,44,2549,608,0,0
24683,98,8,4,10,6,7,30,2272,35,0,0
85620,68,416,46,925,60,107,56,2332,1554,0,0
47850,72,42,7,43,20,12,40,2367,124,0,0
19514,47,14,3,21,2,1,52,2313,41,1,0
27159,33,17,0,3,0,0,47,2251,20,0,0
39548,87,15,4,10,3,4,57,2249,36,0,0
21474,0,6,16,24,11,0,31,2241,57,1,0
60504,73,458,0,24,6,4,49,2301,492,0,0
22419,74,30,3,47,19,21,57,2596,120,0,0
81698,4,179,28,520,111,123,71,2394,961,0,0
43462,50,90,17,97,15,6,68,2814,225,0,0
54880,57,308,85,137,102,45,42,2644,677,0,0
79908,30,557,129,761,29,185,38,2609,1661,1,1
15315,27,7,4,13,15,8,50,2489,47,0,0
87771,61,1492,38,287,50,57,61,2562,1924,4,1
33039,4,30,8,12,8,8,42,2452,66,0,0
81741,75,249,153,940,58,134,40,2537,1534,0,0
71499,12,465,25,132,136,0,49,2528,758,0,0
62466,13,129,129,259,168,121,50,2324,806,0,0
48799,9,174,18,81,28,6,57,2395,307,0,0
52157,48,189,2,29,3,2,70,2181,225,0,0
66565,80,747,10,161,65,40,58,2730,1023,0,0
29298,60,6,0,2,2,0,69,2454,10,0,0
47691,43,14,0,3,0,0,41,2518,17,0,0
38200,19,12,0,4,0,0,50,2728,16,0,0
44989,26,98,0,106,49,10,46,2814,263,0,0
38443,58,32,0,5,0,0,52,2312,37,0,0
38593,42,51,12,49,17,24,42,2448,153,0,0
64413,27,200,5,44,0,10,50,2491,259,0,0
36959,56,25,6,25,6,0,39,2429,62,0,0
61996,27,1050,12,144,0,0,43,2673,1206,3,0
51287,10,117,0,22,13,0,52,2248,152,0,0
13260,48,9,4,17,10,2,50,2469,42,0,0
47472,39,56,0,11,0,0,54,2445,67,0,0
54603,85,145,13,46,17,2,64,2514,223,0,0
45207,64,203,0,10,0,0,46,2755,213,1,0
40689,69,270,3,27,39,6,69,2627,345,0,0
47821,54,9,0,16,6,6,53,2411,37,0,0
27450,57,37,12,23,8,11,69,2599,91,0,0
39453,64,46,0,7,0,0,37,2246,53,0,0
26850,10,31,1,13,7,2,49,2231,54,0,0
79800,65,1060,21,530,32,0,65,2803,1643,3,1
61794,74,264,47,188,54,47,59,2447,600,0,0
53863,4,399,4,30,6,4,65,2202,443,1,0
24221,94,8,9,9,2,5,61,2472,33,0,0
39684,41,19,0,35,6,4,36,2784,64,0,0
92163,25,817,183,797,106,163,45,2723,2066,2,1
69882,94,292,127,635,132,127,55,2390,1313,0,0
33178,9,12,6,2,11,2,43,2309,33,0,0
59973,47,130,30,168,20,34,48,2450,382,0,0
17459,12,6,4,16,3,10,45,2442,39,0,0
23910,80,16,12,18,7,1,51,2770,54,0,0
42169,20,19,0,9,0,0,51,2412,28,0,0
26224,39,4,7,15,13,9,42,2549,48,0,0
31089,57,31,3,31,2,8,39,2840,75,0,0
30081,27,36,0,2,0,0,59,2652,38,0,0
62807,83,526,28,135,10,21,60,2826,720,0,0
72906,79,400,32,519,71,75,65,2444,1097,0,0
61467,69,410,16,114,0,5,72,2726,545,0,0
49618,77,80,3,26,4,2,54,2678,115,0,0
21888,15,88,10,46,2,3,34,2706,149,0,0
42429,99,55,0,6,2,0,47,2297,63,0,0
26150,61,5,1,13,3,5,64,2634,27,0,0
30801,23,8,4,5,15,2,45,2770,34,0,0
81168,84,410,0,592,147,22,55,2212,1171,1,0
26877,74,101,13,76,20,18,51,2473,228,0,0
45006,90,162,25,53,16,0,76,2505,256,0,0
18978,41,2,8,1,4,7,47,2724,22,0,0
22574,28,25,0,8,2,0,53,2403,35,0,0
48240,73,389,91,248,64,49,51,2756,841,0,0
45837,88,215,13,87,17,17,46,2497,349,0,0
35791,94,27,0,5,0,0,55,2578,32,0,0
54162,31,5,6,10,6,5,42,2627,32,0,0
30522,6,179,8,83,19,11,60,2840,300,0,0
54456,23,352,0,27,10,0,59,2512,389,0,0
31632,92,17,8,12,11,15,49,2509,63,0,0
72298,52,625,35,169,58,17,71,2270,904,2,1
36975,50,10,6,11,0,4,42,2342,31,0,0
72635,54,390,22,323,104,35,65,2550,874,1,0
13624,93,10,2,15,2,1,44,2684,30,0,0
84196,56,215,63,507,231,31,45,2550,1047,0,0
70971,28,1001,17,572,93,125,60,2805,1808,0,0
34487,94,19,18,33,24,1,43,2820,95,0,0
28769,76,41,5,129,10,3,43,2717,188,0,0
69084,43,1181,107,199,39,30,50,2381,1556,0,0
65488,46,603,45,207,36,18,62,2175,909,0,0
62466,13,129,129,259,168,121,50,2324,806,0,0
32218,27,10,24,15,13,1,60,2293,63,1,0
83917,12,514,22,732,42,198,47,2596,1508,0,0
46102,3,14,0,1,0,0,58,2270,15,0,0
84574,72,387,20,713,38,54,68,2549,1212,0,0
56181,6,121,103,69,8,44,58,2696,345,0,0
63120,53,965,69,279,54,41,70,2798,1408,0,0
73691,58,707,21,250,85,43,49,2394,1106,1,0
63381,78,571,50,142,33,50,60,2791,846,0,0
76140,57,586,66,653,17,0,72,2206,1322,0,0
62859,37,1063,89,102,16,12,61,2705,1282,0,0
45906,20,305,3,27,4,3,56,2577,342,1,0
77632,73,1200,105,758,0,42,73,2635,2105,2,1
46463,56,163,2,40,8,11,49,2474,224,0,0
105471,36,1009,181,104,202,21,50,2683,1517,2,1
55282,9,125,6,73,8,4,50,2357,216,0,0
78710,42,721,0,152,119,50,43,2196,1042,0,0
66886,28,315,4,62,41,31,62,2445,453,0,0
98777,23,1000,19,711,125,115,60,2291,1970,1,0
29103,38,16,0,17,6,3,35,2830,42,0,0
67445,63,757,80,217,29,80,46,2845,1163,0,0
50616,71,30,2,25,0,1,70,2236,58,0,0
49431,9,219,3,100,26,0,65,2854,348,0,0
61278,87,111,3,28,2,6,67,2335,150,0,0
26490,92,45,47,52,21,20,62,2804,185,0,0
73059,36,410,112,420,0,82,73,2461,1024,0,0
46734,86,100,1,39,6,1,54,2410,147,1,0
56253,83,509,0,65,7,11,57,2728,592,0,0
19986,74,3,6,5,0,2,35,2386,16,0,0
58330,87,445,53,213,104,98,45,2345,913,0,0
25965,29,2,2,11,41,7,40,2819,63,0,0
14661,88,4,1,11,6,2,64,2703,24,0,0
18690,77,6,1,7,23,4,61,2707,41,0,0
45068,25,14,0,3,0,0,46,2568,17,0,0
21063,34,1,10,11,19,3,33,2436,44,0,0
29187,43,26,0,6,0,0,52,2575,32,0,0
54690,76,111,16,37,7,9,49,2393,180,0,0
59304,81,418,61,428,80,51,56,2494,1038,0,0
59247,87,327,9,122,19,14,58,2392,491,0,0
66731,33,371,159,194,58,106,50,2814,888,0,0
77353,38,275,59,107,69,101,40,2354,611,0,0
52614,63,789,0,142,12,9,45,2734,952,0,0
26751,26,1,1,5,0,3,46,2197,10,0,0
81300,17,1004,12,145,32,12,57,2766,1205,1,0
70337,75,187,81,149,25,43,41,2337,485,0,0
36145,13,56,4,76,17,1,35,2537,154,1,0
65295,19,365,32,117,34,110,40,2347,658,0,0
68118,51,595,23,123,10,23,57,2413,774,0,0
68743,81,1132,134,384,175,134,53,2827,1959,0,0
41039,32,34,11,137,179,61,38,2498,422,0,0
38946,84,116,6,82,6,6,65,2407,216,0,0
65777,87,565,32,435,28,32,53,2351,1092,0,0
66476,99,372,18,126,47,48,44,2638,611,0,0
86857,96,899,102,838,133,102,48,2814,2074,0,0
77845,40,760,40,480,0,40,31,2203,1320,2,1
69476,3,260,86,559,63,9,51,2431,977,0,0
50611,98,459,0,24,6,0,60,2792,489,1,0
61209,73,466,0,224,119,49,50,2467,858,0,0
42315,90,67,15,80,17,11,62,2511,190,0,0
13084,29,2,0,7,3,7,68,2398,19,0,0
47570,3,67,1,20,0,2,71,2555,90,0,0
61923,94,92,4,18,3,3,59,2497,120,0,0
34824,65,4,2,11,2,0,25,2254,19,0,0
26518,33,20,1,28,3,3,71,2606,55,0,0
45938,46,273,11,178,62,83,59,2397,607,0,0
78468,29,434,22,388,104,22,60,2240,970,1,0
78901,99,321,11,309,33,26,47,2444,700,0,0
71427,26,212,123,177,15,64,42,2268,591,0,0
71022,30,909,12,278,0,12,42,2297,1211,1,0
90247,27,1184,32,352,21,16,32,2220,1605,3,1
41335,24,112,19,21,16,14,52,2344,182,0,0
71952,93,656,80,455,52,107,34,2694,1350,2,1
35682,34,23,0,8,6,2,50,2161,39,0,0
43185,88,537,6,42,16,6,69,2604,607,0,0
66375,96,712,0,45,0,0,72,2379,757,1,0
35178,10,23,1,13,2,2,49,2694,41,1,0
25252,26,1,3,4,2,2,34,2511,12,0,0
55250,49,664,58,83,32,0,55,2775,837,0,0
33249,11,6,10,21,19,14,45,2653,70,0,0
58398,44,299,5,201,21,21,67,2570,547,0,0
50272,75,99,13,66,43,8,38,2485,229,0,0
76618,64,749,40,294,121,160,45,2728,1364,0,0
87305,19,345,25,501,63,138,60,2803,1072,1,1
25851,45,9,4,18,7,5,42,2662,43,0,0
58710,77,440,81,368,0,122,50,2614,1011,0,0
45160,9,8,2,5,3,0,62,2251,18,0,0
74806,1,670,9,249,0,28,55,2716,956,0,0
59111,90,524,0,134,28,28,66,2582,714,0,0
18988,43,6,0,6,2,1,36,2196,15,0,0
72190,79,597,166,597,172,166,55,2660,1698,0,0
7500,19,7,0,12,13,7,44,2856,39,1,0
44794,99,54,0,7,0,0,54,2180,61,0,0
80395,62,445,25,706,80,76,65,2377,1332,1,0
75012,41,294,142,218,164,58,44,2314,876,0,0
56962,60,292,3,77,10,3,55,2420,385,0,0
89891,17,412,22,132,59,28,29,2599,653,1,1
35946,24,8,0,3,0,0,71,2434,11,0,0
53593,60,349,4,78,6,0,67,2850,437,0,0
66373,57,328,9,124,12,24,42,2541,497,0,0
45072,74,144,2,99,7,2,72,2415,254,0,0
89694,22,1126,28,211,37,28,47,2422,1430,3,1
72025,46,967,0,617,43,50,71,2220,1677,3,1
67432,69,432,79,341,177,136,47,2616,1165,0,0
70545,29,138,39,63,55,18,68,2185,313,0,0
17487,37,0,0,1,7,4,31,2627,12,0,0
62882,26,509,133,497,78,24,51,2848,1241,0,0
64108,8,948,10,86,13,21,67,2622,1078,0,0
34941,26,39,2,25,4,3,64,2639,73,0,0
48767,79,28,1,21,3,0,70,2338,53,0,0
38702,71,13,11,24,13,8,42,2491,69,0,0
82224,83,307,26,360,138,31,56,2314,862,1,0
83844,57,901,31,345,75,31,68,2572,1383,1,1
17003,37,2,5,12,4,8,45,2361,31,0,0
71163,30,283,17,372,138,106,25,2271,916,0,0
33697,34,4,3,7,0,3,50,2446,17,1,0
63564,0,769,80,252,15,34,66,2310,1150,1,0
83443,89,518,42,742,55,56,48,2339,1413,0,0
51518,92,350,8,66,17,4,62,2428,445,0,0
58330,87,445,53,213,104,98,45,2345,913,0,0
80952,20,778,178,689,41,27,51,2645,1713,3,1
75507,56,709,93,374,104,80,41,2217,1360,0,0
63855,28,359,35,314,93,116,42,2664,917,0,0
62220,55,799,12,375,16,12,48,2846,1214,0,0
58512,25,895,10,101,13,0,56,2442,1019,0,0
40662,0,40,2,23,0,4,41,2630,69,0,0
38829,86,76,0,7,0,0,61,2243,83,0,0
35523,8,11,5,22,12,5,39,2428,55,0,0
79146,33,245,16,223,21,43,53,2225,548,0,0
78285,13,647,107,391,175,67,32,2403,1387,0,0
31626,12,39,1,9,2,1,42,2574,52,1,0
75127,92,203,35,305,46,17,68,2197,606,0,0
48726,90,138,3,38,4,0,65,2587,183,0,0
74985,8,587,51,898,247,0,43,2815,1783,0,0
67430,6,595,97,291,127,133,33,2821,1243,0,0
46891,91,43,12,23,29,15,55,2460,122,0,0
62058,52,301,7,74,10,0,64,2558,392,0,0
72063,3,180,32,348,76,32,41,2520,668,0,0
78939,57,794,115,243,150,0,69,2358,1302,0,0
42720,9,392,5,91,28,26,55,2590,542,0,0
33622,22,39,1,22,3,4,48,2601,69,0,0
6835,76,107,2,12,2,2,63,2727,125,0,0
41452,86,13,0,3,0,0,67,2639,16,0,0
40760,64,70,0,17,0,0,55,2462,87,0,0
74250,90,680,11,392,75,0,62,2313,1158,0,0
51124,79,26,1,11,0,1,65,2352,39,0,0
72258,28,522,0,522,227,120,49,2449,1391,0,0
71466,86,412,12,546,78,182,46,2244,1230,0,0
36283,42,6,5,5,8,0,44,2235,24,0,0
20587,39,2,3,6,4,1,50,2208,16,0,0
30467,8,1,3,8,2,5,48,2261,19,0,0
31590,40,6,2,15,6,6,48,2535,35,0,0
20425,5,4,12,5,3,16,34,2767,40,0,0
17144,96,18,2,19,0,2,60,2293,41,0,0
42564,28,324,48,186,39,18,52,2702,615,1,0
43783,22,327,9,125,25,4,42,2190,490,1,0
40780,30,229,27,71,13,3,44,2818,343,0,0
62847,45,521,168,706,80,76,75,2689,1551,0,0
82017,58,184,23,446,30,23,63,2758,706,3,1
16813,49,4,8,11,12,2,70,2504,37,1,0
51267,37,183,2,64,7,2,42,2402,258,0,0
46524,70,31,19,35,26,14,59,2609,125,0,0
45183,33,219,3,60,12,9,58,2684,303,1,0
70421,98,479,28,136,75,14,66,2160,732,0,0
60161,17,584,44,212,46,8,55,2773,894,0,0
73926,54,627,91,597,159,91,47,2643,1565,0,0
19329,39,24,1,16,12,2,52,2356,55,0,0
61872,81,330,5,159,36,27,50,2357,557,0,0
46984,71,19,1,10,2,1,64,2619,33,0,0
34838,62,28,23,29,29,14,69,2685,123,0,0
82716,8,606,148,228,15,148,76,2395,1145,0,0
48192,76,1039,43,204,153,58,62,2608,1497,3,0
49681,66,411,0,26,0,0,44,2396,437,0,0
56850,83,34,1,19,2,7,49,2257,63,0,0
55267,28,161,28,136,32,3,63,2410,360,0,0
59666,87,623,53,178,23,17,48,2623,894,1,0
72504,43,604,26,470,123,161,48,2608,1384,0,0
26872,0,3,10,8,3,16,39,2415,40,0,0
21359,1,12,2,17,6,1,48,2594,38,0,0
73170,1,184,174,256,50,30,45,2188,694,0,0
52750,72,393,0,239,90,69,65,2669,791,0,0
91820,72,410,73,747,76,161,34,2377,1467,0,0
65968,12,376,9,83,19,4,50,2207,491,0,0
30772,89,7,2,4,2,1,44,2268,16,0,0
22507,67,68,0,226,51,157,66,2741,502,0,0
65685,54,642,14,49,0,7,48,2251,712,0,0
25804,34,8,7,9,13,6,42,2460,43,0,0
76412,15,840,53,804,23,71,40,2579,1791,2,1
22063,43,7,10,13,3,11,48,2484,44,0,0
57091,0,464,5,64,7,0,59,2173,540,1,0
22419,74,30,3,47,19,21,57,2596,120,0,0
87771,61,1492,38,287,50,57,61,2562,1924,4,1
78353,51,752,122,476,39,153,61,2598,1542,0,0
93404,97,1279,15,287,20,0,66,2577,1601,2,1
37859,75,22,1,8,2,1,58,2692,34,0,0
80995,83,860,28,409,73,56,62,2573,1426,0,0
16529,23,3,0,5,13,0,36,2279,21,0,0
55412,65,10,5,28,11,1,44,2378,55,0,0
48789,94,351,16,156,7,5,28,2816,535,0,0
56575,42,421,5,90,0,16,53,2579,532,0,0
25130,10,2,5,7,0,18,40,2429,32,0,0
35441,94,25,1,9,2,1,53,2659,38,0,0
71391,50,336,123,274,46,123,64,2616,902,0,0
49494,46,191,9,97,0,6,48,2589,303,0,0
81702,98,563,50,774,28,31,40,2803,1446,0,0
45889,42,31,0,6,0,1,40,2521,38,0,0
56628,30,479,5,82,7,17,43,2259,590,1,0
34026,11,18,6,15,12,8,70,2487,59,0,0
40049,61,91,65,52,10,44,46,2736,262,0,0
34176,12,5,7,24,19,14,32,2207,69,0,0
19419,76,2,14,28,16,3,39,2755,63,0,0
82504,2,362,50,431,134,35,60,2496,1012,0,0
81205,43,724,74,929,97,55,50,2326,1879,3,1
61618,27,605,91,399,0,45,29,2797,1140,0,0
55284,60,547,7,140,0,7,64,2711,701,0,0
49980,79,104,1,54,13,9,57,2408,181,0,0
15072,96,8,2,15,0,10,40,2574,35,0,0
49166,17,224,2,25,7,0,46,2540,258,0,0
65324,0,384,0,102,21,32,66,2328,539,0,0
82347,38,556,54,845,202,133,63,2759,1790,2,0
30843,43,24,0,2,0,0,54,2193,26,1,0
46374,1,408,0,21,0,0,46,2263,429,2,0
60474,25,265,199,303,234,9,41,2613,1010,0,0
38576,2,34,0,7,0,0,47,2276,41,0,0
55357,66,374,64,116,84,25,35,2654,663,0,0
37758,49,27,2,10,0,0,54,2792,39,0,0
85710,5,600,20,350,29,30,31,2579,1029,1,1
23228,71,13,2,18,6,1,51,2313,40,0,0
44602,35,167,2,89,0,0,51,2293,258,0,0
7500,94,0,2,3,4,1,33,2695,10,0,0
38683,80,46,35,69,84,41,31,2792,275,0,0
49514,61,88,39,78,58,13,45,2353,276,0,0
57906,29,243,11,119,10,3,47,2542,386,0,0
43456,0,275,11,68,25,7,54,2619,386,0,0
19485,80,6,0,4,0,0,34,2437,10,0,0
53172,54,121,62,90,68,20,42,2578,361,0,0
30545,71,4,12,15,19,7,41,2779,57,0,0
70123,27,1308,0,396,23,0,37,2433,1727,2,0
62450,61,515,47,267,62,66,61,2333,957,1,0
21675,55,4,0,16,17,4,44,2177,41,0,0
42395,35,48,13,57,24,15,39,2245,157,0,0
61346,34,562,58,168,43,16,42,2425,847,0,0
80812,95,769,22,500,210,143,67,2444,1644,3,1
42835,64,379,4,93,12,9,49,2523,497,0,0
39922,30,29,12,59,19,1,37,2659,120,0,0
86424,12,387,68,569,89,45,64,2244,1158,0,0
17117,96,12,23,38,30,18,42,2687,121,0,0
24762,16,6,10,12,3,15,48,2298,46,1,0
35797,16,27,1,14,4,1,45,2780,47,0,0
36627,78,9,1,5,0,0,45,2500,15,0,0
51111,83,22,0,19,6,5,39,2169,52,0,0
86857,96,899,102,838,133,102,48,2814,2074,0,0
82072,67,889,55,685,168,92,50,2521,1889,0,0
46231,87,189,2,55,0,5,67,2739,251,0,0
42243,34,48,0,2,0,0,61,2359,50,0,0
51195,46,230,14,156,82,24,58,2613,506,0,0
68092,7,852,60,207,78,36,42,2354,1233,0,0
31814,73,35,3,20,4,1,47,2664,63,1,0
51390,54,205,20,47,23,2,55,2818,297,0,0
76630,93,255,31,446,40,56,37,2325,828,0,0
26868,52,0,0,1,8,3,29,2219,12,0,0
48948,53,437,8,206,160,49,77,2672,860,1,0
55260,81,825,8,53,11,0,48,2723,897,0,0
64090,8,316,58,161,76,51,64,2485,662,0,0
78331,97,756,138,354,160,169,62,2316,1577,0,0
37087,50,194,55,134,15,0,46,2481,398,0,0
21846,38,7,17,18,6,10,34,2409,58,0,0
81320,61,183,33,493,59,103,62,2667,871,0,0
54137,46,171,0,11,0,1,50,2476,183,0,0
66825,73,243,101,405,29,40,53,2509,818,0,0
57100,19,181,21,69,39,3,47,2366,313,0,0
58917,10,151,7,89,0,7,51,2621,254,0,0
85072,94,494,92,391,194,11,43,2240,1182,0,0
86429,10,464,28,873,29,18,59,2379,1412,1,0
45684,37,5,1,5,10,0,49,2368,21,0,0
47889,94,29,0,29,0,5,46,2335,63,0,0
45921,23,102,9,49,24,3,34,2270,187,0,0
78420,75,604,28,674,91,28,54,2524,1425,0,0
75114,40,571,12,523,63,60,28,2393,1229,0,0
52278,24,953,0,71,0,0,57,2679,1024,0,0
35641,11,63,3,67,8,9,48,2509,150,0,0
95529,29,770,29,890,250,27,26,2732,1966,1,1
62820,51,398,61,265,138,61,66,2573,923,0,0
73113,86,741,19,154,50,9,60,2344,973,0,0
84169,9,1478,19,403,0,19,38,2485,1919,2,1
42607,30,156,29,56,30,32,66,2383,303,0,0
74637,73,960,64,464,146,0,66,2566,1634,1,0
46015,25,38,0,2,0,0,65,2236,40,2,0
72354,67,315,26,473,220,12,27,2597,1046,0,0
39858,67,15,20,25,2,7,51,2680,69,0,0
34469,58,19,6,20,0,5,72,2215,50,0,0
83033,82,812,99,431,237,149,34,2201,1728,1,0
24401,98,73,28,217,10,24,41,2826,352,0,0
77583,93,372,23,384,250,12,42,2298,1041,1,0
74116,53,871,111,704,145,55,38,2340,1886,1,0
74293,66,375,152,335,93,91,27,2215,1046,0,0
68397,6,760,80,466,17,13,44,2383,1336,0,0
79632,42,471,0,510,99,21,46,2241,1101,0,0
46107,78,31,9,27,16,9,31,2298,92,0,0
64950,29,819,0,72,12,0,69,2845,903,1,0
25443,82,1,4,3,8,9,31,2713,25,0,0
75127,92,203,35,305,46,17,68,2197,606,0,0
32892,78,26,0,15,2,1,49,2194,44,0,0
71796,54,354,21,311,167,75,49,2407,928,0,0
67536,45,1253,0,447,23,71,50,2562,1794,1,0
55239,59,371,17,238,23,24,49,2509,673,0,0
60554,8,588,7,76,110,15,45,2483,796,0,0
64831,51,480,86,249,75,86,68,2543,976,0,0
56067,51,517,12,54,16,6,58,2503,605,0,0
82025,76,267,98,606,48,70,37,2556,1089,1,1
94384,62,1111,24,790,160,45,67,2641,2130,3,1
14906,86,7,7,14,7,16,34,2713,51,0,0
51563,60,1166,0,48,0,0,33,2795,1214,2,1
57937,56,261,42,144,55,48,38,2292,550,0,0
68274,83,135,25,51,23,25,41,2431,259,0,0
39771,92,6,2,18,2,8,43,2364,36,0,0
67893,31,711,28,142,49,18,45,2795,948,0,0
27922,80,11,0,13,2,4,41,2209,30,0,0
52190,39,42,0,17,0,0,44,2211,59,1,0
44051,20,79,7,58,6,3,47,2675,153,0,0
42767,53,20,6,43,19,5,49,2573,93,0,0
46106,84,30,0,8,2,0,44,2208,40,0,0
16927,50,20,2,23,3,1,44,2663,49,0,0
59754,96,115,27,44,4,146,55,2734,336,0,0
53700,94,263,5,233,69,41,68,2840,611,0,0
59041,25,69,2,15,2,2,47,2212,90,0,0
54237,48,267,3,30,4,0,63,2587,304,0,0
70647,65,561,85,171,25,123,53,2805,965,0,0
52597,69,492,0,37,7,0,58,2212,536,0,0
41021,12,14,7,9,6,16,51,2705,52,0,0
40233,84,80,4,46,0,17,45,2417,147,0,0
50183,47,97,12,84,13,10,40,2163,216,0,0
54753,87,197,107,227,7,59,61,2449,597,0,0
92955,35,693,21,925,31,24,47,2473,1694,2,1
33471,47,43,2,27,0,9,47,2784,81,0,0
34596,48,14,0,2,0,0,46,2601,16,0,0
44010,46,186,36,234,86,72,40,2783,614,0,0
84219,27,434,137,400,45,137,32,2306,1153,0,0
40706,37,59,0,11,4,2,52,2687,76,0,0
15716,8,16,5,30,8,7,32,2753,66,0,0
59052,29,230,35,75,63,57,61,2383,460,0,0
80573,85,829,138,430,60,92,49,2782,1549,0,0
83715,2,318,8,407,150,35,58,2305,918,0,0
82576,66,1206,55,445,168,18,61,2856,1892,1,1
56962,60,292,3,77,10,3,55,2420,385,0,0
35704,54,30,9,12,2,11,68,2336,64,0,0
53103,70,729,17,133,11,0,66,2449,890,1,0
46779,55,12,1,3,0,0,60,2511,16,0,0
4861,20,2,1,1,1,0,55,2166,5,0,0
33462,78,22,3,18,0,0,41,2485,43,0,0
63693,63,587,43,337,42,87,42,2417,1096,0,0
80763,17,674,168,108,192,42,70,2477,1184,2,1
65352,43,284,3,84,4,7,46,2471,382,0,0
82170,13,1023,93,651,49,55,42,2375,1871,0,0
75759,46,1394,22,708,89,91,51,2406,2304,3,1
79689,65,311,26,640,180,37,44,2572,1194,0,0
35340,1,27,0,12,0,1,64,2159,40,0,0
85683,6,1296,17,311,45,69,66,2259,1738,4,1
24884,32,3,6,7,0,0,48,2736,16,0,0
42021,34,393,5,136,7,5,39,2826,546,1,0
64449,70,218,63,282,137,35,31,2290,735,0,0
64587,49,66,0,16,0,6,66,2166,88,0,0
34824,65,4,2,11,2,0,25,2254,19,0,0
75437,25,795,0,545,95,58,42,2391,1493,1,0
26091,84,15,10,19,8,17,63,2283,69,0,0
52845,7,384,25,292,130,41,47,2479,872,1,0
46086,34,244,8,32,7,2,64,2397,293,0,0
78028,38,158,19,288,25,0,64,2816,490,2,1
95169,1,1285,21,449,106,20,33,2422,1881,2,1
56337,25,349,16,144,28,5,39,2618,542,2,0
22434,25,4,12,11,3,13,33,2660,43,0,0
36930,50,223,2,31,0,2,66,2567,258,0,0
36130,46,157,43,127,68,56,66,2671,451,1,0
65569,96,397,46,288,20,38,67,2760,789,0,0
83844,57,901,31,345,75,31,68,2572,1383,1,1
19514,47,14,3,21,2,1,52,2313,41,1,0
36736,52,10,0,3,0,0,57,2574,13,0,0
77568,30,1230,0,396,232,178,41,2832,2036,3,1
49187,63,81,1,31,2,1,44,2328,116,0,0
30168,51,154,20,66,0,12,42,2638,252,0,0
34053,14,63,0,21,7,0,52,2816,91,0,0
38196,20,30,0,11,0,0,49,2231,41,0,0
59412,56,90,67,165,30,43,69,2230,395,0,0
70924,41,635,114,254,132,152,55,2242,1287,1,1
54165,72,127,4,73,15,6,51,2556,225,0,0
32300,1,13,3,6,6,5,47,2701,33,0,0
20180,27,18,42,24,15,20,44,2653,119,0,0
34961,77,45,2,26,4,1,47,2169,78,0,0
28440,87,38,1,24,0,0,46,2516,63,0,0
64504,81,986,36,168,16,0,67,2641,1206,0,0
33564,51,61,0,3,0,0,54,2164,64,0,0
17345,79,4,9,16,17,0,42,2762,46,0,0
56320,11,201,53,172,116,77,53,2606,619,0,0
28647,54,19,8,29,0,12,42,2471,68,1,0
15038,93,4,8,11,19,12,33,2675,54,0,0
32173,0,18,0,2,0,0,62,2491,20,0,0
68316,54,806,80,161,120,11,56,2761,1178,0,0
74538,21,380,98,733,110,112,49,2524,1433,1,1
91700,58,576,172,961,125,115,49,2687,1949,0,0
68695,3,458,81,356,106,50,51,2163,1051,0,0
31056,99,5,10,13,3,8,43,2682,39,0,0
79593,70,350,60,568,110,133,47,2207,1221,1,1
28071,65,39,33,130,41,26,40,2828,269,0,0
37334,44,26,1,16,2,2,62,2282,47,0,0
46423,6,68,0,16,0,0,48,2443,84,0,0
37126,9,45,3,9,4,4,49,2250,65,1,0
47703,95,359,0,134,13,26,67,2555,532,0,0
61180,70,403,24,29,6,24,61,2226,486,1,0
38998,92,34,1,14,0,0,66,2762,49,0,0
8028,62,73,18,66,7,12,29,2808,176,0,0
76081,85,292,30,415,63,33,58,2196,833,1,0
34728,2,14,0,16,0,0,34,2493,30,0,0
33168,0,80,1,37,0,1,55,2783,119,0,0
33585,91,30,11,33,13,6,54,2436,93,0,0
77037,3,463,96,333,168,53,60,2418,1113,0,0
35196,68,75,12,141,43,39,36,2752,310,0,0
44529,98,538,13,91,17,6,54,2518,665,1,0
70924,41,635,114,254,132,152,55,2242,1287,1,1
28764,16,8,0,3,0,0,54,2183,11,1,0
69098,82,1315,22,780,145,0,71,2657,2262,0,0
25959,1,4,2,12,7,5,50,2659,30,0,0
27100,64,12,0,13,2,0,37,2609,27,0,0
70596,68,347,44,534,17,0,35,2791,942,0,0
42557,98,192,5,53,0,5,46,2828,255,0,0
53312,32,241,0,12,0,0,69,2483,253,0,0
72228,87,631,28,491,30,14,68,2738,1194,0,0
67605,84,336,28,282,184,54,33,2614,884,0,0
62845,3,1099,0,45,0,0,71,2795,1144,1,0
65196,34,743,19,181,12,0,62,2498,955,1,0
42000,23,124,83,267,85,59,33,2694,618,0,0
35860,37,15,0,8,4,2,47,2200,29,1,0
65526,22,397,19,69,12,0,56,2238,497,0,0
16860,19,10,4,4,3,3,59,2814,24,0,0
83528,7,530,117,678,134,44,28,2218,1503,2,0
64176,52,1215,33,249,64,116,55,2854,1677,0,0
22304,91,3,2,7,0,4,64,2853,16,0,0
67023,93,444,44,382,11,8,42,2276,889,0,0
32892,78,26,0,15,2,1,49,2194,44,0,0
70713,23,736,114,279,82,76,54,2732,1287,0,0
59925,83,473,21,176,19,21,65,2735,710,0,0
39722,92,32,0,5,2,0,67,2284,39,0,0
46610,4,288,10,30,4,10,62,2505,342,0,0
88347,32,1050,178,555,77,138,59,2520,1998,1,0
87171,27,1001,44,107,58,44,39,2583,1254,2,1
26907,10,9,1,7,0,3,44,2472,20,0,0
50014,9,234,14,77,19,10,52,2317,354,0,0
41014,65,7,2,6,2,0,42,2592,17,0,0
66294,68,251,108,334,65,92,55,2263,850,0,0
36715,16,172,10,125,21,13,49,2748,341,0,0
79456,12,565,42,548,64,83,64,2835,1302,0,0
40479,95,5,0,8,2,0,38,2475,15,0,0
75345,16,918,57,842,99,38,50,2671,1954,1,0
54233,46,652,8,158,21,0,43,2669,839,0,0
24163,3,4,1,7,2,1,50,2419,15,0,0
84460,80,152,27,103,106,54,62,2700,442,4,1
43776,77,8,0,9,2,1,37,2216,20,0,0
71691,0,336,130,411,240,32,62,2263,1149,0,0
85844,62,938,19,843,25,95,47,2190,1920,1,1
39190,91,68,8,18,19,8,46,2223,121,0,0
71367,24,227,23,389,42,21,61,2469,702,0,0
38578,2,38,4,22,3,3,48,2531,70,0,0
57236,22,105,0,9,2,1,55,2268,117,0,0
61825,56,162,50,100,55,30,41,2485,397,0,0
79803,54,574,8,216,21,16,62,2186,835,0,0
80910,71,160,80,369,67,39,34,2765,715,0,0
27590,38,6,0,5,0,0,38,2591,11,0,0
56775,62,614,35,160,58,35,41,2702,902,0,0
83829,78,897,161,430,186,161,45,2423,1835,3,1
54210,18,70,54,109,80,9,41,2564,322,0,0
38508,95,120,19,206,25,19,34,2490,389,0,0
53187,66,211,2,30,7,7,50,2405,257,0,0
30023,28,11,0,16,7,6,48,2256,40,0,0
76045,78,760,53,400,17,93,60,2385,1323,1,0
50870,13,53,0,8,0,0,68,2169,61,0,0
15315,27,7,4,13,15,8,50,2489,47,0,0
65463,17,391,32,70,21,32,46,2309,546,1,0
66480,71,199,9,57,20,21,55,2188,306,0,0
76773,79,516,56,449,86,33,66,2648,1140,0,0
81698,1,709,45,115,30,160,37,2644,1059,1,0
54466,78,12,0,4,0,0,47,2299,16,0,0
98777,23,1000,19,711,125,115,60,2291,1970,1,0
16269,75,19,3,18,3,1,36,2462,44,0,0
71819,70,1224,28,140,0,14,49,2464,1406,2,1
33569,10,16,2,18,3,0,37,2415,39,1,0
36262,24,88,39,54,64,28,37,2441,273,1,0
22634,47,2,23,11,8,6,54,2688,50,0,0
47025,98,508,11,59,23,5,42,2449,606,0,0
70566,4,381,28,215,84,28,52,2425,736,0,0
31605,15,74,0,42,2,1,41,2743,119,0,0
52034,67,146,0,93,7,13,47,2567,259,0,0
48526,32,23,17,23,43,20,41,2346,126,0,0
46734,40,110,5,137,26,23,66,2747,301,0,0
39552,54,165,3,147,4,24,58,2717,343,0,0
86358,78,957,47,494,82,47,54,2849,1627,0,0
46931,94,41,0,17,3,1,43,2225,62,0,0
16581,51,1,3,4,2,3,35,2692,13,0,0
63998,42,176,29,818,0,33,68,2350,1056,0,0
67381,67,815,8,53,11,0,69,2689,887,1,0
25930,87,6,1,2,2,0,53,2421,11,0,0
42693,29,8,4,20,6,3,42,2181,41,0,0
85606,89,717,42,864,219,30,44,2753,1872,1,0
72903,74,1067,138,750,0,19,35,2402,1974,3,1
49669,97,166,5,107,11,8,46,2195,297,0,0
36778,63,29,4,34,2,4,52,2852,73,0,0
85696,88,714,76,395,116,0,58,2581,1301,0,0
10979,34,8,4,10,2,2,31,2197,26,0,0
49678,81,229,5,56,3,2,59,2671,295,0,0
56129,65,320,48,133,39,72,67,2533,612,0,0
37155,51,23,0,26,7,15,31,2673,71,0,0
21282,76,1,5,8,4,8,42,2208,26,0,0
33419,76,56,0,12,0,0,58,2475,68,0,0
63285,84,508,124,249,50,38,75,2395,969,0,0
21255,56,29,0,25,2,2,46,2318,58,0,0
42162,31,46,7,59,2,4,39,2381,118,1,0
54450,0,454,0,171,8,19,64,2812,652,0,0
57744,91,350,3,39,0,0,66,2388,392,0,0
26576,40,10,0,8,0,0,34,2783,18,1,0
57513,59,735,40,183,52,20,77,2517,1030,0,0
68142,96,897,126,196,91,112,56,2828,1422,0,0
7500,61,5,2,3,3,0,41,2828,13,0,0
83145,14,777,35,731,39,137,46,2804,1719,1,1
54197,16,162,6,37,6,13,60,2246,224,0,0
23091,98,35,0,11,0,0,57,2191,46,0,0
46049,11,342,9,112,19,14,44,2502,496,0,0
56715,52,258,105,239,237,172,46,2730,1011,0,0
79410,19,658,80,483,123,13,59,2190,1357,0,0
57304,61,356,80,329,138,17,69,2634,920,0,0
44375,73,213,5,28,7,7,55,2257,260,0,0
54450,0,454,0,171,8,19,64,2812,652,0,0
59594,74,457,4,29,0,0,55,2776,490,1,0
80685,55,241,45,604,34,26,26,2835,950,0,0
40344,48,210,0,6,0,0,46,2418,216,0,0
62710,53,441,35,83,7,29,48,2561,595,0,0
48985,13,19,13,18,10,7,52,2518,67,0,0
35322,34,28,9,37,12,7,52,2835,93,0,0
77142,54,476,75,162,29,151,72,2555,893,0,0
81657,69,364,40,425,158,60,51,2317,1047,0,0
14421,81,0,0,2,3,3,24,2291,8,1,0
20130,99,0,6,3,7,6,46,2263,22,0,0
74214,3,863,83,547,86,99,30,2831,1678,0,0
66726,61,349,7,35,0,0,63,2327,391,1,0
23724,65,5,23,15,0,18,41,2696,61,0,0
47353,93,184,2,19,8,8,60,2387,221,0,0
33444,24,8,0,8,0,0,68,2762,16,0,0
54386,8,277,21,64,62,21,39,2567,445,0,0
28510,72,44,5,19,0,4,39,2601,72,0,0
90638,29,1156,120,915,94,144,29,2295,2429,1,1
48070,33,373,14,83,6,9,70,2691,485,0,0
43140,68,134,8,76,6,0,63,2699,224,0,0
54959,55,1148,0,60,0,0,59,2685,1208,1,0
15056,76,6,12,3,21,6,62,2581,48,0,0
26954,17,4,1,11,0,0,49,2211,16,0,0
22327,94,5,4,8,2,0,35,2490,19,0,0
44393,86,24,2,20,2,2,55,2470,50,0,0
62000,25,899,0,101,0,0,68,2467,1000,1,0
31497,22,108,1,28,13,1,58,2729,151,0,0
45894,15,27,2,7,0,2,46,2281,38,0,0
78579,35,816,66,549,216,66,50,2713,1713,0,0
67369,81,1298,0,70,37,14,51,2748,1419,2,1
58401,55,10,0,11,17,29,60,2229,67,0,0
62307,94,87,13,34,10,6,68,2291,150,0,0
43641,50,57,2,51,4,2,51,2592,116,0,0
63841,64,635,15,100,20,7,52,2593,777,0,0
46891,91,43,12,23,29,15,55,2460,122,0,0
70091,11,964,34,137,15,0,51,2614,1150,1,0
78075,72,572,8,259,34,35,48,2244,908,0,0
59184,6,341,142,113,259,151,59,2817,1006,0,0
54809,0,63,6,57,13,13,43,2450,152,0,0
58113,66,221,104,169,102,78,61,2679,674,0,0
51412,42,140,3,29,4,5,62,2339,181,0,0
15287,60,1,2,8,4,3,41,2786,18,1,0
66636,64,291,10,689,84,10,63,2475,1084,0,0
50965,87,544,13,85,8,6,64,2653,656,1,0
84618,96,684,100,801,21,66,55,2378,1672,1,1
18351,1,1,12,9,0,14,30,2402,36,0,0
40451,54,35,0,4,0,0,63,2292,39,1,0
36317,53,87,3,25,3,2,55,2562,120,0,0
42213,96,309,3,24,4,3,63,2419,343,1,0
65748,58,172,73,93,95,78,65,2599,511,0,0
77044,12,625,38,242,50,34,48,2404,989,1,0
74918,78,972,59,913,25,19,51,2633,1988,1,1
56721,64,157,6,39,6,13,48,2765,221,0,0
42160,26,48,9,45,3,15,45,2525,120,0,0
61559,8,279,83,88,32,14,55,2506,496,0,0
33629,49,132,0,16,0,0,57,2849,148,0,0
68682,56,919,0,505,99,30,29,2425,1553,0,0
34377,55,62,0,22,3,1,57,2685,88,0,0
8940,25,1,45,3,4,6,34,2835,59,0,0
26228,50,2,6,4,3,1,47,2439,16,0,0
77297,84,408,61,109,48,122,63,2678,748,1,0
40211,30,51,1,7,2,1,39,2493,62,1,0
33438,81,62,1,16,3,2,62,2439,84,0,0
75032,74,952,12,180,47,12,61,2586,1203,0,0
61284,76,618,15,106,20,7,65,2419,766,1,0
22518,36,11,7,12,2,2,34,2774,34,1,0
54730,64,318,3,17,4,7,45,2477,349,0,0
38452,62,56,0,14,0,0,65,2250,70,0,0
44421,53,110,5,59,7,1,49,2658,182,0,0
38197,86,23,0,11,2,1,34,2524,37,0,0
41986,15,27,5,8,8,3,42,2299,51,0,0
28427,67,18,3,19,3,3,37,2624,46,0,0
37395,47,18,0,9,0,1,44,2217,28,0,0
64722,47,303,0,280,60,147,49,2193,790,0,0
55249,81,97,1,19,2,0,64,2232,119,0,0
84906,98,997,15,414,99,30,48,2427,1555,3,1
28691,56,5,4,13,8,0,31,2519,30,0,0
44213,48,95,11,35,0,4,68,2371,145,0,0
25707,18,1,6,2,3,6,36,2321,18,0,0
59062,74,46,1,12,3,0,53,2428,62,0,0
76624,68,411,106,147,54,115,58,2195,833,1,0
66000,36,244,51,270,101,0,73,2229,666,0,0
27683,90,152,9,121,12,12,42,2853,306,0,0
1730,65,1,1,3,1,1,49,2201,7,0,0
7500,63,10,17,18,8,26,28,2732,79,0,0
40521,82,12,0,5,0,0,52,2609,17,0,0
20427,63,5,0,4,0,0,47,2256,9,0,0
65106,55,790,19,133,12,0,45,2195,954,1,0
69969,64,882,29,514,38,29,55,2465,1492,2,1
67433,51,615,28,259,12,48,68,2507,962,1,0
77766,97,1004,59,265,115,59,53,2651,1502,1,0
74716,92,133,27,421,13,195,48,2449,789,0,0
68118,51,595,23,123,10,23,57,2413,774,0,0
55158,72,293,0,87,4,11,50,2858,395,0,0
62972,39,313,15,47,20,0,65,2854,395,0,0
74190,49,151,81,86,168,91,45,2207,577,0,0
39356,21,15,0,2,0,0,44,2261,17,1,0
76653,91,736,63,946,219,189,51,2476,2153,2,1
35860,37,15,0,8,4,2,47,2200,29,1,0
90687,98,982,17,672,23,34,37,2562,1728,1,1
73450,85,1142,51,415,90,69,38,2365,1767,2,0
31454,40,28,0,11,0,0,60,2517,39,0,0
47139,2,46,0,12,0,2,68,2274,60,0,0
83829,78,897,161,430,186,161,45,2423,1835,3,1
53378,41,489,6,152,8,6,57,2802,661,0,0
19656,94,25,4,9,6,8,50,2665,52,0,0
45579,10,145,1,33,2,1,72,2472,182,0,0
85485,73,630,26,611,44,18,62,2167,1329,0,0
55956,22,760,38,104,50,9,76,2242,961,1,0
64191,30,420,15,186,151,38,57,2682,810,0,0
38808,21,125,17,52,3,19,48,2831,216,1,0
57183,51,464,5,64,7,0,54,2626,540,0,0
23748,97,6,6,29,12,15,52,2744,68,0,0
66303,56,1090,12,96,16,12,49,2647,1226,1,0
37368,4,3,2,11,2,2,45,2354,20,1,0
40800,77,24,0,27,8,30,56,2703,89,0,0
71847,95,737,21,106,55,63,42,2805,982,1,0
46149,36,254,6,71,4,0,45,2371,335,0,0
78687,13,817,185,687,145,55,37,2848,1889,1,1
49118,90,620,54,239,99,98,49,2839,1110,2,0
37633,49,13,4,20,0,0,63,2806,37,0,0
39767,18,113,61,204,34,26,69,2502,438,0,0
26997,89,7,23,78,133,49,69,2760,290,0,0
33986,43,16,2,18,2,1,50,2631,39,0,0
57091,82,462,0,24,6,0,48,2742,492,1,0
46831,84,22,2,10,6,4,51,2545,44,0,0
83151,80,968,147,842,137,42,48,2663,2136,3,1
52531,68,283,112,151,51,72,49,2705,669,0,0
15759,12,1,2,5,6,0,64,2456,14,0,0
22804,75,14,1,7,2,1,49,2492,25,0,0
43050,10,30,5,24,6,3,47,2262,68,0,0
42997,91,4,0,5,0,1,43,2363,10,0,0
48918,21,52,0,9,0,0,57,2237,61,0,0
60033,28,62,1,57,19,11,66,2251,150,0,0
34043,97,20,2,14,3,0,42,2406,39,0,0
57811,49,545,7,114,37,21,54,2529,724,1,0
78569,14,558,79,622,207,175,74,2289,1641,1,1
7500,5,6,5,4,13,4,42,2708,32,0,0
94384,62,1111,24,790,160,45,67,2641,2130,3,1
23148,83,4,6,8,6,3,35,2290,27,0,0
44267,48,183,5,65,3,5,50,2648,261,0,0
71626,94,546,72,376,94,145,41,2764,1233,1,0
60894,61,606,7,155,10,0,54,2525,778,0,0
50200,70,266,6,51,8,6,44,2611,337,0,0
81051,43,1142,29,249,38,29,55,2196,1487,2,1
65169,23,1074,0,69,0,0,38,2325,1143,4,1
59868,37,771,51,154,54,10,48,2501,1040,0,0
65695,50,371,32,189,0,58,60,2308,650,0,0
64857,78,556,14,717,210,0,64,2742,1497,0,0
45143,74,202,5,74,11,5,55,2466,297,0,0
74805,14,209,162,209,41,162,65,2394,783,0,0
59060,77,35,40,111,36,40,31,2328,262,0,0
27238,39,37,0,17,0,0,58,2594,54,0,0
47009,89,171,45,73,59,10,55,2430,358,0,0
46094,62,12,2,20,3,2,47,2178,39,0,0
40321,59,44,4,21,6,0,48,2494,75,0,0
37235,68,20,2,9,4,6,36,2307,41,0,0
81843,13,779,86,537,34,69,60,2592,1505,0,0
46692,37,170,6,97,24,12,62,2547,309,0,0
77382,36,491,48,231,112,105,52,2332,987,1,1
37774,28,173,8,107,7,2,43,2823,297,1,0
18393,2,7,10,13,16,0,46,2251,46,0,0
72828,17,1205,0,235,19,14,58,2659,1473,0,0
24711,86,10,7,25,6,3,38,2231,51,0,0
45503,54,97,4,44,6,1,45,2436,152,0,0
6560,2,67,11,26,4,3,38,2358,111,0,0
71604,3,345,53,528,98,75,75,2383,1099,1,0
27244,84,6,5,17,3,24,41,2273,55,0,0
48752,8,73,57,100,71,15,51,2723,316,0,0
71434,4,711,36,217,172,96,58,2443,1232,2,0
90842,57,774,70,118,182,187,72,2494,1331,0,0
88097,24,163,0,480,0,126,42,2839,769,3,1
51948,51,82,33,54,71,30,45,2444,270,0,0
71853,29,358,108,413,141,97,38,2576,1117,0,0
35876,13,66,2,40,4,3,37,2229,115,0,0
40049,23,13,6,7,0,3,68,2415,29,0,0
39660,36,139,13,78,20,13,38,2849,263,0,0
50127,88,274,0,21,4,6,58,2190,305,1,0
43263,2,262,6,61,0,10,43,2744,339,0,0
62845,3,1099,0,45,0,0,71,2795,1144,1,0
18929,15,32,0,8,23,4,30,2657,67,0,0
24367,58,2,4,2,0,11,38,2625,19,0,0
33249,11,6,10,21,19,14,45,2653,70,0,0
26887,27,6,7,4,3,4,61,2663,24,0,0
50150,32,135,46,92,65,61,37,2533,399,0,0
62061,12,641,7,84,0,30,44,2461,762,1,0
85696,88,714,76,395,116,0,58,2581,1301,0,0
76542,91,794,73,573,0,29,64,2615,1469,0,0
70515,12,420,0,452,182,64,27,2410,1118,0,0
18227,21,1,2,7,4,3,33,2757,17,0,0
69139,23,86,12,75,33,15,55,2312,221,0,0
69109,10,823,25,459,124,29,38,2756,1460,1,1
69627,35,231,161,215,171,30,58,2628,808,0,0
38136,69,8,15,27,0,20,42,2592,70,1,0
62159,68,182,17,259,77,70,74,2221,605,0,0
80695,85,557,129,984,193,37,57,2341,1900,0,0
33316,34,79,1,31,4,4,49,2427,119,0,0
58554,55,368,24,68,38,0,52,2800,498,0,0
17256,10,6,4,14,8,8,28,2377,40,1,0
53034,30,160,15,196,15,11,46,2554,397,0,0
52203,36,488,21,238,56,108,70,2857,911,0,0
59601,14,691,7,69,0,7,43,2498,774,1,0
75154,79,543,10,205,160,143,62,2822,1061,0,0
47025,52,254,7,108,20,0,44,2393,389,0,0
37971,97,5,4,10,2,2,47,2375,23,0,0
41335,24,112,19,21,16,14,52,2344,182,0,0
67267,0,134,11,59,15,2,62,2206,221,0,0
57338,96,143,6,52,11,8,45,2220,220,0,0
50523,89,51,4,24,4,7,60,2345,90,0,0
35791,94,27,0,5,0,0,55,2578,32,0,0
50611,98,459,0,24,6,0,60,2792,489,1,0
56242,72,689,8,167,11,8,51,2642,883,0,0
48904,1,283,10,38,0,13,60,2733,344,0,0
56243,26,347,0,35,4,3,45,2340,389,0,0
21355,5,5,13,14,0,5,35,2472,37,1,0
57420,22,280,0,18,0,0,49,2528,298,1,0
46390,56,95,14,64,2,9,65,2214,184,0,0
54342,74,84,10,34,11,10,64,2520,149,0,0
20895,24,18,3,17,3,0,47,2790,41,0,0
92344,9,992,24,694,51,19,72,2324,1780,2,1
26907,10,9,1,7,0,3,44,2472,20,0,0
44964,35,19,1,17,2,0,40,2719,39,0,0
75507,56,709,93,374,104,80,41,2217,1360,0,0
53761,7,158,0,76,13,7,48,2420,254,0,0
22682,51,10,14,29,4,2,47,2428,59,0,0
38887,17,25,1,13,0,0,48,2278,39,0,0
41658,30,8,4,12,15,4,45,2756,43,0,0
29791,21,14,0,6,0,0,48,2204,20,0,0
63915,2,622,7,115,30,0,64,2493,774,0,0
39996,85,11,0,3,0,0,46,2197,14,0,0
26759,65,25,3,16,8,5,48,2301,57,0,0
63841,64,635,15,100,20,7,52,2593,777,0,0
51039,11,100,64,79,65,0,51,2725,308,0,0
60544,92,201,2,43,3,5,59,2832,254,0,0
65685,54,642,14,49,0,7,48,2251,712,0,0
37716,4,97,1,41,6,2,67,2228,147,0,0
36864,53,204,5,39,17,0,63,2844,265,0,0
44511,39,513,7,133,46,14,50,2784,713,0,0
36947,49,88,3,21,4,1,53,2850,117,0,0
47352,70,172,12,112,8,0,69,2603,304,0,0
67087,40,329,35,222,130,35,67,2353,751,0,0
57045,40,296,13,104,11,13,70,2818,437,0,0
36957,43,100,2,16,2,1,67,2820,121,0,0
69389,17,422,7,238,69,46,43,2798,782,0,0
80134,40,1218,16,272,104,0,48,2564,1610,3,1
43142,84,5,1,7,2,1,51,2290,16,0,0
80589,25,507,93,520,242,40,76,2317,1402,1,0
34412,62,52,12,50,4,36,30,2660,154,0,0
57537,83,191,56,139,51,8,41,2543,445,0,0
22634,47,2,23,11,8,6,54,2688,50,0,0
51315,45,68,28,39,16,30,72,2285,181,0,0
36026,34,20,4,10,6,4,48,2264,44,0,0
24639,3,20,3,16,0,4,47,2311,43,0,0
34578,1,7,0,1,0,0,48,2238,8,0,0
65704,18,279,172,74,38,8,48,2418,571,0,0
63810,45,977,12,253,16,12,54,2754,1270,1,0
54132,81,30,1,8,0,0,51,2292,39,0,0
18690,77,6,1,7,23,4,61,2707,41,0,0
28164,23,3,18,26,11,8,50,2580,66,0,0
34596,48,14,0,2,0,0,46,2601,16,0,0
43269,61,10,1,7,0,0,48,2445,18,0,0
38741,60,7,10,17,8,6,62,2250,48,0,0
31907,75,33,87,64,175,16,48,2641,375,0,0
27100,64,12,0,13,2,0,37,2609,27,0,0
31163,54,2,3,10,11,2,47,2295,28,0,0
92533,84,693,21,118,110,147,35,2351,1089,2,1
34853,75,9,3,15,2,3,47,2347,32,0,0
70844,16,129,26,67,3,67,53,2401,292,0,0
31086,79,16,2,11,3,0,41,2580,32,1,0
60544,92,201,2,43,3,5,59,2832,254,0,0
20491,16,5,4,5,4,2,34,2679,20,0,0
42523,96,14,36,11,3,26,56,2226,90,0,0
39922,30,29,12,59,19,1,37,2659,120,0,0
33402,60,26,2,19,10,5,68,2505,62,0,0
36408,11,9,1,4,3,2,71,2440,19,0,0
21645,75,14,0,23,4,5,41,2823,46,0,0
78427,36,972,19,595,180,26,72,2772,1792,1,0
82657,71,966,168,672,246,105,74,2434,2157,2,0
51876,88,99,27,102,28,48,62,2416,304,0,0
78041,93,482,35,553,72,160,49,2719,1302,0,0
52852,93,714,8,99,11,0,63,2734,832,1,0
70038,54,587,54,348,71,54,38,2406,1114,0,0
69401,41,399,27,159,58,8,47,2257,651,0,0
46053,46,56,10,92,19,7,48,2656,184,0,0
77343,28,227,151,573,98,54,55,2179,1103,0,0
73892,40,703,102,601,0,58,67,2387,1464,0,0
40304,82,37,0,17,0,0,53,2431,54,0,0
32727,38,167,13,180,86,13,55,2829,459,0,0
68695,3,458,81,356,106,50,51,2163,1051,0,0
43300,87,91,3,52,2,1,49,2783,149,0,0
26290,49,15,8,16,11,5,48,2692,55,0,0
93790,16,1302,68,731,89,114,50,2296,2304,3,1
38410,65,153,64,123,116,64,46,2812,520,0,0
64866,9,508,5,21,7,5,70,2313,546,1,0
57957,24,290,59,177,77,5,61,2473,608,0,0
46015,25,38,0,2,0,0,65,2236,40,2,0
16531,43,2,13,6,7,5,42,2170,33,0,0
28072,10,30,0,10,2,0,34,2515,42,0,0
49476,29,386,23,95,54,41,57,2533,599,0,0
50725,45,443,10,75,0,10,67,2660,538,0,0
83844,57,901,31,345,75,31,68,2572,1383,1,1
41145,20,9,0,3,0,0,70,2300,12,0,0
67419,29,846,84,352,91,56,50,2688,1429,0,0
23162,82,8,3,9,19,4,50,2349,43,0,0
34380,68,72,7,58,13,1,43,2582,151,0,0
34704,65,29,0,5,0,1,54,2587,35,0,0
94871,99,169,24,553,188,0,51,2825,934,2,1
65148,9,460,35,422,33,12,62,2749,962,0,0
39898,20,69,8,26,12,7,66,2661,122,0,0
64857,78,556,14,717,210,0,64,2742,1497,0,0
59892,26,73,0,13,0,1,50,2398,87,0,0
41020,68,112,1,54,7,7,33,2403,181,0,0
57072,79,944,0,60,0,0,59,2315,1004,1,0
60474,25,265,199,303,234,9,41,2613,1010,0,0
62807,83,526,28,135,10,21,60,2826,720,0,0
19414,32,2,3,12,3,5,39,2415,25,0,0
19107,49,2,4,9,10,5,40,2470,30,0,0
75484,50,378,97,259,197,194,44,2855,1125,0,0
70379,84,553,25,142,65,67,44,2642,852,0,0
79419,96,751,127,687,20,15,50,2166,1600,0,0
64014,56,406,0,30,0,0,74,2178,436,1,0
76998,85,1449,89,161,69,35,65,2693,1803,1,1
49854,63,123,17,171,39,0,48,2390,350,0,0
60585,17,267,42,309,55,42,49,2529,715,0,0
42873,11,209,0,40,3,2,70,2683,254,0,0
87679,62,1259,172,815,97,148,32,2496,2491,3,1
57867,48,344,35,178,15,23,42,2430,595,0,0
35765,86,22,3,30,0,5,30,2359,60,0,0
65492,73,247,161,295,210,85,61,2313,998,0,0
32952,36,38,0,12,3,1,43,2369,54,0,0
53374,34,896,10,101,13,10,51,2841,1030,1,0
71706,16,931,56,253,91,98,61,2752,1429,0,0
68487,48,758,12,385,33,89,32,2691,1277,0,0
53253,61,216,9,57,20,9,45,2662,311,0,0
31163,54,2,3,10,11,2,47,2295,28,0,0
42014,56,244,15,108,4,15,43,2840,386,0,0
54108,74,539,6,91,8,6,47,2760,650,0,0
49667,35,1181,26,120,17,13,65,2837,1357,1,0
63206,65,750,8,125,11,8,46,2260,902,1,1
57136,48,306,5,109,21,109,48,2514,550,0,0
46772,88,350,104,189,197,151,45,2758,991,1,0
78931,19,331,197,170,58,152,49,2406,908,0,0
53977,21,620,16,165,0,24,62,2545,825,0,0
84219,27,434,137,400,45,137,32,2306,1153,0,0
46098,86,57,0,27,0,0,45,2839,84,0,0
73538,92,811,76,428,99,137,55,2740,1551,0,0
79529,1,423,42,706,73,197,34,2222,1441,0,0
20981,14,2,12,10,6,13,43,2584,43,0,0
51766,74,60,51,87,6,20,40,2269,224,0,0
55759,84,675,0,85,10,7,58,2737,777,0,0
33039,4,30,8,12,8,8,42,2452,66,0,0
37787,50,40,1,40,4,3,48,2441,88,0,0
27242,2,3,17,26,20,1,50,2754,67,0,0
87188,73,910,111,724,49,74,37,2550,1868,0,0
69930,21,252,98,827,219,70,49,2558,1466,0,0
37697,82,34,6,21,11,4,44,2301,76,0,0
37401,14,19,3,19,3,1,47,2213,45,0,0
3502,56,2,1,1,0,0,47,2601,4,0,0
58597,20,490,0,184,10,28,44,2745,712,0,0
82032,54,332,194,377,149,125,72,2244,1177,0,0
28087,77,53,8,17,13,0,62,2724,91,0,0
74004,5,784,48,560,42,176,33,2284,1610,2,1
19740,65,7,11,3,10,4,60,2621,35,0,0
57036,33,1171,43,219,19,14,45,2724,1466,1,0
53083,65,215,7,33,3,0,62,2569,258,1,0
69283,41,674,62,134,0,26,45,2174,896,0,0
46098,86,57,0,27,0,0,45,2839,84,0,0
23331,92,5,36,7,0,10,32,2822,58,0,0
23331,97,104,20,101,24,15,32,2791,264,0,0
9255,91,9,0,7,2,0,31,2350,18,0,0
67786,0,431,82,441,80,20,61,2363,1054,0,0
71969,59,1000,0,76,0,0,49,2780,1076,1,0
59235,4,448,40,469,80,0,53,2692,1037,0,0
31928,5,33,4,24,4,2,31,2252,67,0,0
74881,48,505,72,270,36,27,59,2637,910,0,0
65819,99,267,38,701,149,165,42,2736,1320,0,0
51411,81,14,0,3,0,0,67,2558,17,0,0
51983,95,631,0,115,10,7,56,2826,763,0,0
42386,43,65,4,16,0,4,34,2691,89,0,0
30390,5,10,12,12,25,1,33,2459,60,0,0
30983,50,51,4,50,12,1,57,2756,118,0,0
66033,76,293,35,179,46,59,63,2684,612,0,0
37284,46,11,1,2,2,1,45,2616,17,0,0
57530,68,50,1,27,6,7,69,2419,91,0,0
76800,33,173,26,255,35,71,55,2272,560,0,0
63943,50,423,184,368,13,97,64,2824,1085,0,0
76081,85,292,30,415,63,33,58,2196,833,1,0
67445,63,757,80,217,29,80,46,2845,1163,0,0
37054,89,12,1,6,0,1,53,2446,20,0,0
47175,81,167,2,44,6,2,58,2768,221,1,0
31859,77,3,1,3,8,0,44,2539,15,0,0
27215,50,30,5,22,8,9,59,2681,74,0,0
70179,10,532,88,168,69,44,44,2502,901,0,0
39922,30,29,12,59,19,1,37,2659,120,0,0
49681,66,411,0,26,0,0,44,2396,437,0,0
24645,16,5,3,4,4,1,32,2764,17,0,0
79865,12,71,99,278,185,121,66,2170,754,0,0
44322,30,46,0,40,3,0,35,2172,89,0,0
47958,8,268,11,88,15,3,68,2685,385,0,0
63972,93,928,63,254,0,12,56,2733,1257,1,0
75315,14,459,15,171,142,23,66,2234,810,0,0
55517,53,483,0,108,0,6,70,2799,597,0,0
75283,26,733,9,180,12,19,63,2618,953,0,0
82800,23,1006,22,115,59,68,74,2741,1270,2,1
38998,92,34,1,14,0,0,66,2762,49,0,0
90638,29,1156,120,915,94,144,29,2295,2429,1,1
27161,41,7,4,23,7,0,34,2403,41,0,0
42014,56,244,15,108,4,15,43,2840,386,0,0
38201,19,233,0,23,0,0,60,2616,256,0,0
45203,4,35,3,67,10,8,38,2257,123,0,0
81574,89,1252,0,465,46,35,73,2221,1798,2,1
34935,71,34,4,66,3,10,28,2532,117,0,0
60482,81,255,43,134,37,14,44,2681,483,0,0
34633,31,8,1,5,0,0,64,2316,14,0,0
78093,53,368,32,639,13,43,73,2359,1095,0,0
82460,78,255,47,573,52,32,70,2368,959,0,0
45903,80,33,8,10,2,10,54,2226,63,0,0
81361,18,163,23,424,27,65,33,2283,702,0,0
35860,37,15,0,8,4,2,47,2200,29,1,0
40442,52,45,12,52,25,22,68,2838,156,0,0
61482,39,48,58,68,16,66,55,2161,256,0,0
34968,11,158,6,45,8,2,40,2604,219,0,0
75794,33,754,160,625,63,32,33,2346,1634,1,0
31497,22,108,1,28,13,1,58,2729,151,0,0
74268,83,199,66,315,97,174,65,2659,851,0,0
13724,43,2,7,5,2,15,32,2826,31,1,0
45143,74,202,5,74,11,5,55,2466,297,0,0
52569,54,85,0,3,0,0,53,2244,88,0,0
48432,3,322,3,50,4,3,47,2778,382,0,0
17144,96,18,2,19,0,2,60,2293,41,0,0
36108,68,141,8,129,3,11,36,2416,292,1,0
76445,2,739,107,309,140,80,49,2798,1375,0,0
36663,40,18,0,6,3,3,45,2224,30,0,0
53843,64,378,0,88,19,4,55,2526,489,0,0
90226,26,1083,108,649,253,151,64,2800,2244,1,0
70638,69,1016,12,215,16,12,65,2552,1271,1,0
44512,57,23,1,6,0,0,60,2462,30,0,0
27116,78,12,1,21,2,2,59,2278,38,0,0
54072,71,35,0,4,0,0,57,2496,39,0,0
71855,59,548,31,422,0,112,43,2688,1113,0,0
51250,28,342,32,230,34,32,30,2615,670,1,0
60432,61,365,3,15,4,3,47,2271,390,0,0
65526,22,397,19,69,12,0,56,2238,497,0,0
68655,95,456,19,832,75,118,32,2847,1500,0,0
12393,38,5,6,15,11,7,42,2731,44,0,0
64509,19,836,185,575,24,25,30,2475,1645,1,0
33955,92,100,2,128,23,7,45,2483,260,0,0
31353,24,10,0,10,3,1,43,2341,24,0,0
55434,21,238,115,215,169,69,36,2426,806,0,0
28359,35,6,0,5,2,1,37,2404,14,0,0
57100,9,158,11,99,15,11,33,2201,294,0,0
69139,23,86,12,75,33,15,55,2312,221,0,0
52973,92,856,0,76,12,9,64,2757,953,0,0
51717,55,98,1,17,0,1,55,2472,117,1,0
18793,14,4,16,20,0,17,49,2692,57,0,0
66664,78,398,96,447,220,96,38,2801,1257,0,0
50664,64,313,8,104,6,4,61,2688,435,0,0
54414,49,109,18,16,24,26,57,2681,193,0,0
54549,8,216,2,6,0,0,68,2277,224,0,0
47111,35,595,71,153,120,112,49,2818,1051,0,0
41003,11,123,133,142,71,44,57,2628,513,0,0
19444,8,16,0,23,3,2,38,2286,44,0,0
36301,53,11,12,35,3,5,44,2406,66,0,0
73059,36,410,112,420,0,82,73,2461,1024,0,0
42731,64,159,2,51,6,2,51,2410,220,0,0
52854,43,105,0,10,0,1,61,2256,116,0,0
22775,40,5,1,8,0,0,42,2534,14,0,0
46681,52,269,15,69,15,19,72,2423,387,0,0
59821,11,629,0,70,0,0,65,2602,699,0,0
50002,21,443,5,71,21,16,66,2536,556,0,0
69755,23,217,77,373,111,23,75,2429,801,0,0
44078,17,24,1,10,2,0,51,2169,37,0,0
30560,6,9,1,5,4,5,44,2526,24,0,0
35924,56,8,0,14,2,3,51,2257,27,0,0
64140,71,1459,0,61,0,15,56,2438,1535,3,1
56386,51,230,48,214,13,32,39,2769,537,0,0
24594,94,1,3,6,10,0,41,2360,20,0,0
75774,27,340,21,134,258,14,39,2217,767,0,0
39228,1,7,1,6,0,3,60,2574,17,0,0
58494,56,298,7,68,4,0,46,2358,377,0,0
58684,71,479,35,179,28,7,39,2172,728,1,0
57136,18,267,140,599,34,12,53,2566,1052,0,0
56551,48,67,4,32,17,2,70,2212,122,0,0
22448,86,3,1,8,23,2,38,2282,37,0,0
82014,48,980,37,265,35,163,59,2837,1480,0,0
34213,2,50,4,28,6,3,57,2819,91,0,0
25358,57,19,0,5,0,0,73,2501,24,0,0
35544,77,30,5,23,4,1,42,2272,63,0,0
36634,0,213,9,76,4,3,66,2556,305,0,0
62670,57,539,30,92,80,46,66,2306,787,0,0
50334,24,284,16,160,84,16,48,2499,560,0,0
72066,55,1003,34,536,134,51,39,2165,1758,2,1
50729,62,239,13,143,45,4,62,2582,444,0,0
34916,89,51,23,82,33,0,52,2569,189,0,0
64892,77,527,24,230,32,24,44,2190,837,0,0
43602,45,19,5,12,10,3,54,2329,49,0,0
33996,46,40,2,15,8,0,31,2450,65,0,0
41473,80,21,8,20,15,3,35,2534,67,0,0
63246,60,593,30,91,29,22,53,2472,765,0,0
36732,71,21,5,3,10,1,61,2341,40,0,0
69084,43,1181,107,199,39,30,50,2381,1556,0,0
77766,97,1004,59,265,115,59,53,2651,1502,1,0
37929,49,202,2,46,3,2,35,2493,255,2,0
86610,66,446,107,768,33,196,69,2456,1550,0,0
80141,20,1184,102,673,52,40,34,2693,2051,1,1
72635,54,390,22,323,104,35,65,2550,874,1,0
69016,61,726,53,363,123,107,50,2743,1372,0,0
20193,18,8,8,22,24,11,29,2737,73,0,0
27573,45,50,15,110,39,15,45,2620,229,0,0
15862,26,1,1,4,11,9,41,2526,26,0,0
49544,0,308,0,73,0,0,44,2661,381,0,0
33228,28,22,2,31,7,4,40,2316,66,0,0
70440,49,690,117,499,76,102,42,2423,1484,1,0
38232,84,43,5,28,7,6,49,2322,89,0,0
22554,38,27,0,10,0,0,65,2762,37,0,0
23536,53,6,0,3,0,0,37,2184,9,0,0
49413,88,205,7,41,3,2,68,2406,258,0,0
42231,99,24,0,8,0,1,51,2255,33,0,0
78789,12,667,50,850,21,83,40,2849,1671,0,0
56534,35,691,7,61,10,0,52,2500,769,2,0
58350,5,493,26,206,116,80,49,2700,921,0,0
81217,77,493,70,324,146,40,31,2504,1073,0,0
49090,45,494,5,82,7,0,69,2504,588,0,0
61787,71,621,73,414,78,48,33,2517,1234,0,0
18169,40,9,0,5,0,0,35,2654,14,0,0
24336,82,1,6,2,8,2,39,2830,19,0,0
18222,70,12,4,19,12,6,30,2704,53,0,0
62335,87,243,131,217,85,6,68,2561,682,0,0
42033,95,11,1,4,2,0,49,2807,18,0,0
86580,72,532,21,127,26,20,37,2646,726,1,1
41437,5,29,0,2,0,0,63,2804,31,0,0
73705,86,612,91,520,258,107,69,2275,1588,0,0
61064,80,387,126,342,0,45,44,2826,900,0,0
38452,62,56,0,14,0,0,65,2250,70,0,0
18358,49,6,8,19,16,4,31,2380,53,0,0
55012,85,582,0,65,0,0,47,2259,647,0,0
9722,7,6,17,16,6,16,47,2794,61,0,0
38175,6,70,6,69,2,3,36,2438,150,0,0
58656,25,962,12,194,16,24,64,2806,1208,1,1
52117,55,112,10,107,30,0,55,2841,259,0,0
64813,81,293,0,124,179,97,42,2337,693,0,0
54222,98,199,12,31,3,12,47,2279,257,0,0
83512,31,1060,61,835,80,20,34,2171,2056,4,1
77520,30,940,44,396,0,88,61,2464,1468,3,1
41154,98,44,2,11,2,3,42,2605,62,0,0
80398,92,342,51,936,207,35,54,2755,1571,1,1
18746,41,2,10,11,12,9,28,2190,44,0,0
35196,68,75,12,141,43,39,36,2752,310,0,0
60230,78,520,20,367,39,81,64,2564,1027,0,0
22108,46,5,3,9,6,2,43,2211,25,0,0
44392,71,87,5,71,7,12,46,2456,182,0,0
55424,6,462,61,184,10,53,44,2740,770,1,0
17688,82,2,2,1,3,1,41,2691,9,0,0
92491,71,979,44,935,29,25,37,2583,2012,3,1
90273,32,704,129,853,120,74,29,2356,1880,3,1
82571,28,861,31,558,62,95,58,2247,1607,1,1
38513,20,172,3,115,16,0,38,2311,306,0,0
16653,10,5,7,31,15,4,41,2231,62,0,0
42586,7,194,2,56,0,0,65,2767,252,0,0
23529,67,9,7,13,3,2,55,2697,34,0,0
74881,48,505,72,270,36,27,59,2637,910,0,0
71107,61,533,10,217,198,174,69,2656,1132,0,0
46910,36,48,0,14,0,0,56,2257,62,0,0
18690,77,6,1,7,23,4,61,2707,41,0,0
37244,90,18,2,10,0,0,65,2587,30,1,0
82427,35,482,147,509,104,107,54,2268,1349,1,1
75342,38,204,97,97,21,118,62,2578,537,0,0
70044,46,1073,0,250,153,14,66,2655,1490,0,0
79146,33,245,16,223,21,43,53,2225,548,0,0
77437,70,560,21,442,29,44,57,2374,1096,1,1
54984,51,173,13,131,32,3,61,2195,352,1,0
42403,18,22,1,11,0,5,49,2359,39,0,0
55761,97,136,1,12,0,3,56,2225,152,1,0
37292,32,275,0,86,10,23,37,2596,394,0,0
45576,9,56,19,29,2,14,75,2191,120,0,0
70321,6,303,23,751,82,26,73,2688,1185,0,0
58086,80,708,7,62,0,0,51,2684,777,0,0
81795,74,324,132,693,27,118,68,2770,1294,0,0
28389,49,1,5,3,7,4,73,2745,20,0,0
66835,21,620,26,195,34,17,74,2433,892,0,0
69901,95,312,21,206,102,92,51,2555,733,0,0
80360,56,1493,86,454,112,43,71,2642,2188,3,1
63342,48,918,21,118,13,10,59,2780,1080,1,0
44989,26,98,0,106,49,10,46,2814,263,0,0
31859,3,3,4,7,15,8,40,2281,37,0,0
51569,39,380,0,47,6,0,71,2661,433,1,0
30372,33,15,0,12,7,3,49,2710,37,0,0
16014,42,3,9,4,7,8,41,2628,31,0,0
41120,80,24,2,23,0,8,52,2394,57,0,0
39763,9,80,1,60,4,6,49,2488,151,0,0
38725,52,31,0,6,2,1,65,2209,40,0,0
77981,78,138,120,204,16,126,48,2558,604,0,0
62905,68,166,75,96,119,107,56,2451,563,0,0
13533,45,12,3,8,8,0,41,2635,31,0,0
59481,47,178,3,85,71,66,45,2408,403,0,0
72117,34,707,20,171,65,60,43,2472,1023,0,0
21955,81,5,1,7,17,14,34,2454,44,0,0
67131,72,465,71,250,93,35,64,2619,914,0,0
36802,23,16,1,2,0,0,40,2172,19,0,0
71853,29,358,108,413,141,97,38,2576,1117,0,0
28249,80,1,9,7,2,14,59,2173,33,0,0
47808,30,123,1,26,2,0,45,2411,152,1,0
25509,15,40,3,30,10,7,46,2808,90,0,0
51012,86,102,9,63,2,9,74,2596,185,0,0
70596,68,347,44,534,17,0,35,2791,942,0,0
85431,54,376,53,462,168,53,68,2545,1112,0,0
42664,44,21,0,3,0,0,53,2262,24,0,0
42586,7,194,2,56,0,0,65,2767,252,0,0
29760,87,64,4,68,7,5,35,2828,148,0,0
28973,59,206,0,46,3,2,43,2783,257,0,0
39435,16,71,0,18,0,0,47,2486,89,0,0
65370,1,71,22,112,138,89,36,2491,432,0,0
20194,64,0,4,7,11,10,41,2718,32,0,0
42473,72,93,1,21,0,4,44,2291,119,0,0
64590,98,920,138,168,36,46,52,2782,1308,0,0
71232,91,653,17,170,34,26,61,2372,900,0,0
34600,8,199,33,60,8,3,49,2703,303,0,0
46904,20,153,4,56,0,9,53,2762,222,0,0
49094,6,376,0,38,11,8,47,2805,433,0,0
36075,54,46,0,30,12,1,37,2361,89,0,0
60839,72,600,21,128,223,150,41,2829,1122,0,0
77298,46,425,115,292,23,35,41,2398,890,0,0
34026,11,18,6,15,12,8,70,2487,59,0,0
48918,21,52,0,9,0,0,57,2237,61,0,0
82122,89,734,22,350,151,25,58,2477,1282,1,1
37697,82,34,6,21,11,4,44,2301,76,0,0
34074,69,135,1,41,10,1,68,2510,188,1,0
28520,55,11,0,10,0,2,60,2539,23,0,0
62535,13,163,48,90,0,45,65,2428,346,0,0
36273,80,29,3,30,3,2,43,2233,67,0,0
63404,97,734,26,70,11,44,56,2182,885,1,0
75774,27,340,21,134,258,14,39,2217,767,0,0
78416,99,453,38,279,188,38,44,2161,996,0,0
75702,87,1073,0,629,145,37,46,2782,1884,1,1
59385,85,135,0,10,0,4,69,2586,149,0,0
37070,30,231,7,137,4,15,54,2625,394,0,0
44689,82,18,0,5,0,0,69,2329,23,1,0
53977,21,620,16,165,0,24,62,2545,825,0,0
7144,92,81,4,33,5,2,54,2363,125,0,0
18701,95,12,4,2,10,6,56,2549,34,0,0
90369,2,292,51,981,224,23,64,2221,1571,0,0
63159,74,965,34,586,89,86,46,2760,1760,1,0
37758,49,27,2,10,0,0,54,2792,39,0,0
46757,71,777,30,163,0,51,57,2749,1021,0,0
79734,72,572,8,232,23,62,51,2160,897,1,0
63207,68,438,169,565,91,169,28,2684,1432,1,0
72071,4,531,69,300,150,138,66,2659,1188,0,0
21840,80,17,0,9,0,0,37,2502,26,0,0
58582,15,402,35,106,101,77,38,2433,721,1,0
72282,70,503,27,419,90,139,69,2504,1178,0,0
50387,91,369,9,87,12,14,64,2461,491,0,0
32583,10,5,0,3,0,0,59,2173,8,0,0
62568,99,362,17,398,80,35,58,2242,892,1,0
44635,25,56,0,9,0,0,49,2420,65,0,0
33316,34,79,1,31,4,4,49,2427,119,0,0
63967,57,387,84,141,73,35,52,2483,720,0,0
52513,84,367,17,241,104,188,42,2822,917,0,0
25293,51,15,0,11,0,2,51,2446,28,0,0
54111,97,267,6,54,8,3,55,2467,338,0,0
78394,13,298,27,697,216,24,34,2658,1262,0,0
80739,92,674,92,736,39,0,62,2561,1541,0,0
22669,30,16,14,36,37,22,45,2562,125,0,0
29236,30,37,4,24,16,9,33,2423,90,0,0
44911,11,159,0,22,2,1,61,2630,184,0,0
54693,72,686,17,142,23,26,58,2656,894,0,0
48186,39,97,3,66,12,7,46,2260,185,0,0
54809,0,63,6,57,13,13,43,2450,152,0,0
41580,15,56,5,24,4,0,42,2725,89,0,0
80336,12,209,19,456,160,142,50,2452,986,0,0
47743,56,198,2,43,0,12,63,2623,255,1,0
62972,39,313,15,47,20,0,65,2854,395,0,0
57333,55,941,14,397,76,58,66,2804,1486,0,0
32313,60,86,4,56,2,4,38,2662,152,0,0
84953,73,167,48,602,63,72,67,2550,952,3,1
27071,90,8,3,19,0,2,52,2226,32,0,0
68148,86,389,66,408,37,57,63,2461,957,0,0
65735,37,239,7,119,4,15,55,2363,384,0,0
86836,7,179,21,273,0,21,45,2814,494,3,1
4023,29,5,0,1,1,1,57,2165,8,0,0
30093,19,2,6,28,13,4,30,2515,53,0,0
57705,14,383,0,53,6,4,54,2328,446,0,0
25008,72,2,8,8,6,1,32,2306,25,0,0
83257,56,536,27,590,38,107,25,2808,1298,2,1
22280,85,2,1,4,3,1,45,2565,11,0,0
72159,62,322,53,899,34,40,42,2767,1348,0,0
64260,1,539,169,816,20,0,59,2693,1544,0,0
82733,28,712,50,420,65,38,36,2451,1285,0,0
74290,70,1121,0,72,0,12,49,2480,1205,2,0
58217,84,68,1,13,3,5,69,2748,90,0,0
21024,89,36,4,18,6,2,44,2519,66,0,0
70116,73,707,44,603,95,58,48,2678,1507,0,0
54006,42,174,77,203,6,24,35,2808,484,0,0
69063,16,666,35,124,69,8,54,2758,902,0,0
11448,16,0,0,0,6,2,45,2355,8,0,0
61825,56,162,50,100,55,30,41,2485,397,0,0
70886,65,407,70,239,103,88,49,2417,907,0,0
69109,10,823,25,459,124,29,38,2756,1460,1,1
60208,13,488,23,71,15,0,47,2789,597,1,0
32889,78,28,0,13,4,2,52,2455,47,0,0
34738,51,3,2,10,3,0,36,2208,18,0,0
30538,27,284,0,52,8,3,49,2795,347,0,0
82326,30,938,142,754,159,81,43,2270,2074,3,1
26642,71,13,2,15,2,2,53,2279,34,0,0
69932,97,412,172,153,150,105,56,2541,992,0,0
44503,83,31,1,8,0,0,48,2233,40,0,0
60200,3,502,19,132,0,6,72,2702,659,0,0
49638,71,18,10,3,3,5,68,2230,39,0,0
23830,3,1,8,6,4,8,33,2301,27,0,0
33051,15,100,71,243,108,94,61,2841,616,0,0
72905,52,407,114,445,181,165,62,2318,1312,1,0
69702,8,664,9,240,50,19,69,2654,982,0,0
70300,89,1045,61,338,60,46,45,2508,1550,0,0
70643,66,1218,107,304,23,143,36,2781,1795,0,0
30396,22,15,0,6,0,1,51,2219,22,1,0
50616,56,128,0,16,0,1,52,2231,145,0,0
62772,74,581,49,157,43,8,51,2565,838,1,0
30298,48,6,3,12,6,1,35,2200,28,0,0
52413,67,185,8,133,56,56,36,2762,438,0,0
44155,24,22,1,9,0,0,63,2320,32,0,0
86979,67,584,100,835,65,83,49,2393,1667,1,0
76532,38,355,30,177,90,138,45,2452,790,0,0
42081,86,175,10,110,54,6,38,2647,355,1,0
67546,90,864,134,768,150,38,32,2826,1954,0,0
88420,87,957,153,612,99,95,31,2217,1916,3,1
31158,62,25,6,16,20,0,35,2677,67,0,0
61671,23,641,7,56,0,0,52,2185,704,2,0
69719,99,273,86,208,177,14,46,2193,758,0,0
49160,29,122,21,43,25,10,71,2411,221,0,0
24882,52,1,4,10,29,0,42,2817,44,1,0
90933,90,1020,31,430,62,63,66,2249,1606,1,1
113734,9,6,2,3,1,262,75,2191,274,0,0
59292,71,378,14,68,19,14,70,2540,493,0,0
45759,13,42,1,18,3,0,56,2650,64,0,0
22148,16,15,5,14,0,4,37,2236,38,0,0
73395,94,272,7,80,20,7,33,2262,386,0,0
29819,77,9,1,24,2,1,49,2407,37,0,0
45688,20,279,0,18,0,0,52,2314,297,1,0
62820,51,398,61,265,138,61,66,2573,923,0,0
60491,81,637,47,237,12,19,49,2455,952,0,0
33235,71,45,0,16,2,1,34,2303,64,0,0
35701,36,21,1,9,7,3,61,2626,41,0,0
31535,95,15,4,13,0,0,40,2435,32,1,0
92556,32,493,183,352,184,23,60,2229,1235,0,0
67384,32,957,40,175,158,53,50,2755,1383,1,0
80573,85,829,138,430,60,92,49,2782,1549,0,0
77870,93,1017,50,500,65,50,53,2835,1682,2,0
52278,24,953,0,71,0,0,57,2679,1024,0,0
57107,44,159,0,120,0,0,52,2833,279,2,0
18929,15,32,0,8,23,4,30,2657,67,0,0
36038,82,23,0,15,0,2,39,2553,40,0,0
20180,27,18,42,24,15,20,44,2653,119,0,0
34230,72,15,0,4,0,0,55,2709,19,0,0
31878,7,23,4,5,10,5,43,2166,47,0,0
70932,57,200,193,100,46,185,48,2320,724,0,0
91249,84,1324,27,119,71,108,64,2776,1649,4,1
77598,53,1193,33,281,129,66,77,2430,1702,1,1
80982,48,505,137,401,104,22,61,2696,1169,0,0
22701,2,2,4,9,0,4,43,2456,19,0,0
55212,65,1103,0,45,0,0,51,2742,1148,2,0
70617,45,353,61,753,40,46,50,2530,1253,0,0
64849,42,652,48,350,94,84,63,2752,1228,0,0
62694,29,379,6,157,25,91,55,2536,658,0,0
61917,83,46,4,36,2,2,46,2380,90,0,0
67472,93,162,31,127,8,17,73,2433,345,0,0
21059,40,8,3,19,3,3,38,2332,36,0,0
29543,47,17,3,18,3,4,52,2248,45,0,0
75903,50,340,108,185,130,38,69,2606,801,0,0
34984,40,8,4,15,3,5,45,2820,35,0,0
54998,3,154,22,202,39,30,64,2635,447,0,0
54356,62,710,15,30,20,0,71,2746,775,0,0
34242,25,8,2,4,0,0,61,2257,14,0,0
25410,48,2,2,4,13,13,47,2461,34,0,0
73356,56,1050,14,322,0,14,36,2302,1400,3,1
28320,68,19,1,14,3,2,70,2690,39,0,0
23763,64,22,0,6,6,2,43,2850,36,0,0
72570,67,274,83,216,151,141,36,2224,865,0,0
34529,94,68,6,38,3,6,44,2812,121,0,0
70792,82,344,45,654,104,11,69,2667,1158,0,0
63211,3,145,193,459,205,26,38,2763,1028,0,0
83891,24,217,38,350,111,85,46,2168,801,0,0
36065,54,18,7,34,10,2,52,2614,71,0,0
39898,20,69,8,26,12,7,66,2661,122,0,0
51141,96,144,0,7,0,0,80,2515,151,0,0
56939,19,256,34,103,90,29,44,2443,512,0,0
80872,60,483,72,567,94,12,69,2207,1228,0,0
72335,2,1285,105,653,28,21,44,2844,2092,0,0
61798,13,338,4,89,11,8,56,2377,450,0,0
76842,37,605,10,345,84,54,70,2216,1098,0,0
29478,59,8,0,7,3,1,44,2322,19,0,0
46998,55,172,41,86,45,6,64,2774,350,1,0
96843,60,448,71,951,40,17,30,2591,1527,1,1
56551,48,67,4,32,17,2,70,2212,122,0,0
70053,38,512,53,98,81,179,55,2520,923,0,0
71670,8,1462,16,128,0,0,58,2514,1606,3,1
44359,19,20,0,14,7,3,42,2171,44,0,0
40887,32,50,4,44,10,10,68,2578,118,0,0
48877,27,102,1,15,2,0,54,2334,120,0,0
74485,58,499,149,815,173,49,73,2468,1685,0,0
64474,59,381,35,172,56,86,48,2409,730,0,0
77226,29,631,43,239,128,76,57,2280,1117,0,0
72643,60,526,80,553,123,94,71,2646,1376,1,0
85738,41,913,26,376,17,26,42,2316,1358,2,1
55686,27,673,0,199,37,47,54,2659,956,1,0
39062,28,23,0,9,0,0,37,2255,32,1,0
34600,8,199,33,60,8,3,49,2703,303,0,0
40794,18,261,23,73,4,23,45,2607,384,0,0
54690,76,111,16,37,7,9,49,2393,180,0,0
4428,0,16,4,12,2,4,51,2426,38,0,0
32632,32,63,151,137,153,19,57,2855,523,0,0
38236,2,58,0,18,2,0,52,2441,78,0,0
36781,16,29,1,17,0,3,41,2239,50,0,0
31385,56,3,2,12,0,1,36,2730,18,1,0
24570,97,28,34,62,11,14,36,2646,149,0,0
25509,15,40,3,30,10,7,46,2808,90,0,0
94642,35,879,143,797,106,143,69,2296,2068,2,1
58646,3,62,1,44,6,5,58,2543,118,0,0
53201,49,280,7,81,20,0,45,2661,388,0,0
21994,4,9,0,6,3,1,63,2711,19,0,0
57113,45,182,4,33,0,2,42,2667,221,0,0
51373,37,83,2,101,64,26,29,2531,276,0,0
23477,39,38,15,54,3,8,34,2410,118,0,0
58116,38,228,19,130,4,11,64,2236,392,0,0
72968,8,1092,37,592,145,37,57,2354,1903,1,0
39791,89,85,15,27,13,13,49,2617,153,0,0
91712,47,1276,24,746,94,29,73,2414,2169,1,1
94472,75,1017,33,417,108,100,62,2246,1675,2,1
13672,86,6,2,9,2,1,60,2597,20,0,0
96547,4,448,21,125,52,101,40,2196,747,3,1
79205,73,504,23,117,179,28,45,2828,851,1,0
56559,46,226,22,133,41,31,45,2710,453,0,0
32644,38,239,3,141,0,7,47,2688,390,1,0
67506,73,90,38,67,33,36,40,2337,264,0,0
24206,66,7,2,8,3,2,50,2637,22,0,0
28420,36,4,2,5,2,0,53,2346,13,0,0
22979,29,16,17,19,20,21,50,2820,93,0,0
33279,29,10,3,3,0,0,54,2176,16,0,0
46423,6,68,0,16,0,0,48,2443,84,0,0
30368,97,35,0,13,2,0,43,2393,50,0,0
63684,61,575,80,428,208,93,50,2739,1384,0,0
41638,68,315,0,31,4,0,56,2660,350,1,0
68805,73,182,2,49,17,13,61,2444,263,0,0
65814,90,561,14,113,10,14,54,2278,712,0,0
71964,81,587,51,932,180,34,62,2564,1784,0,0
39146,1,94,1,33,13,12,34,2659,153,0,0
96876,79,908,43,735,40,194,43,2486,1920,3,1
34445,92,228,122,122,208,129,39,2677,809,0,0
68281,31,995,112,417,42,48,62,2850,1614,0,0
37284,46,11,1,2,2,1,45,2616,17,0,0
36790,14,3,3,14,15,21,37,2644,56,0,0
27943,89,12,1,16,4,1,53,2599,34,0,0
22263,31,17,0,2,0,0,69,2250,19,0,0
30261,75,8,0,5,0,3,48,2801,16,0,0
28587,42,22,4,17,12,10,42,2296,65,0,0
43815,53,14,10,29,4,7,38,2609,64,0,0
48195,53,106,27,68,52,7,64,2318,260,0,0
77027,23,820,57,242,45,0,68,2303,1164,0,0
71322,57,753,43,226,69,10,55,2657,1101,0,0
32765,49,13,3,17,7,3,41,2285,43,0,0
29672,6,9,1,3,0,4,55,2633,17,0,0
23272,29,19,3,6,4,2,67,2414,34,0,0
49912,5,520,8,223,32,49,71,2819,832,1,0
7500,98,5,17,17,13,14,35,2856,66,0,0
68117,80,618,44,215,0,17,73,2635,894,1,0
67225,4,315,35,322,46,7,65,2374,725,0,0
17649,70,15,1,23,0,5,44,2388,44,0,0
55914,32,384,60,364,119,101,45,2585,1028,0,0
40059,82,110,29,92,28,10,36,2433,269,1,0
60905,27,208,17,76,36,17,70,2365,354,0,0
75330,94,555,82,257,93,61,43,2792,1048,0,0
60689,23,240,90,216,63,6,69,2552,615,0,0
38680,97,11,0,36,15,5,36,2617,67,0,0
61416,25,848,154,323,201,61,38,2665,1587,1,0
49767,92,202,47,197,55,42,29,2582,543,0,0
83273,98,433,89,650,16,102,50,2801,1290,0,0
29009,19,6,6,15,10,5,39,2371,42,0,0
45057,80,37,0,7,3,0,41,2369,47,0,0
37150,80,167,37,64,49,34,49,2815,351,0,0
43020,79,45,7,99,4,25,50,2370,180,0,0
53154,50,129,0,21,0,1,61,2179,151,0,0
65308,60,713,0,264,120,80,47,2450,1177,2,1
76467,44,676,161,426,210,44,50,2840,1517,0,0
81044,0,450,26,535,73,98,73,2343,1182,0,0
32871,28,22,2,12,0,2,69,2636,38,0,0
55801,35,367,4,51,6,4,45,2439,432,1,0
76320,49,526,35,214,69,53,61,2166,897,0,0
36927,46,51,0,16,0,0,65,2186,67,0,0
48794,97,25,0,11,3,0,67,2162,39,0,0
23478,51,28,6,27,12,17,55,2626,90,0,0
71128,80,958,159,447,20,0,47,2790,1584,0,0
70179,10,532,88,168,69,44,44,2502,901,0,0
59462,29,724,17,143,0,8,70,2699,892,0,0
38361,74,39,0,56,20,8,51,2343,123,0,0
70038,54,587,54,348,71,54,38,2406,1114,0,0
42554,93,29,1,11,0,0,42,2692,41,0,0
67445,63,757,80,217,29,80,46,2845,1163,0,0
67046,92,544,35,133,23,151,69,2698,886,0,0
42192,40,40,15,15,17,6,72,2455,93,0,0
77610,70,1245,33,332,21,33,68,2767,1664,0,0
31761,96,19,1,20,16,14,36,2244,70,0,0
34350,81,16,3,15,2,1,41,2412,37,0,0
54591,63,376,4,94,12,9,71,2487,495,0,0
71866,85,184,178,178,103,39,64,2345,682,0,0
25293,51,15,0,11,0,2,51,2446,28,0,0
42000,23,124,83,267,85,59,33,2694,618,0,0
69520,95,627,120,414,121,80,37,2516,1362,0,0
64713,11,180,60,241,13,54,50,2301,548,0,0
27889,42,14,0,4,0,0,43,2518,18,0,0
22123,77,3,3,24,34,7,60,2253,71,0,0
27803,40,8,26,46,38,9,47,2831,127,0,0
51651,32,293,6,23,13,6,60,2758,341,0,0
68487,48,758,12,385,33,89,32,2691,1277,0,0
56796,24,656,38,161,62,47,51,2657,964,0,0
87000,61,196,25,607,67,17,28,2720,912,0,0
79823,6,835,73,380,114,73,61,2249,1475,1,0
30828,16,16,11,15,2,0,40,2427,44,0,0
34109,39,9,1,5,2,1,49,2394,18,0,0
53367,2,229,7,140,10,3,46,2461,389,0,0
22390,49,0,1,4,15,1,51,2410,21,0,0
71322,31,121,24,124,24,15,44,2217,308,0,0
79244,58,471,102,125,212,61,27,2716,971,2,1
49912,5,520,8,223,32,49,71,2819,832,1,0
48699,90,26,1,10,2,0,70,2563,39,0,0
80144,47,240,132,445,250,192,45,2431,1259,0,0
54252,25,178,4,26,8,4,64,2556,220,0,0
81929,60,1486,55,278,49,0,44,2797,1868,2,1
76068,67,1115,12,128,33,12,45,2736,1300,2,0
53204,40,29,0,8,2,0,44,2260,39,0,0
67911,63,529,0,356,63,28,71,2197,976,0,0
14796,1,13,3,8,7,4,36,2809,35,0,0
78128,89,934,24,230,16,24,46,2289,1228,2,1
14188,40,2,7,11,16,12,48,2645,48,0,0
20425,5,4,12,5,3,16,34,2767,40,0,0
58646,3,62,1,44,6,5,58,2543,118,0,0
72967,1,158,35,179,0,0,50,2720,372,1,0
48150,24,173,2,39,3,2,71,2545,219,0,0
82332,89,830,59,968,51,79,59,2809,1987,1,1
58275,48,189,10,253,56,43,65,2551,551,0,0
44953,31,728,17,133,11,8,39,2714,897,1,0
34587,68,7,2,9,2,0,67,2203,20,0,0
43018,46,35,4,17,7,6,46,2399,69,0,0
45736,92,188,3,180,20,3,66,2499,394,0,0
66476,80,742,28,152,25,9,51,2366,956,0,0
27733,16,0,7,5,26,2,39,2466,40,0,0
69805,50,750,71,174,13,10,68,2318,1018,0,0
72217,93,816,42,450,55,56,58,2604,1419,0,0
25818,51,5,2,8,2,2,49,2778,19,0,0
37509,24,37,5,56,12,8,44,2814,118,0,0
25176,79,4,0,4,0,0,44,2482,8,0,0
43586,26,99,2,11,4,0,40,2827,116,0,0
53230,86,176,72,98,136,21,64,2854,503,0,0
50116,68,54,0,10,0,0,63,2168,64,1,0
84906,98,997,15,414,99,30,48,2427,1555,3,1
61286,34,356,0,107,19,9,54,2490,491,0,0
82333,60,1311,0,359,46,89,34,2615,1805,1,1
65220,3,890,63,292,0,25,55,2823,1270,0,0
33590,65,4,0,2,0,0,46,2397,6,0,0
30992,83,17,0,14,7,3,44,2592,41,0,0
72309,64,960,0,883,50,38,44,2634,1931,1,0
16005,69,1,3,2,20,30,40,2843,56,0,0
65487,48,240,67,500,199,0,63,2329,1006,0,0
58692,21,301,11,61,4,7,55,2243,384,0,0
40590,30,154,0,50,6,11,51,2429,221,1,0
20587,39,2,3,6,4,1,50,2208,16,0,0
62637,76,104,12,48,4,12,66,2279,180,0,0
29435,11,70,3,37,4,2,54,2851,116,0,0
19346,26,2,0,9,3,6,46,2309,20,0,0
35788,34,23,2,11,3,1,49,2316,40,0,0
36997,72,43,4,12,8,0,52,2672,67,0,0
23539,13,4,24,11,16,1,63,2280,56,0,0
65333,58,654,7,92,0,15,47,2322,768,2,1
78499,12,912,72,170,47,36,63,2377,1237,1,1
29732,23,25,0,8,0,1,49,2255,34,0,0
41275,33,24,4,22,0,2,60,2256,52,0,0
63516,30,141,11,114,15,14,47,2517,295,0,0
42769,15,71,0,13,3,1,58,2419,88,0,0
49572,25,35,1,16,0,1,62,2355,53,0,0
69209,4,496,32,849,229,48,48,2809,1654,1,0
17148,80,9,9,11,13,10,44,2311,52,0,0
40590,30,154,0,50,6,11,51,2429,221,1,0
30560,6,9,1,5,4,5,44,2526,24,0,0
32146,16,26,3,23,4,7,37,2207,63,0,0
41713,57,77,8,44,10,10,56,2220,149,0,0
34176,9,11,2,7,4,2,45,2317,26,0,0
58482,59,576,7,115,19,7,65,2268,724,1,0
59686,78,89,15,89,34,42,55,2314,269,0,0
60896,90,1013,30,399,60,46,56,2785,1548,0,0
62994,74,224,12,48,4,12,40,2276,300,0,0
47320,10,200,19,111,50,15,63,2491,395,0,0
74859,63,570,73,614,133,102,71,2550,1492,1,0
15253,13,1,3,3,8,1,28,2403,16,0,0
31560,98,62,1,20,4,0,46,2529,87,0,0
72071,4,531,69,300,150,138,66,2659,1188,0,0
91172,94,162,28,818,0,28,30,2618,1036,4,1
90000,91,675,144,133,94,192,36,2347,1238,3,1
41967,66,23,4,10,0,2,39,2377,39,0,0
69263,14,492,5,32,13,5,55,2275,547,1,0
65706,77,918,10,129,13,0,50,2525,1070,3,1
60934,41,224,155,155,192,93,45,2322,819,0,0
71965,21,572,19,286,50,38,69,2494,965,0,0
65210,25,626,0,70,0,7,65,2270,703,2,0
79174,2,1074,37,518,193,92,45,2693,1914,2,1
81380,51,741,68,689,224,68,53,2713,1790,0,0
48432,3,322,3,50,4,3,47,2778,382,0,0
52914,32,254,10,44,30,10,49,2697,348,1,0
38946,84,116,6,82,6,6,65,2407,216,0,0
26067,49,22,2,18,0,2,46,2396,44,0,0
44325,69,516,0,21,0,0,48,2638,537,1,0
42523,96,14,36,11,3,26,56,2226,90,0,0
26487,23,2,8,10,12,14,42,2564,46,0,0
53233,18,28,0,9,3,0,63,2262,40,0,0
67716,8,530,142,217,62,9,60,2694,960,1,0
76234,21,519,50,167,130,0,48,2302,866,1,0
84117,60,611,76,749,59,45,64,2208,1540,1,1
65487,48,240,67,500,199,0,63,2329,1006,0,0
25224,36,4,9,12,11,2,48,2264,38,0,0
89616,36,671,47,655,145,111,37,2648,1629,0,0
40851,63,23,1,7,0,4,49,2652,35,0,0
27469,2,9,1,2,3,2,73,2855,17,0,0
82347,38,556,54,845,202,133,63,2759,1790,2,0
73803,61,833,80,363,52,26,63,2856,1354,1,0
8820,52,12,0,13,4,2,68,2623,31,0,0
43322,25,56,7,48,10,2,46,2228,123,0,0
55593,63,293,8,124,11,4,47,2471,440,1,0
50501,10,297,0,38,13,0,66,2535,348,1,0
37085,65,39,1,16,2,0,45,2162,58,0,0
16185,71,5,11,16,21,8,30,2487,61,0,0
57731,0,266,21,300,65,8,51,2742,660,0,0
48432,3,322,3,50,4,3,47,2778,382,0,0
73807,88,366,124,156,71,78,42,2702,795,0,0
18929,15,32,0,8,23,4,30,2657,67,0,0
35893,80,158,0,23,0,0,52,2781,181,0,0
61014,17,269,129,495,182,43,40,2846,1118,0,0
32144,76,41,0,10,0,0,66,2257,51,1,0
14918,52,3,3,3,15,4,57,2728,28,0,0
45146,28,33,0,5,0,0,57,2508,38,0,0
41769,31,302,29,131,32,0,65,2660,494,0,0
88325,42,519,71,860,93,27,39,2303,1570,0,0
38054,24,23,2,17,2,1,70,2218,45,0,0
80617,42,594,51,631,72,55,25,2784,1403,0,0
5305,12,12,4,7,1,3,44,2493,27,0,0
36807,88,4,2,5,0,0,66,2715,11,0,0
28427,67,18,3,19,3,3,37,2624,46,0,0
82032,54,332,194,377,149,125,72,2244,1177,0,0
22775,40,5,1,8,0,0,42,2534,14,0,0
40101,73,171,3,129,26,24,35,2782,353,0,0
58025,81,270,31,88,11,48,41,2374,448,0,0
75777,12,712,26,538,69,13,38,2519,1358,2,1
7500,7,2,8,11,3,8,41,2577,32,0,0
33562,33,21,12,12,0,3,57,2163,48,0,0
57642,24,580,6,58,8,0,50,2330,652,1,0
58554,55,368,24,68,38,0,52,2800,498,0,0
63777,87,457,5,106,15,17,41,2621,600,0,0
57967,39,229,7,137,4,0,58,2642,377,0,0
24434,9,3,2,8,20,0,48,2201,33,0,0
11012,82,24,3,26,7,1,36,2629,61,1,0
44802,71,853,10,143,13,10,50,2836,1029,0,0
26816,50,5,1,6,3,4,34,2840,19,0,0
34421,81,3,3,7,6,2,46,2522,21,0,0
61223,46,709,43,182,42,118,53,2540,1094,0,0
64014,56,406,0,30,0,0,74,2178,436,1,0
56981,91,908,48,217,32,12,39,2314,1217,1,0
69245,8,428,30,214,80,30,64,2315,782,0,0
52869,40,84,3,61,2,1,66,2781,151,0,0
