sku,national_inv,lead_time,in_transit_qty,forecast_3_month,forecast_6_month,forecast_9_month,sales_1_month,sales_3_month,sales_6_month,sales_9_month,min_bank,pieces_past_due,perf_6_month_avg,perf_12_month_avg,local_bo_qty,went_on_backorder
1043384,2,9,0,0,0,0,0,0,0,0,0,0,0.99,0.99,0,No
1043852,7,8,0,0,0,0,0,0,0,0,1,0,0.1,0.13,0,No
1044198,13,8,0,0,0,0,0,0,0,0,0,0,0.82,0.87,0,No
1045098,6,2,0,0,0,0,0,0,0,0,0,0,0,0,0,No
1045867,4,8,0,0,0,0,0,0,0,0,0,0,0.82,0.87,0,No
1045918,0,2,0,0,0,0,0,0,0,0,0,0,0.91,0.82,0,No
1049468,11,8,0,0,0,0,0,0,0,0,0,0,0.82,0.78,0,No
1050390,12,2,0,0,0,0,0,0,0,0,0,0,1,0.98,0,No
1050440,169,2,0,0,0,0,0,0,0,0,0,0,1,1,0,No
1050856,147,8,0,0,0,0,0,0,0,0,0,0,-99,1,0,No
1051516,82,8,0,0,0,0,0,0,0,0,0,0,-99,1,0,No
1051715,4,2,0,0,0,0,0,0,1,1,0,0,-99,-99,0,No
1141087,20,8,0,0,0,0,0,0,0,0,0,0,-99,-99,0,No
1157334,0,8,0,174,174,174,0,0,0,0,0,0,-99,-99,0,No
1056218,2,12,0,0,0,0,0,0,0,0,0,0,0.99,0.99,0,No
1058368,47,2,0,0,0,0,0,0,0,0,0,0,0,0,0,No
1180688,890,8,0,0,0,0,0,0,0,0,0,0,-99,-99,0,No
1060585,6,8,0,0,0,0,0,0,0,0,0,0,-99,-99,0,No
1060788,1,9,0,0,0,0,0,0,0,0,0,0,-99,-99,0,No
1217629,163,8,0,0,0,0,0,0,0,0,0,0,-99,-99,0,No
1218378,0,6,0,0,0,0,0,0,0,0,0,0,0.79,0.66,0,No
1221415,0,2,0,0,0,0,0,0,0,0,0,0,0.77,0.89,0,No
1062797,15,8,0,0,0,0,0,0,0,0,2,0,-99,-99,0,No
1225137,0,8,0,0,0,0,0,0,0,0,0,0,0.87,0.84,0,No
1226726,0,8,0,0,0,0,0,0,0,0,0,0,1,0.98,0,No
1063838,32,2,0,0,0,0,0,0,0,0,0,0,0.66,0.6,0,No
1063988,14,9,0,0,0,0,0,0,0,0,0,0,1,1,0,No
1235137,3,8,0,0,0,0,0,0,0,0,1,0,-99,-99,0,No
1065629,0,12,0,0,0,0,0,0,0,0,0,0,0.82,0.79,0,No
1067203,5,8,0,0,0,0,0,0,0,0,0,0,0,0.09,0,No
1111573,17303,8,0,0,0,0,0,102,177,304,29,0,-99,-99,0,No
1111574,763,8,0,0,0,0,31,133,354,598,58,0,1,1,0,No
1111575,62,8,0,0,0,0,0,2,7,7,0,0,1,1,0,No
1111577,59,12,1,181,304,345,9,75,232,327,149,0,0.98,0.95,0,No
1111579,256,8,0,0,0,0,0,1,1,17,2,0,1,1,0,No
1111580,362,8,0,0,0,0,4,20,40,72,1,0,0.89,0.89,0,No
1111583,4044,12,39,0,0,0,47,141,270,573,110,0,0.93,0.88,0,No
1111584,835,8,0,0,0,0,6,6,6,41,5,0,-99,-99,0,No
1111585,294,8,0,0,0,0,13,33,44,75,3,0,-99,0,0,No
1111586,1911,4,0,0,0,0,1,5,7,17,0,0,0.79,0.66,0,No
1111588,114,8,0,0,0,0,13,17,37,70,0,0,0.79,0.66,0,No
1111589,246,8,0,0,70,132,0,0,0,0,0,0,0.92,0.97,0,No
1111590,6,8,0,0,0,2,0,1,4,9,0,0,0.81,0.8,0,No
1111591,302,8,0,0,0,0,24,70,117,181,32,0,0.78,0.73,0,No
1111592,12,8,0,0,0,0,0,0,0,2,0,0,0.6,0.54,0,No
1111593,28,8,0,0,0,0,0,0,0,0,0,0,0.7,0.64,0,No
1111595,6,8,3,22,47,67,7,22,36,50,0,0,0.6,0.54,0,No
1111596,29,8,0,0,0,0,0,1,2,3,0,0,0.93,0.86,0,No
1111597,353,52,4,0,0,0,11,34,68,102,21,0,0.83,0.89,0,No
1111598,360,8,0,900,1440,1980,251,521,960,1363,159,0,1,1,0,No
1111599,0,15,0,0,0,0,0,0,0,0,0,0,0.84,0.93,0,No
1111601,4900,8,0,0,0,0,40,86,140,205,42,0,0.99,0.99,0,No
1111603,500,8,0,5000,5000,5000,159,740,1279,1998,422,0,0.91,0.8,0,No
1111606,1004,9,0,2520,3150,5040,12,911,1652,2596,28,0,0.7,0.88,0,No
1111609,39,8,0,0,0,0,0,0,0,0,0,0,1,1,0,No
1111610,19,8,0,0,0,0,1,2,6,8,1,0,0.98,0.97,0,No
1111611,278,8,0,0,0,0,7,37,85,129,23,0,0.96,0.83,0,No
1111612,85,12,0,0,0,0,7,15,25,46,8,0,0.93,0.88,0,No
1111613,0,17,2,1,4,7,2,4,8,9,0,0,0.79,0.83,0,No
1111614,15,12,0,2,18,34,1,3,7,12,0,0,0.82,0.79,0,No
1111615,4,8,0,0,0,0,0,0,0,1,0,0,0.48,0.53,0,No
1111616,6,12,0,0,0,0,2,3,11,13,0,0,0.87,0.68,0,No
1111617,945,8,0,0,0,0,0,0,0,0,0,0,0.97,0.96,0,No
1111618,18,12,0,10,20,40,2,9,21,34,1,0,0.47,0.39,0,No
1111620,1,8,1,1,1,1,0,1,1,1,0,0,0.98,0.95,0,No
1111621,139,8,0,0,0,39,10,40,92,169,21,0,0.85,0.87,0,No
1111622,117,8,80,0,150,225,20,49,118,186,36,0,0.83,0.89,0,No
1111623,0,8,0,2,3,5,0,3,3,3,2,0,0.68,0.58,0,Yes
1111624,36,8,3,0,0,0,4,9,22,32,1,0,1,0.99,0,No
1111625,305,8,0,0,0,0,2,6,12,41,2,0,0.85,0.82,0,No
1111627,814,8,0,0,0,0,0,0,0,16,6,0,0.98,0.91,0,No
1111628,8,12,0,0,0,0,0,0,0,0,0,0,0.88,0.81,0,No
1111629,0,8,0,0,0,0,0,0,0,0,0,0,0.99,0.98,0,No
1111630,12776,8,0,15000,30000,40000,4568,12494,24591,42341,3862,0,0.99,0.99,0,No
1111631,115,13,0,175,175,175,0,12,52,109,9,0,1,0.93,0,No
1111632,48,9,0,0,0,0,0,10,11,16,0,0,0.91,0.74,0,No
1111633,16,4,0,0,0,0,0,0,1,3,0,0,0.77,0.8,0,No
1111635,2690,8,0,0,0,0,0,1,1,3,1,0,1,1,0,No
1111637,594,2,0,400,800,1200,139,437,834,11172,200,0,0.62,0.56,0,No
1111638,2403,2,0,0,0,0,2,7,32,39,0,0,1,0.99,0,No
1111639,9,12,0,0,0,0,0,0,0,0,0,0,0.56,0.72,0,No
1111640,1220,8,0,0,0,0,0,0,0,0,0,0,0.99,0.99,0,No
1111788,12,0,0,0,0,0,0,0,0,0,2,0,0,0,0,No
1111641,36,12,0,0,0,0,2,2,2,14,6,0,0.82,0.79,0,No
1111642,289,6,0,0,50,175,47,92,379,459,111,0,0.82,0.79,0,No
1111643,59,8,3,0,0,0,4,10,31,51,8,0,0.88,0.92,0,No
1111646,10,8,0,12,34,78,0,0,0,0,0,0,0.96,0.94,0,No
1111647,0,8,0,0,100,100,0,0,0,0,0,0,0.55,0.66,0,No
1111648,13,8,0,0,0,0,0,0,0,2,1,0,0.81,0.83,0,No
1111649,10,8,0,0,0,0,0,0,0,0,0,0,0.96,0.94,0,No
1111650,110,8,0,0,0,0,2,10,22,29,3,0,1,0.95,0,No
1111651,143,8,1,16,50,118,18,49,106,284,27,0,0.81,0.86,0,No
1111652,24,8,0,3456,3456,3456,10,39,68,93,7,0,1,0.95,1,Yes
1111653,36,8,0,0,0,0,0,3,4,6,2,0,-99,-99,0,No
1111654,163,8,0,129,298,380,56,118,202,310,0,0,0.99,0.98,0,No
1111655,-55,8,2,428,526,606,25,100,205,387,52,0,-99,-99,56,Yes
1111656,74,8,0,0,0,0,0,6,14,18,0,0,0.81,0.83,0,No
1111657,225,8,0,0,0,0,8,10,10,128,1,0,0.95,0.97,0,No
1111661,117,8,0,3200,5200,6800,0,0,0,0,0,0,0.97,0.98,0,No
1111662,14,8,0,0,0,0,3,5,7,11,3,0,0.76,0.89,0,No
1111670,-499,12,350,3452,5044,7188,747,2550,3572,4745,401,0,0.49,0.72,525,Yes
1111671,103,9,0,0,0,0,0,0,19,19,0,0,0.85,0.83,0,No
1111672,562,4,0,0,0,0,62,135,276,438,66,0,0.08,0.19,0,No
1111673,3,40,0,0,6,24,2,18,24,27,2,0,0.98,0.98,0,No
1111674,1900,8,0,0,0,0,0,1,6,15,0,0,1,0.97,0,No
1111675,64,2,0,0,0,0,15,18,25,59,0,0,0.66,0.39,0,No
1111676,107,2,0,0,0,0,1,2,3,55,1,0,0.93,0.95,0,No
1111677,75,2,0,0,0,0,0,0,30,30,0,0,0.99,0.99,0,No
1111678,2858,2,0,0,0,0,7,17,32,44,0,0,1,0.99,0,No
1111679,38,8,0,0,0,0,1,2,2,2,1,0,0.4,0.4,0,No
1111680,1203,2,0,0,0,0,10,33,50,99,19,0,0.93,0.95,0,No
1111681,126,9,0,0,0,0,4,12,21,32,6,0,0.91,0.74,0,No
1111682,43,9,0,0,0,0,0,1,3,3,0,0,0.91,0.74,0,No
1111683,3,2,0,0,0,0,0,0,0,0,0,0,0.99,0.99,0,No
1111684,4,4,0,2,2,2,0,1,1,1,0,0,0.77,0.8,0,No
1111685,24,2,0,0,0,0,0,2,3,7,1,0,0.81,0.43,0,No
1111686,10,2,4,48,84,144,14,50,115,158,26,0,0.85,0.83,0,No
1111687,10,9,0,0,0,0,0,0,0,0,0,0,0.91,0.74,0,No
1111688,261,12,0,0,0,0,0,0,0,0,0,0,0.96,0.86,0,No
1111689,3,8,0,0,0,0,1,1,1,2,0,0,0.8,0.81,0,No
1111690,8,9,0,0,0,1,0,3,8,10,0,0,0.91,0.74,0,No
1111691,17,8,0,30,30,30,0,0,0,0,0,0,1,0.99,0,No
1111692,20,4,6,0,0,0,0,0,0,0,0,0,0.22,0.11,0,No
1111693,490,12,0,0,0,0,0,5,10,10,0,0,0.96,0.86,0,No
1111694,132,2,68,102,228,364,19,81,174,251,41,0,0.89,0.92,0,No
1111695,39,2,0,0,0,12,4,11,15,55,3,0,0.98,0.99,0,No
1111696,26,10,0,0,0,0,0,3,5,5,0,0,0.85,0.88,0,No
1111697,10,12,0,7,9,14,2,6,10,14,0,0,0.82,0.79,0,No
1111698,5000,2,0,0,0,0,0,0,0,0,0,0,0.64,0.8,0,No
1111699,4095,52,0,0,0,0,29,105,137,193,0,0,0.96,0.86,0,No
1111700,12,2,0,18,18,18,0,0,0,0,0,0,0.75,0.9,0,No
1111701,11,9,0,0,0,0,0,0,0,0,0,0,0.91,0.74,0,No
1111702,83,52,0,0,0,0,0,7,13,16,1,0,0.98,0.93,0,No
1111703,4935,12,0,0,0,0,1,11,11,12,0,0,0.96,0.86,0,No
1111704,31,2,0,0,0,0,5,15,20,26,0,0,0.63,0.69,0,No
1111705,369,8,12,0,0,0,43,133,256,397,44,0,0.95,0.99,0,No
1111706,223,12,0,0,0,0,3,11,26,37,1,0,0.76,0.63,0,No
1111708,66,52,0,0,0,0,2,8,12,16,0,0,0.99,0.9,0,No
1111709,55,8,0,39,81,123,11,39,80,144,31,0,0.99,0.99,0,No
1111710,0,8,0,0,0,0,0,0,0,0,0,0,0.97,0.98,0,No
1111711,9,8,0,0,0,0,0,0,0,0,0,0,0.96,0.98,0,No
1111712,3,8,0,0,1,2,0,0,4,5,0,0,0.88,0.94,0,No
1111713,79,8,0,60,120,180,18,60,131,194,28,0,1,0.98,0,No
1111714,72,12,37,0,0,0,12,32,59,77,2,0,0.98,0.95,0,No
1111715,3,12,0,0,0,0,0,0,0,0,0,0,0.82,0.79,0,No
1111716,280,8,66,496,816,1072,145,396,865,1462,173,0,0.99,0.99,0,No
1111717,83,8,0,0,0,0,11,28,44,71,20,0,1,0.99,0,No
1111718,12,16,0,0,0,0,0,0,1,4,2,0,0.44,0.46,0,No
1111719,134,8,11,30,120,180,26,69,154,259,57,0,1,0.99,0,No
1111720,9,8,0,0,4,8,2,3,13,17,2,0,0.91,0.91,0,No
1111721,38,8,15,65,109,153,16,55,94,143,27,0,0.97,0.96,0,No
1111722,34,8,0,0,0,0,0,0,0,0,0,0,1,0.99,0,No
1111723,24,8,0,0,0,0,3,8,19,40,0,0,0.97,0.94,0,No
1111724,37,10,0,0,0,0,0,0,0,0,2,0,0.89,0.9,0,No
1111725,81,8,0,0,0,0,0,0,0,0,0,0,1,1,0,No
1111726,8,12,0,0,0,1,0,1,2,5,0,0,0.82,0.79,0,No
1111727,51,2,0,34,68,136,4,4,74,123,0,0,1,1,0,No
1111728,32,8,0,78,78,78,13,19,27,58,3,0,0.92,0.95,0,No
1111729,19,10,0,0,0,0,0,0,0,0,0,0,0.89,0.9,0,No
1111730,2,12,0,0,0,0,0,0,0,0,0,0,0.99,0.99,0,No
1111731,10,52,0,0,0,0,0,3,5,8,0,0,0.69,0.68,0,No
1111732,9081,8,1420,20000,30000,38000,4372,12921,24517,40240,5006,0,0.99,0.97,0,No
1111733,177,8,24,473,946,1333,198,506,979,1501,169,0,0.6,0.57,1,No
1111734,1,52,0,0,0,0,0,0,1,3,1,0,-99,1,0,No
1111735,14,9,0,0,0,0,4,7,16,27,0,0,0.5,0.39,0,No
1111736,46,8,0,0,0,0,0,0,0,1,0,0,1,0.99,0,No
1111737,16,12,9,41,69,97,5,38,68,86,20,0,0.87,0.68,0,No
1111738,1288,8,0,0,360,720,144,514,957,1385,143,0,0.94,0.95,0,No
1111739,140,17,0,40,80,160,19,68,155,265,32,0,1,1,0,No
1111740,86,17,3,40,40,120,21,50,113,173,26,0,1,1,0,No
1111741,0,8,0,0,0,0,0,0,0,0,0,0,0.89,0.9,0,No
1111742,11,12,0,0,0,0,0,0,4,5,0,0,0.98,0.96,0,No
1111743,12,2,0,12,24,36,2,9,22,30,2,0,1,0.98,0,No
1111744,11,8,0,0,0,0,0,0,0,0,1,0,0.78,0.92,0,No
1111745,3,12,0,0,0,0,0,0,0,0,0,0,0.62,0.73,0,No
1111746,1,8,0,4,7,10,1,4,5,11,0,0,1,0.75,0,No
1111747,16,8,0,0,0,3,5,8,13,45,0,0,0.99,0.98,0,No
1111748,5,8,0,0,0,5,0,2,4,5,3,0,0.9,0.88,0,No
1111749,42,8,6,11,36,67,8,21,61,83,14,0,0.92,0.76,0,No
1111751,2,8,0,0,0,0,0,0,0,0,0,0,1,0.79,0,No
1111752,12,8,0,0,0,6,0,4,5,13,4,0,0.74,0.76,0,No
1111753,353,12,0,0,0,0,0,1,1,1,2,0,0.62,0.73,0,No
1111754,0,12,0,0,0,0,0,0,0,0,0,0,0.93,0.88,0,No
1111755,17,12,0,0,0,0,1,2,5,6,3,0,0.82,0.79,0,No
1111756,8,12,0,0,0,0,1,1,2,4,1,0,0.98,0.96,0,No
1111757,5380,2,0,0,0,0,60,115,136,163,11,0,1,1,0,No
1111758,4,6,0,0,0,0,0,3,7,9,0,0,0.82,0.79,0,No
1111759,39,8,0,0,0,0,0,0,0,0,0,0,0.74,0.76,0,No
1111760,0,8,0,0,0,0,0,0,0,0,0,0,0.98,0.99,0,No
1111761,630,8,0,0,0,0,5,18,30,49,4,0,0.96,0.96,0,No
1111762,2598,2,2299,3036,6474,10158,1972,4085,6983,14958,695,0,0.92,0.91,0,No
1111763,27,8,0,0,0,0,3,8,19,26,12,0,1,0.95,0,No
1111764,107,8,12,66,143,176,27,61,138,214,59,0,1,0.99,0,No
1111765,6,8,0,12,16,18,0,6,9,12,10,0,0.71,0.8,0,No
1111766,88,8,0,0,0,0,0,0,0,0,0,0,0.68,0.57,0,No
1111768,31,8,0,0,0,0,0,4,5,6,0,0,0.94,0.96,0,No
1111769,153,8,0,148,481,666,134,275,533,1052,126,0,1,1,0,No
1111770,463,8,25,0,0,350,57,125,235,414,79,0,0.81,0.8,0,No
1111771,63,8,0,240,240,240,0,0,0,0,0,0,0.97,0.98,0,No
1111772,153,8,41,64,160,224,35,85,154,249,57,0,0.94,0.88,0,No
1111774,50,8,0,21,31,51,11,29,49,89,18,0,0.94,0.86,0,No
1111775,2,9,0,0,0,0,0,0,0,0,0,0,0.99,0.99,0,No
1111776,11,9,0,0,10,15,2,5,11,18,2,0,0.5,0.39,0,No
1111777,37,8,6,20,60,110,2,25,53,91,17,0,0.92,0.93,0,No
1111778,54,12,0,0,15,15,3,19,46,76,9,0,0.68,0.81,0,No
1111779,12,12,0,3,10,16,4,9,15,21,1,0,0.59,0.58,0,No
1111780,56,12,0,0,0,0,2,4,11,14,2,0,0.98,0.99,0,No
1111781,2,8,0,6,10,16,2,5,8,14,0,0,1,1,0,No
1111782,180,8,0,0,0,0,0,0,0,0,0,0,0.07,0.33,0,No
1111783,33,8,0,0,0,0,0,0,5,6,0,0,1,0.94,0,No
1111785,236,8,0,0,0,0,3,19,35,53,0,0,0.97,0.94,0,No
1111787,3,9,0,1,3,6,0,1,5,6,0,0,0.99,0.85,0,No
1111789,23,2,0,0,0,0,1,4,5,6,2,0,1,0.94,0,No
1111790,47,52,0,0,0,0,1,6,12,23,11,0,0.91,0.96,0,No
1111791,304,8,0,0,0,0,0,2,3,5,0,0,0.78,0.92,0,No
1111792,112,8,0,144,216,288,52,122,232,320,45,0,1,1,0,No
1111793,1,12,0,0,0,0,0,0,0,0,0,0,0.82,0.79,0,No
1111794,33,8,0,0,0,7,2,11,25,40,0,0,0.95,0.97,0,No
1111795,31,8,8,42,87,132,9,46,95,124,21,0,0.66,0.72,0,No
1111796,121,15,0,0,0,0,4,10,24,51,3,0,0.84,0.93,0,No
1111797,46,8,8,36,60,100,6,33,67,103,110,0,0.32,0.27,0,No
1111798,1045,8,0,0,0,0,4,7,14,22,2,0,0.33,0.29,0,No
1111799,5,8,0,0,0,0,0,0,0,3,0,0,0.78,0.82,0,No
1111800,15,8,0,0,14,14,1,6,14,23,7,0,0.76,0.88,0,No
1111801,1,9,0,2,2,2,0,0,0,0,0,0,0.99,0.99,0,No
1111802,2,12,0,0,0,0,0,0,0,0,0,0,0.62,0.73,0,No
1111803,132,9,19,21,105,189,36,102,252,373,45,0,1,0.99,0,No
1111805,25,52,0,0,0,0,0,1,2,2,1,0,0.89,0.9,0,No
1111806,13,12,0,0,0,0,0,0,0,0,2,0,0.98,0.98,0,No
1111807,1,8,0,0,0,0,0,0,0,0,0,0,0.82,0.78,0,No
1111808,26,0,0,64,96,160,21,59,116,152,29,0,0,0,0,No
1111811,1,8,0,0,0,0,0,0,0,0,0,0,0.98,0.94,0,No
1111812,0,8,0,2,3,4,0,2,3,3,2,1,0,0,0,No
1111813,16,9,0,0,14,14,4,6,12,24,2,0,0.99,0.98,0,No
1111814,5,2,11,0,18,27,2,7,19,35,0,0,0.64,0.68,0,No
1111816,3,8,0,11,11,11,0,3,3,7,1,0,0.46,0.35,0,No
1111817,4,12,0,0,0,0,0,0,0,0,0,0,0.82,0.79,0,No
1111818,2,12,0,0,0,0,0,0,0,0,0,0,0.82,0.79,0,No
1111820,79,8,0,0,0,0,0,2,2,2,0,0,0.97,0.94,0,No
1111821,-48,8,97,67,85,115,19,87,165,199,14,0,0.47,0.47,60,No
1111823,46,8,0,26,78,78,27,43,76,136,4,0,0.99,0.99,0,No
1111824,235,15,0,189,364,540,29,154,433,672,53,0,0.93,0.91,0,No
1111825,12,3,0,18,36,72,5,18,26,37,0,0,1,1,0,No
1111826,625,8,43,0,0,0,11,39,80,133,20,0,1,0.7,0,No
1111827,206,9,31,288,588,852,125,398,764,1244,92,0,0.95,0.81,0,No
1111828,5,8,0,0,0,0,0,0,0,0,1,0,0.99,0.98,0,No
1111829,49,8,0,0,0,0,0,0,0,0,0,0,0.64,0.8,0,No
1111831,1,8,0,2,3,4,0,2,2,3,0,0,0.78,0.82,0,No
1111832,15,8,0,0,0,0,0,0,0,0,1,0,0,0,0,No
1111833,8,9,0,0,0,0,0,0,0,0,1,0,0.99,0.98,0,No
1111834,3,8,0,0,0,0,0,0,0,1,0,0,0.79,0.78,0,No
1111835,0,9,0,0,0,0,0,0,0,0,0,0,0.99,0.98,0,No
1111836,5,9,0,0,0,0,0,0,0,0,1,0,0.99,0.98,0,No
1111838,14,13,0,0,0,0,0,1,1,1,0,0,0.99,0.99,0,No
1111840,2,9,0,0,0,0,0,0,0,0,0,0,0.99,0.98,0,No
1111841,42,2,5,24,48,64,13,21,47,77,16,0,0.79,0.78,0,No
1111842,0,8,0,0,0,0,0,0,0,0,1,0,0.79,0.78,0,No
1111844,16,9,0,0,0,0,0,0,1,1,0,0,0.99,0.98,0,No
1111846,21,8,0,3,3,15,0,0,0,0,0,0,0.99,0.98,0,No
1111847,29,8,0,0,0,0,0,2,9,16,4,0,0.95,0.93,0,No
1111848,5,12,0,0,0,0,0,0,1,1,0,0,0.73,0.69,0,No
1111849,3,12,0,0,0,0,0,0,0,0,0,0,0.73,0.69,0,No
1111850,18,12,0,0,0,0,0,2,2,2,1,0,0.73,0.69,0,No
1111852,5,8,0,0,0,0,0,0,0,0,1,0,0.98,0.96,0,No
1111853,14,12,0,0,0,0,1,3,5,8,0,0,0.73,0.69,0,No
1111854,6,8,0,0,0,3,0,1,9,10,0,0,0.82,0.87,0,No
1111855,16,12,0,0,0,0,0,0,0,0,0,0,0.73,0.69,0,No
1111856,10,8,0,12,20,36,2,8,15,25,5,0,0.82,0.78,0,No
1111857,1,8,0,0,0,0,0,0,1,1,0,0,0.73,0.82,0,No
1111858,2,8,0,3,5,7,0,1,4,6,0,0,0.48,0.53,0,No
1111859,9,8,0,0,0,0,0,0,2,2,0,0,0.92,0.75,0,No
1111860,2,8,0,0,0,0,0,0,0,0,0,0,0.92,0.75,0,No
1111861,40,8,0,0,0,0,0,0,0,0,3,0,0.42,0.46,0,No
1111862,23,8,23,22,88,132,6,36,88,137,30,0,0.87,0.55,0,No
1111863,2,8,0,0,0,0,0,0,0,0,1,0,0.79,0.78,0,No
1111864,88,8,52,280,555,963,89,359,725,941,70,0,0.77,0.7,0,No
1111865,97,8,0,0,0,0,1,1,2,8,1,0,1,0.99,0,No
1111867,48,52,0,0,0,0,0,0,0,0,0,0,0.82,0.79,0,No
1111868,150,8,0,0,0,0,0,0,0,25,0,0,0.64,0.8,0,No
1111870,62,8,0,0,0,0,0,0,0,0,1,0,0.96,0.94,0,No
1111871,1345,8,0,0,0,0,5,15,28,44,4,0,0,0.25,0,No
1111872,6,8,0,0,0,0,0,0,0,0,0,0,0.89,0.88,0,No
1111873,27,8,0,0,0,0,3,14,24,42,0,0,0.4,0.6,0,No
1111874,4,8,0,10,14,18,3,9,13,20,0,0,0.92,0.75,0,No
1111875,1,8,0,0,0,131,0,0,0,0,0,0,0.99,0.96,0,No
1111876,185,8,0,0,0,0,1,2,3,4,0,0,0.81,0.83,0,No
1111878,3,8,0,0,0,0,0,0,0,0,0,0,0.75,0.74,0,No
1111880,122,8,3,0,0,33,12,40,98,244,26,0,0.91,0.9,0,No
1111881,47,8,3,48,120,168,11,48,103,139,23,0,0.98,0.98,0,No
1111882,1,8,0,0,1,1,0,1,1,1,0,0,0.78,0.82,0,No
1111883,5,8,0,0,0,0,0,0,0,0,0,0,0.78,0.82,0,No
1111884,0,8,0,13,22,30,0,0,0,0,0,0,0.82,0.78,0,No
1111886,8,8,0,2,8,10,0,5,13,28,4,0,0.69,0.68,0,No
1111887,9,8,0,0,0,0,0,1,3,6,2,0,0.98,0.96,0,No
1111889,500,2,0,0,0,0,0,0,0,0,0,0,0.64,0.8,0,No
1111890,6,8,0,0,0,0,0,0,0,0,1,0,0.43,0.46,0,No
1111891,62,8,66,112,232,352,47,133,232,358,34,0,0.43,0.46,0,No
1111892,4,8,4,20,36,52,8,19,31,54,10,0,0.43,0.46,0,No
1111893,20,8,0,7,7,7,3,6,18,22,7,0,0.43,0.46,0,No
1111894,5,2,0,0,0,0,0,0,0,0,0,0,0.66,0.6,0,No
1111895,16,2,0,0,0,0,0,0,0,0,0,0,0.66,0.6,0,No
1111896,26,2,0,0,0,0,0,0,0,0,0,0,0.66,0.6,0,No
1111897,70,2,0,0,0,0,0,0,0,0,0,0,0.66,0.6,0,No
1111898,166,12,10,58,126,242,51,213,450,630,24,0,0.89,0.71,0,No
1111899,5,2,0,0,0,0,0,0,0,0,0,0,0.66,0.6,0,No
1111900,1508,8,0,0,0,0,160,304,660,1032,286,0,0.64,0.8,0,No
1111901,47,2,0,0,0,0,0,2,3,3,0,0,0.66,0.6,0,No
1111902,6,2,0,0,0,0,0,0,0,3,0,0,0.66,0.6,0,No
1111903,28,2,0,0,0,0,0,0,0,0,0,0,0.66,0.6,0,No
1111904,210,2,0,0,0,0,2,5,10,14,0,0,0.66,0.6,0,No
1111905,40,12,0,0,0,0,0,0,0,1,1,0,0.75,0.83,0,No
1111906,6,8,0,1,4,8,2,7,8,15,0,0,0.82,0.78,0,No
1111907,536,8,362,250,610,865,141,509,1107,1561,73,0,-99,-99,0,No
1111908,8,8,0,0,0,0,0,0,0,0,0,0,0.78,0.82,0,No
1111909,236,8,1,0,0,0,0,24,68,92,24,0,0.69,0.59,0,No
1111910,4,2,0,0,0,2,0,1,1,4,0,0,0.66,0.6,0,No
1111911,0,12,0,0,0,0,0,0,0,0,0,0,0.92,0.75,0,No
1111912,6847,8,60,0,0,0,312,1101,2179,3151,347,0,0.69,0.59,0,No
1111913,62,2,0,0,0,0,0,0,0,0,0,0,0.75,0.74,0,No
1111914,9,5,0,0,0,0,0,0,0,0,0,0,0.64,0.67,0,No
1111915,15,2,0,0,3,3,0,0,0,0,0,0,0.75,0.74,0,No
1111916,1,3,0,0,0,0,0,0,0,0,0,0,0.99,0.98,0,No
1111917,3,12,0,0,0,0,0,0,0,0,0,0,0.62,0.73,0,No
1111919,151,16,0,0,490,490,0,0,0,0,0,0,0.76,0.63,0,No
1111920,26,8,0,0,0,0,0,0,1,1,2,0,0.99,0.98,0,No
1111921,13,8,0,0,0,0,0,0,0,0,0,0,0.89,0.88,0,No
1111922,1103,9,612,2744,5144,7364,653,2645,5285,7895,854,0,1,0.99,0,No
1111923,1,8,0,0,0,0,0,0,0,0,0,0,0.89,0.88,0,No
1111924,2,8,0,0,0,0,0,0,0,0,1,0,0.99,0.98,0,No
1111925,3,12,0,0,0,0,0,0,0,0,0,0,0.62,0.73,0,No
1111926,2,8,0,0,0,0,1,1,1,1,2,0,0.99,0.98,0,No
1111927,4,8,3,1,3,5,1,4,10,15,2,0,1,1,0,No
1111928,15,8,0,0,0,0,0,0,0,0,0,0,0.97,0.97,0,No
1111929,1,8,2,26,38,46,8,14,27,42,0,0,0.97,0.94,0,Yes
1111930,10,8,0,2,12,20,2,3,8,15,0,0,1,0.92,0,No
1111931,94,8,0,0,0,0,1,12,20,36,2,0,0.48,0.53,0,No
1111932,5,9,0,0,0,0,0,1,1,3,0,0,0.99,0.85,0,No
1111933,25,8,0,0,0,0,1,1,1,1,0,0,0.98,0.93,0,No
1111934,288,8,19,135,411,699,138,485,1034,1504,146,0,0.98,0.97,0,No
1111935,0,9,0,0,0,0,0,0,0,0,1,0,0.69,0.68,0,No
1111936,3,8,0,0,0,0,0,0,0,0,0,0,0,0,0,No
1111937,8,3,0,0,0,0,0,0,0,0,0,0,0.99,0.99,0,No
1111938,0,8,0,0,0,0,0,0,0,0,0,0,0.82,0.68,0,No
1111939,0,5,0,6,7,8,0,0,0,0,0,0,0.64,0.67,0,No
1111940,2,8,0,0,0,0,0,0,0,0,0,0,0.95,0.97,0,No
1111941,11,8,0,0,0,0,0,4,9,12,1,0,0.94,0.97,0,No
1111942,24,8,0,0,13,26,8,20,35,63,0,0,0.93,0.93,0,No
1111943,6,8,0,5,10,15,1,3,4,7,1,0,0.99,0.97,0,No
1111944,48,8,0,0,0,0,1,1,1,1,0,0,0.64,0.8,0,No
1111945,384,8,23,0,200,400,32,135,272,272,65,0,0.75,0.81,0,No
1111946,94,4,18,104,247,390,47,132,227,284,18,0,0.82,0.78,0,No
1111947,8,8,0,0,0,0,1,1,1,1,0,0,0.99,0.99,0,No
1111948,28,8,1,15,25,25,6,10,24,53,4,0,0.15,0.34,0,No
1111949,3,10,0,1,1,3,0,0,3,3,0,0,0.89,0.9,0,No
1111950,2,8,0,1,3,4,0,1,2,5,0,0,0.97,0.97,0,No
1111951,8,8,0,0,0,0,0,0,4,6,0,0,0.78,0.82,0,No
1111952,2,9,0,0,2,3,0,1,2,2,1,0,0.34,0.41,0,No
1111953,53,8,6,24,56,88,7,42,79,129,17,0,0.91,0.92,0,No
1111954,287,8,0,0,140,308,52,171,433,619,59,0,0.95,0.95,0,No
1111955,106,2,0,0,0,0,0,2,3,4,0,0,0.99,0.95,0,No
1111956,2,12,0,0,0,0,0,0,0,0,0,0,0.82,0.79,0,No
1111957,8,10,0,0,0,0,0,0,0,0,0,0,0.89,0.9,0,No
1111958,31,2,0,0,0,0,1,1,1,2,0,0,0.99,0.96,0,No
1111959,11,8,0,0,0,24,0,0,6,10,1,0,0.98,0.98,0,No
1111960,22,8,0,0,0,0,0,0,0,1,1,0,0.97,0.97,0,No
1111962,26,8,0,0,0,0,7,11,18,27,4,0,0.7,0.61,0,No
1111963,8,12,0,0,0,0,0,0,0,0,0,0,0.62,0.73,0,No
1111964,53,8,0,0,0,20,3,24,47,53,0,0,0.94,0.97,0,No
1111965,24,0,0,0,0,0,0,0,0,2,0,0,0.91,0.84,0,No
1111966,61,8,20,0,0,32,12,46,148,172,0,0,0.9,0.95,0,No
1111967,993,2,549,1632,3168,4704,596,1652,2690,4169,391,0,0.98,0.99,0,No
1111968,327,52,0,0,0,0,8,22,40,67,58,0,1,0.99,0,No
1111969,29,8,0,0,0,0,0,0,0,0,2,0,0.99,0.9,0,No
1111971,11,8,0,0,0,0,0,0,0,0,0,0,0.79,0.89,0,No
1111972,27,2,0,27,54,90,5,24,62,93,7,0,0.99,0.98,0,No
1111973,365,8,11,0,40,258,38,147,394,549,53,0,0.77,0.68,0,No
1111974,92,8,0,0,0,0,0,2,5,7,0,0,0.94,0.97,0,No
1111975,449,4,146,168,364,560,82,252,432,607,78,0,0.97,0.95,3,No
1111976,79,12,1,21,61,81,14,43,79,113,14,0,0.59,0.58,0,No
1111977,7,12,0,0,0,0,0,0,0,0,0,0,0.62,0.73,0,No
1111978,4,12,0,0,0,0,0,0,0,0,0,0,0.62,0.73,0,No
1111979,45,2,0,0,0,0,1,7,15,20,0,0,1,0.99,0,No
1111980,7,8,0,0,0,0,0,0,0,0,0,0,0.78,0.82,0,No
1111981,61,2,0,0,0,0,1,3,6,12,0,0,0.88,0.92,0,No
1111982,42,2,0,0,0,0,0,0,1,2,0,0,0.99,0.99,0,No
1111983,3,8,0,0,0,0,0,0,0,0,0,0,0.6,0.43,0,No
1111984,98,2,27,180,330,480,83,199,357,514,46,0,0.79,0.86,0,No
1111985,147,52,0,0,0,0,1,2,3,6,0,0,0.69,0.68,0,No
1111986,11,8,0,0,0,0,0,0,0,0,0,0,0.99,0.95,0,No
1111987,7,10,0,0,0,0,0,0,0,0,0,0,0.89,0.9,0,No
1111988,29,8,9,27,72,117,8,31,63,80,14,0,0.99,0.9,0,No
1111989,9,8,0,0,0,6,2,5,15,18,1,0,0.42,0.46,0,No
1111990,274,8,0,0,0,0,0,0,0,0,0,0,1,1,0,No
1111991,4,8,0,0,0,0,0,0,0,2,0,0,0.78,0.82,0,No
1111992,32,8,0,0,0,0,0,0,0,0,2,0,0.19,0.16,0,No
1111993,13,8,0,0,0,0,0,0,0,0,0,0,1,1,0,No
1111994,3,8,0,0,0,0,0,0,0,0,1,0,0.99,0.94,0,No
1111995,435,2,185,525,1096,1846,360,827,1534,1949,321,0,0.52,0.53,0,No
1111996,19,8,1,0,0,0,0,0,0,4,4,0,0.82,0.87,0,No
1111997,6,8,0,0,0,0,0,0,0,0,1,0,0.99,0.9,0,No
1111998,98,8,0,0,0,0,0,0,0,0,0,0,-99,-99,0,No
1111999,59,8,0,0,0,0,0,0,0,0,0,0,0.81,0.89,0,No
1112000,87,8,12,20,82,122,14,45,89,155,25,0,1,0.97,0,No
1112001,11,8,0,0,0,0,0,0,2,9,0,0,0.97,0.98,0,No
1112002,6,8,0,0,0,0,0,0,0,0,0,0,1,0.99,0,No
1112003,2,12,0,0,0,0,0,0,0,0,0,0,0.82,0.79,0,No
1112004,77,8,0,0,0,0,0,2,4,5,1,0,0.99,0.99,0,No
1112005,92,2,12,96,192,288,39,112,230,383,44,0,0.59,0.59,0,No
1112006,20,8,0,1,19,37,3,13,34,57,0,0,0.7,0.74,0,No
1112007,36,2,6,45,90,150,12,52,107,149,5,0,0.97,0.97,0,No
1112010,2,8,0,0,1,2,0,1,1,1,0,0,0.77,0.72,0,No
1112011,2,12,0,0,0,0,0,0,0,0,0,0,0.82,0.79,0,No
1112012,1048,8,0,0,0,0,0,0,0,0,0,0,0.96,0.94,0,No
1112013,2,8,0,0,0,0,0,0,0,0,0,0,0.78,0.82,0,No
1112014,2,2,17,0,0,0,0,3,4,6,1,0,0.88,0.89,0,No
1112015,1584,2,336,1344,3216,5232,681,2288,4715,7087,642,0,0.94,0.88,0,No
1112016,7,8,0,0,0,0,0,0,0,0,0,0,-99,-99,0,No
1112017,7,9,0,0,0,0,0,0,0,0,0,0,0.86,0.69,0,No
1112018,8,2,0,0,0,0,0,0,0,0,0,0,1,1,0,No
1112019,165,2,0,0,0,0,5,11,27,49,0,0,0.93,0.95,0,No
1112020,4,8,0,0,0,1,0,0,1,6,1,0,0.95,0.97,0,No
1112021,119,8,0,0,0,0,0,0,0,147,3,0,0.98,0.98,0,No
1112022,152,2,0,0,0,0,0,0,0,0,0,0,0.76,0.85,0,No
1112023,120,8,0,0,0,0,1,2,3,4,0,0,0.94,0.97,0,No
1112024,4,8,0,0,0,0,0,0,0,0,0,0,0.6,0.43,0,No
1112025,15,8,0,0,0,0,0,0,0,0,0,0,-99,-99,0,No
1112026,112,2,17,120,200,280,57,176,302,430,48,0,0.94,0.97,0,No
1112027,78,14,0,0,0,0,1,4,9,15,0,0,0.92,0.95,0,No
1112028,234,8,3,0,0,0,17,84,211,348,28,0,0.99,0.99,0,No
1112029,146,8,4,150,300,390,40,92,182,370,53,0,0.92,0.93,0,No
1112030,1482,8,1,0,0,0,25,100,209,339,53,0,0.96,0.93,0,No
1112031,-1,12,0,6,6,6,0,1,2,2,0,0,0.82,0.79,1,No
1112032,4,8,0,0,0,0,0,0,1,1,0,0,0.96,0.96,0,No
1112033,8,2,0,0,0,1,0,0,0,0,1,0,0.99,0.99,0,No
1112034,2,12,0,0,0,0,0,0,0,1,0,0,0.82,0.79,0,No
1112035,2,12,0,0,0,0,0,0,0,0,0,0,0.82,0.79,0,No
1112036,5,8,0,0,0,0,0,1,1,1,0,0,0.99,0.9,0,No
1112037,1,12,0,0,0,0,0,0,0,0,0,0,0.82,0.79,0,No
1112038,15,8,0,0,0,0,1,1,1,2,0,0,0.95,0.97,0,No
1112039,2,9,0,0,0,0,0,0,0,0,1,0,0.34,0.41,0,No
1112040,11,8,0,20,44,60,0,16,43,48,0,0,0.65,0.81,0,No
1112041,27,9,0,0,0,0,0,0,0,0,0,0,0.98,0.98,0,No
1112042,10,2,0,0,0,0,0,1,1,1,0,0,0.89,0.95,0,No
1112043,14,8,0,0,0,0,0,0,0,0,0,0,0.18,0.18,0,No
1112044,9,12,0,0,0,0,0,0,0,0,0,0,0.82,0.79,0,No
1112045,35,9,0,0,0,0,1,2,2,3,0,0,0.94,0.91,0,No
1112046,1,4,0,4,8,11,0,0,0,0,0,0,0.82,0.79,0,No
1112047,575,8,0,0,0,0,0,0,0,0,1,0,0.98,0.99,0,No
1112048,10,9,0,0,0,0,0,0,0,0,0,0,0.99,0.99,0,No
1112049,5,8,0,0,5,10,1,5,11,14,0,0,0.92,0.93,0,No
1112050,14,8,0,0,0,0,0,0,1,1,0,0,0.48,0.39,0,No
1112051,2,12,0,0,0,0,0,0,0,0,0,0,0.82,0.79,0,No
1112052,10,8,0,0,0,0,0,0,0,0,0,0,0.78,0.82,0,No
1112053,5,8,0,24,36,54,4,14,30,53,0,0,1,0.96,0,No
1112054,15,2,0,0,0,0,0,0,0,0,0,0,0.84,0.71,0,No
1112055,34,8,0,0,4,16,2,6,18,28,0,0,1,1,0,No
1112056,8,9,0,0,0,0,0,0,0,0,0,0,0.69,0.68,0,No
1112057,10,9,0,10,34,46,1,9,23,35,0,0,0.69,0.68,0,No
1112058,12,9,0,0,0,0,0,0,0,0,2,0,0.69,0.68,0,No
1112059,0,8,0,1,2,2,0,1,1,1,0,0,0.6,0.54,0,No
1112060,32,2,5,25,55,90,7,29,59,96,18,0,1,0.99,0,No
1112061,54,10,12,56,112,140,14,49,138,191,38,0,0.85,0.88,0,No
1112068,55,8,0,0,0,0,1,2,2,3,3,0,0.91,0.96,0,No
1112069,15,15,0,0,0,0,0,0,1,4,0,0,0.84,0.93,0,No
1112070,13,8,0,8,16,16,3,8,19,32,0,0,0.96,0.88,0,No
1112071,366,8,0,0,0,0,0,0,0,0,0,0,0.79,0.61,0,No
1112073,20,10,0,15,30,50,14,34,62,101,0,0,0.89,0.9,0,No
1112074,22,8,0,0,0,0,5,13,20,30,7,0,0.98,0.95,0,No
1112075,14,8,0,0,0,0,1,2,5,7,0,0,0.99,0.97,0,No
1112076,60,8,0,0,0,0,0,2,6,8,0,0,0.82,0.79,0,No
1112077,10,10,0,0,0,0,2,2,2,2,0,0,0.89,0.9,0,No
1112078,12,8,0,128,192,256,30,102,177,225,32,0,0.85,0.94,0,No
1112079,3,8,0,0,0,0,0,0,1,1,0,0,0.78,0.82,0,No
1112080,9,8,0,0,0,0,0,0,0,0,0,0,0.09,0.06,0,No
1112081,3,2,0,2,4,4,0,0,0,0,1,0,0.98,0.95,0,No
1112082,2,8,0,0,0,0,0,0,0,0,0,0,0.96,0.97,0,No
1112083,9,8,0,0,10,10,5,5,8,13,0,0,0.89,0.54,0,No
1112084,9,10,0,0,0,0,0,0,0,0,0,0,0.89,0.9,0,No
1112085,4,8,0,0,4,6,1,4,6,9,0,0,0.78,0.82,0,No
1112086,10,10,0,19,19,19,7,19,34,57,0,0,0.89,0.9,0,No
1112087,1,8,0,0,0,0,0,0,0,0,0,0,0.89,0.88,0,No
1112088,2,8,0,0,0,0,0,0,0,0,0,0,0.89,0.88,0,No
1112089,75,8,0,0,0,0,0,3,8,9,0,0,0.75,0.81,0,No
1112090,0,8,0,3,3,3,0,0,0,0,0,0,0.46,0.35,0,No
1112092,2,8,0,0,0,1,0,0,1,2,0,0,0.97,0.97,0,No
1112093,21,4,0,0,0,0,0,0,0,0,0,0,0.62,0.73,0,No
1112094,3,8,0,0,0,0,0,0,0,0,0,0,0.78,0.82,0,No
1112095,2,12,0,0,0,0,0,0,0,0,0,0,0.05,0.24,0,No
1112096,45,8,0,24,48,72,7,26,51,90,22,0,0.98,0.95,0,No
1112097,13,8,0,0,5,10,3,5,8,16,0,0,0.09,0.06,0,No
1112098,92,4,0,0,0,0,0,0,2,4,1,0,0.82,0.87,0,No
1112099,65,8,0,0,0,0,1,2,2,2,0,0,1,1,0,No
1112100,9,8,0,0,0,0,0,0,0,0,0,0,0.95,0.97,0,No
1112101,2,10,0,0,0,0,0,0,0,1,0,0,0.89,0.9,0,No
1112102,1,8,0,0,0,0,0,0,0,0,0,0,0.89,0.88,0,No
1112103,440,12,0,0,0,0,1,4,6,14,0,0,1,0.99,0,No
1112104,3,2,0,6,12,18,3,5,10,15,0,0,1,0.99,0,No
1112105,3,8,0,0,2,3,0,2,3,4,0,0,0.79,0.89,0,No
1112106,2,2,0,18,27,27,2,8,12,25,0,0,1,0.98,0,No
1112107,12,12,0,0,0,0,0,0,0,0,0,0,0.82,0.79,0,No
1112108,13,8,0,0,0,0,0,2,4,8,1,0,1,0.99,0,No
1112109,1,8,0,0,0,0,0,0,0,0,0,0,0.46,0.35,0,No
1112110,48,8,0,0,0,0,0,0,0,0,1,0,0.98,0.93,0,No
1112111,1465,2,664,3100,6450,9700,975,2876,5300,7471,718,0,1,1,0,No
1112112,61,8,0,0,0,0,3,9,11,14,1,0,0.99,0.99,0,No
1112113,11,2,0,0,15,15,2,5,9,13,0,0,0.99,0.99,0,No
1112114,16,8,0,0,0,0,0,0,0,0,0,0,1,0.99,0,No
1112115,9,8,0,0,10,20,1,5,11,15,1,0,0.79,0.91,0,No
1112116,1,12,0,0,0,0,0,0,1,1,0,0,0.82,0.79,0,No
1112117,5,8,0,0,0,0,0,0,0,0,0,0,0.99,0.96,0,No
1112118,36,4,0,0,0,10,5,9,15,42,0,0,1,1,0,No
1112119,11,12,0,6,18,33,1,5,9,12,0,0,1,0.99,0,No
1112120,3,8,0,0,0,1,0,0,0,3,0,0,1,0.99,0,No
1112121,2,12,0,0,0,0,0,0,0,0,0,0,0.82,0.79,0,No
1112122,3,12,0,0,0,0,0,0,0,0,0,0,0.62,0.73,0,No
1112123,2,8,0,1,3,5,0,2,3,3,0,0,0.83,0.71,0,No
1112124,2,8,0,0,0,0,0,0,0,0,0,0,0.46,0.35,0,No
1112125,3,12,0,0,0,0,0,0,0,1,0,0,0.62,0.73,0,No
1112126,25,8,0,0,0,0,0,0,0,0,1,0,0.93,0.95,0,No
1112127,123,2,31,232,482,738,65,278,491,661,46,0,0.99,0.9,0,No
1112128,12,9,0,0,0,0,0,0,0,0,0,0,0.99,0.96,0,No
1112129,22,8,0,0,0,0,0,0,0,0,0,0,0.76,0.85,0,No
1112130,7,8,0,5,5,5,0,0,1,1,0,0,0.15,0.34,0,No
1112131,0,10,0,10,10,10,0,0,0,0,0,0,0.85,0.88,0,No
1112132,35,2,0,0,0,0,0,4,14,19,1,0,0.99,0.99,0,No
1112133,4,8,0,0,0,0,0,0,0,0,2,0,0.1,0.13,0,No
1112134,7,4,0,0,0,0,0,0,0,0,0,0,0.69,0.68,0,No
1112135,0,8,0,2,2,2,0,0,0,0,0,0,0.46,0.35,0,No
1112136,5,8,0,0,0,0,0,1,1,2,0,0,0.78,0.82,0,No
1112137,11,2,0,0,0,0,0,0,0,0,0,0,1,0.96,0,No
1112138,118,2,0,0,0,0,43,91,149,191,60,0,0.98,0.98,0,No
1112139,47,8,0,0,0,0,0,0,1,1,0,0,0.61,0.62,0,No
1112140,9,2,0,5,5,10,1,3,7,9,2,0,1,0.98,0,No
1112141,631,8,0,0,0,0,1,15,53,95,14,0,0.92,0.95,0,No
1112142,566,8,0,0,0,0,2,19,34,80,8,0,0.86,0.9,0,No
1112143,22,9,0,0,0,0,0,1,2,2,0,0,0.91,0.74,0,No
1112144,12,9,0,0,0,0,0,0,0,0,0,0,0.91,0.74,0,No
1112145,0,8,0,10,20,30,6,10,16,25,1,0,0.99,0.98,0,No
1112146,276,2,11,0,0,0,6,18,27,32,4,0,0.94,0.97,0,No
1112147,0,16,0,0,0,0,0,0,0,0,1,0,0.44,0.46,0,No
1112148,43,2,0,0,0,0,0,0,1,1,0,0,0.98,0.98,0,No
1112149,55,8,0,0,0,0,1,5,15,23,0,0,0.96,0.97,0,No
1112150,1076,8,5,0,0,0,14,49,93,130,26,0,0.97,0.98,0,No
1112151,7714,16,0,0,0,0,0,0,0,0,0,0,0.12,0.39,0,No
1112152,36,8,0,0,0,0,0,3,8,17,1,0,1,0.99,0,No
1112153,3,9,0,0,0,0,0,0,0,0,0,0,0.69,0.68,0,No
1112154,12,8,0,0,0,0,0,0,0,0,0,0,0.46,0.35,0,No
1112155,111,2,0,0,0,0,0,0,3,3,1,0,0.8,0.92,0,No
1112156,58,8,6,0,0,0,0,0,11,13,0,0,0.87,0.83,0,No
1112157,149,8,0,0,0,0,0,2,4,7,2,0,0.1,0.13,0,No
1112158,15,4,0,0,0,0,0,0,0,0,1,0,0.89,0.79,0,No
1112159,2,12,0,0,0,0,0,0,0,0,0,0,0.62,0.73,0,No
1112160,41,8,0,0,0,0,0,0,0,1,0,0,0.55,0.77,0,No
1112161,8,12,0,0,0,0,0,0,0,0,0,0,0.62,0.73,0,No
1112162,27,4,21,40,80,120,6,25,44,61,6,0,0.96,0.83,0,No
1112163,24,8,0,0,0,0,0,0,2,2,0,0,0.89,0.79,0,No
1112164,2,12,0,0,0,0,0,0,0,0,0,0,0.62,0.73,0,No
1112165,3,2,0,0,0,0,0,0,0,0,0,0,0.99,0.94,0,No
1112166,26,8,0,0,0,0,0,0,0,4,0,0,0.96,0.97,0,No
1112167,5,8,0,0,0,0,0,0,0,0,1,0,1,0.9,0,No
1112168,180,8,41,260,600,1010,134,441,838,1283,50,0,0.99,0.98,0,No
1112169,7,12,0,0,0,0,0,0,0,0,0,0,0.82,0.79,0,No
1112170,24,12,0,20,20,30,4,13,32,43,0,0,0.87,0.88,0,No
1112171,0,12,0,0,0,0,0,1,1,1,0,0,0.82,0.79,0,No
1112172,32,8,28,52,148,256,25,83,165,250,0,0,0.79,0.42,0,No
1112173,588,4,0,0,0,0,0,0,0,0,0,0,0.87,0.92,0,No
1112174,18,2,0,0,0,0,0,0,0,2,1,0,0.88,0.61,0,No
1112175,4,9,0,0,0,0,0,0,0,0,0,0,0.69,0.68,0,No
1112176,18,4,13,4,20,40,0,10,41,52,3,0,0.34,0.41,0,No
1112177,2,8,0,2,4,6,0,1,3,5,0,0,0.78,0.82,0,No
1112178,4,8,0,0,0,0,0,0,0,1,0,0,0.78,0.82,0,No
1112179,35,2,0,0,0,0,0,0,2,2,0,0,0.56,0.32,0,No
1112180,17,8,0,0,0,0,1,1,1,1,2,0,0.97,0.98,0,No
1112181,0,8,0,7,13,17,1,6,7,7,0,0,0.46,0.35,0,No
1112182,97,12,0,0,0,0,0,2,4,5,1,0,0.79,0.83,0,No
1112183,64,2,0,0,0,0,1,9,10,11,1,0,0.87,0.84,0,No
1112184,2,9,0,0,0,0,0,0,0,0,0,0,0.69,0.68,0,No
1112185,22,2,0,0,0,0,0,0,0,0,0,0,1,1,0,No
1112186,28,4,0,0,0,0,0,1,2,3,1,0,0.1,0.81,0,No
1112187,7,9,0,0,0,0,0,0,1,2,0,0,0.86,0.69,0,No
1112188,19,2,0,0,0,0,0,0,0,1,0,0,0.83,0.71,0,No
1112189,41,2,0,0,0,0,0,4,10,11,0,0,0.99,0.99,0,No
1112190,10,8,0,5,20,30,0,3,11,15,0,0,0.78,0.82,0,No
1112191,18,2,0,0,0,0,0,0,0,0,1,0,0.76,0.85,0,No
1112192,58,3,0,0,0,0,0,1,7,14,1,0,1,0.99,0,No
1112193,8,2,0,0,0,0,1,1,3,5,0,0,-99,-99,0,No
1112194,2,9,0,0,0,0,0,0,0,0,0,0,0.69,0.68,0,No
1112195,14,4,0,0,0,0,0,2,4,6,1,0,0.76,0.85,0,No
1112196,10,3,1,6,15,24,3,9,15,21,0,0,0.98,0.98,0,No
1112197,66,2,0,0,0,0,1,3,12,22,0,0,1,0.95,0,No
1112198,18,2,0,0,0,0,0,0,0,0,0,0,0.81,0.78,0,No
1112199,3,8,0,1,4,6,0,1,5,10,0,0,0,0,0,No
1112200,26,2,0,0,0,0,2,2,2,2,0,0,0.89,0.92,0,No
1112201,82,4,0,0,0,0,0,1,2,3,0,0,0.69,0.68,0,No
1112202,5,9,0,0,0,0,0,0,0,0,0,0,0.69,0.68,0,No
1112203,996,2,0,0,0,0,3,7,10,22,2,0,0.99,0.99,0,No
1112204,4,12,0,0,0,0,0,0,0,0,0,0,0.62,0.73,0,No
1112205,21,8,0,6,18,30,5,13,22,33,2,0,0.86,0.81,0,No
1112206,44286,8,42,0,0,0,1878,6320,14416,24336,2455,0,0.97,0.91,0,No
1112207,3,2,0,0,0,0,0,0,0,0,0,0,0.76,0.85,0,No
1112208,15,2,0,0,0,0,0,0,0,0,0,0,0.99,0.99,0,No
1112209,2,9,0,0,0,0,0,0,0,0,0,0,0.69,0.68,0,No
1112210,50,2,0,0,0,0,4,10,17,29,0,0,0.39,0.27,0,No
1112211,95,2,0,0,0,0,4,7,20,22,1,0,0.95,0.95,0,No
1112212,2,8,0,0,0,0,0,0,0,0,1,0,0.46,0.35,0,No
1112217,42,17,1,0,20,20,6,24,38,50,9,0,0.99,0.99,0,No
1112218,0,8,0,1972,1972,1972,0,0,0,0,0,0,0.22,0.36,0,No
1112219,24,9,0,0,18,18,1,12,20,45,2,0,0.49,0.72,0,No
1112220,11712,2,15,0,0,0,71,170,305,446,48,0,0.99,0.99,0,No
1112221,16,14,0,0,0,0,1,3,5,7,3,0,0.99,0.99,0,No
1112222,58,2,0,0,0,0,1,1,2,123,1,0,0.92,0.91,0,No
1112223,0,9,0,5,7,7,0,0,0,0,0,2,0.69,0.68,0,No
1112224,13,4,0,0,0,0,2,2,2,2,0,0,0.95,0.83,0,No
1112225,233,4,0,0,0,0,2,6,23,43,13,0,0.69,0.68,0,No
1112226,873,4,0,0,0,0,1,4,6,12,1,0,0.77,0.8,0,No
1112228,73,14,0,0,0,0,0,0,0,0,2,0,0.99,0.99,0,No
1112229,546,2,117,407,1071,1974,31,97,244,417,86,0,0.88,0.94,1,No
1112230,1,8,0,2,4,6,1,1,1,1,0,0,0.89,0.88,0,No
1112231,4,4,4,16,32,45,5,16,24,42,5,0,0.69,0.68,0,No
1112232,51,2,0,0,0,0,1,4,5,5,1,0,0.82,0.62,0,No
1112233,33,2,0,0,0,0,0,1,2,3,1,0,0.99,0.99,0,No
1112234,265,5,0,0,0,0,17,49,174,267,28,0,0.64,0.67,0,No
1112235,8,2,0,1,1,1,1,3,3,3,1,0,0.99,0.9,0,No
1112236,97,8,0,0,0,30,13,35,73,120,15,0,0.96,0.96,0,No
1112237,479,2,0,0,220,550,65,177,272,281,0,0,0.09,0.06,0,No
1112238,28,2,0,10,35,65,4,14,30,42,0,0,0.96,0.91,0,No
1112239,258,10,0,0,0,0,0,0,0,0,0,0,0.85,0.88,0,No
1112240,0,8,0,1,1,1,0,0,0,0,0,0,0.1,0.13,0,No
1112241,1,8,0,0,0,0,0,0,0,0,1,0,0.31,0.34,0,No
1112243,0,12,0,6,8,8,0,0,0,0,0,0,0.82,0.79,0,No
1112244,5,2,0,0,10,10,0,1,1,2,0,0,0.98,0.97,0,No
1112245,4,4,0,0,0,0,0,0,0,1,1,0,0.22,0.11,0,No
1112246,9,2,0,2,4,4,0,0,0,0,0,0,0.82,0.89,0,No
1112247,4,9,0,2,4,4,0,0,0,0,0,0,0.69,0.68,0,No
1112248,5,2,4,0,8,12,3,5,37,56,0,0,0.95,0.91,0,No
1112249,112,2,184,406,790,1190,129,370,747,1152,150,0,0.92,0.79,0,No
1112250,21,2,0,0,0,0,0,0,0,0,0,0,0.99,0.99,0,No
1112251,2,9,0,0,0,0,0,0,0,0,0,0,0.69,0.68,0,No
1112252,0,9,0,2,2,2,0,0,0,0,0,0,0.69,0.68,0,No
1112253,11,2,0,0,0,0,0,0,0,0,0,0,0.55,0.77,0,No
1112254,2,12,0,0,0,0,0,0,0,0,0,0,0.82,0.79,0,No
1112255,4,8,0,0,0,0,0,0,0,0,0,0,0.1,0.13,0,No
1112256,2,9,0,0,0,0,0,0,0,0,0,0,0.69,0.68,0,No
1112257,80,2,0,900,1200,1500,0,4,8,12,105,0,0.79,0.83,0,No
1112258,39,8,0,0,40,60,4,25,54,95,4,0,0.95,0.93,0,No
1112259,0,8,0,0,0,0,0,0,0,0,0,0,0.89,0.94,0,No
1112263,1740,3,3000,1086,4746,8224,0,0,0,0,0,0,-99,-99,0,No
1112264,65,4,0,0,0,0,5,5,20,35,0,0,0.77,0.8,0,No
1112265,1887,2,0,0,0,0,0,0,1,1,1,0,0,0,0,No
1112266,4,2,0,0,0,0,0,0,0,0,1,0,1,0.93,0,No
1112267,4,4,6,7,13,13,3,7,11,15,0,0,0.77,0.8,0,No
1112268,114,3,0,0,0,40,7,20,54,76,2,0,0.89,0.9,0,No
1112270,2,9,0,0,0,0,0,0,0,0,1,0,0.67,0.8,0,No
1112271,6,12,0,0,0,0,0,0,0,0,1,0,0.82,0.79,0,No
1112272,33,8,0,0,0,0,0,0,0,0,0,0,1,0.99,0,No
1112273,35,8,0,16,32,48,5,16,30,42,5,0,1,0.99,0,No
1112274,1,12,0,0,0,0,0,0,0,0,0,0,0.82,0.79,0,No
1112275,31,16,0,0,0,0,0,0,0,0,1,0,0.44,0.46,0,No
1112276,3,12,0,0,0,0,0,0,0,0,0,0,0.05,0.24,0,No
1112277,10,8,0,10,20,40,1,9,14,25,0,0,0.82,0.68,0,No
1112278,136,8,0,0,0,0,0,0,0,0,0,0,0.99,0.98,0,No
1112279,3,16,0,0,0,0,0,0,0,0,0,0,0.44,0.46,0,No
1112280,8,8,0,0,0,0,0,0,1,1,2,0,0.42,0.46,0,No
1112281,206,8,29,240,390,510,65,223,465,778,218,0,1,1,0,No
1112282,42,8,4,30,54,78,8,27,58,97,17,0,1,0.98,0,No
1112283,3,8,0,15,30,30,2,9,12,18,0,0,1,0.99,0,No
1112284,14,12,0,0,0,0,0,0,0,0,1,0,0.87,0.68,0,No
1112285,8,17,0,0,0,0,0,0,1,1,3,0,0.06,0.5,0,No
1112286,1,8,0,3,4,6,0,2,3,5,0,0,0.82,0.87,0,No
1112287,17,17,0,0,0,0,0,0,0,0,1,0,0.79,0.83,0,No
1112288,11,8,0,0,0,0,1,2,5,5,2,0,1,0.99,0,No
1112289,89,8,6,50,100,150,22,67,153,248,54,0,0.88,0.94,0,No
1112290,15,8,0,19,43,67,9,21,42,56,18,0,0.79,0.89,0,No
1112291,5,12,0,0,0,0,0,0,0,0,0,0,0.82,0.79,0,No
1112292,10,8,0,0,0,0,0,0,2,3,2,0,0.74,0.76,0,No
1112295,9,8,0,0,0,0,0,2,4,4,1,0,1,1,0,No
1112296,44,2,3,21,42,70,15,34,73,127,28,0,0.99,0.98,0,No
1112297,362,52,0,74,74,74,1,16,33,33,0,0,0.68,0.58,0,No
1112298,186,8,0,193,313,393,49,137,280,497,130,0,0.96,0.97,0,No
1112299,12,9,0,14,26,38,4,12,22,34,3,0,0.69,0.68,0,No
1112300,9,8,0,0,0,0,0,0,0,0,1,0,0.93,0.96,0,No
1112301,205,8,40,200,320,480,61,159,323,545,101,0,0.82,0.87,0,No
1112302,3,9,0,0,0,0,0,0,0,0,2,0,0.69,0.68,0,No
1112303,1,8,0,0,0,0,0,0,0,0,0,0,0.99,0.99,0,No
1112305,12,8,0,0,12,21,4,11,19,33,3,0,0.79,0.78,0,No
1112306,11,12,0,0,0,0,1,2,3,3,1,0,0.93,0.96,0,No
1112307,8,8,7,7,13,22,1,11,20,24,9,0,0.84,0.48,0,No
1112308,17,8,0,0,0,0,0,0,0,0,0,0,1,0.99,0,No
1112309,31,2,0,0,0,0,0,2,6,7,2,0,0.82,0.78,0,No
1112310,2,2,0,0,0,0,0,0,0,0,0,0,0.46,0.35,0,No
1112311,4,2,0,0,10,10,1,1,1,1,1,0,1,1,0,No
1112312,0,2,0,11,11,11,0,0,0,0,1,0,-99,-99,0,No
1112313,12,2,0,0,0,0,0,0,0,0,0,0,0.99,0.98,0,No
1112314,7,2,10,14,28,28,8,17,25,26,2,0,1,0.99,0,No
