Age,DailyRate,Department,DistanceFromHome,MaritalStatus,MonthlyIncome,NumCompaniesWorked,OverTime,StockOptionLevel,TotalWorkingYears,Attrition
41,1102,83,1,83,5993,8,89,0,8,Yes
49,279,82,8,77,5130,1,78,1,10,No
37,1373,82,2,83,2090,6,89,0,7,Yes
33,1392,82,3,77,2909,1,89,0,8,No
27,591,82,2,77,3468,9,78,1,6,No
32,1005,82,2,83,3068,0,78,0,8,No
59,1324,82,3,77,2670,4,89,3,12,No
30,1358,82,24,68,2693,1,78,1,1,No
38,216,82,23,83,9526,0,78,0,10,No
36,1299,82,27,77,5237,6,78,2,17,No
35,809,82,16,77,2426,0,78,1,6,No
29,153,82,15,83,4193,0,89,0,10,No
31,670,82,26,68,2911,1,78,1,5,No
34,1346,82,19,68,2661,0,78,1,3,No
28,103,82,24,83,2028,5,89,0,6,Yes
29,1389,82,21,68,9980,1,78,1,10,No
32,334,82,5,68,3298,0,89,2,7,No
22,1123,82,16,68,2935,1,89,2,1,No
53,1219,83,2,77,15427,2,78,0,31,No
38,371,82,2,83,3944,5,89,0,6,No
24,673,82,11,68,4011,0,78,1,5,No
36,1218,83,9,83,3407,7,78,0,10,Yes
34,419,82,7,83,11994,0,78,0,13,No
21,391,82,15,83,1232,1,78,0,0,No
34,699,82,6,83,2960,2,78,0,8,Yes
53,1282,82,5,68,19094,4,78,1,26,No
32,1125,82,16,83,3919,1,89,0,10,Yes
42,691,83,8,77,6825,0,78,1,10,No
44,477,82,7,77,10248,3,78,1,24,No
46,705,83,2,83,18947,3,78,0,22,No
33,924,82,2,83,2496,4,78,0,7,No
44,1459,82,10,77,6465,2,89,0,9,No
30,125,82,9,83,2206,1,78,0,10,No
39,895,83,5,77,2086,3,78,1,19,Yes
24,813,82,1,77,2293,2,89,1,6,Yes
43,1273,82,2,68,2645,1,78,2,6,No
50,869,83,3,77,2683,1,89,0,3,Yes
35,890,83,2,77,2014,1,78,0,2,No
36,852,82,5,77,3419,9,89,1,6,No
33,1141,83,1,77,5376,2,78,2,10,No
35,464,82,4,68,1951,1,78,1,1,No
27,1240,82,2,68,2341,1,78,1,1,No
26,1357,82,25,83,2293,1,78,0,1,Yes
27,994,83,8,83,8726,1,78,0,9,No
30,721,82,1,83,4011,1,78,0,12,No
41,1360,82,12,77,19545,1,78,0,23,Yes
34,1065,83,23,83,4568,0,78,0,10,No
37,408,82,19,77,3022,4,78,0,8,No
46,1211,83,5,83,5772,4,89,0,14,No
35,1229,82,8,77,2269,1,78,0,1,No
48,626,82,1,83,5381,9,89,0,23,Yes
28,1434,82,5,83,3441,1,89,0,2,Yes
44,1488,83,1,68,5454,5,89,1,9,No
35,1097,82,11,77,9884,2,89,1,10,No
26,1443,83,23,77,4157,7,89,1,5,No
33,515,82,1,83,13458,1,89,0,15,No
35,853,83,18,77,9069,1,78,1,9,No
35,1142,82,23,77,4014,3,89,1,4,No
31,655,82,7,68,5915,3,78,1,10,No
37,1115,82,1,68,5993,1,78,1,7,No
32,427,82,1,77,6162,1,89,1,9,No
38,653,82,29,83,2406,1,78,0,10,No
50,989,82,7,68,18740,5,89,1,29,No
59,1435,83,25,83,7637,7,78,0,28,No
36,1223,82,8,68,10096,1,78,3,17,No
55,836,82,8,68,14756,2,89,3,21,No
36,1195,82,11,83,6499,1,78,0,6,No
45,1339,82,7,68,9724,2,78,1,25,No
35,664,82,1,77,2194,4,78,1,5,No
36,318,82,9,77,3388,0,89,1,2,Yes
59,1225,83,1,83,5473,7,78,0,20,No
29,1328,82,2,77,2703,0,78,1,6,No
31,1082,82,1,83,2501,1,78,0,1,No
32,548,82,1,77,6220,1,78,2,10,No
36,132,82,6,77,3038,3,78,0,5,No
31,746,82,8,83,4424,1,78,0,11,No
35,776,83,1,83,4312,0,78,0,16,No
45,193,82,6,77,13245,4,89,0,17,No
37,397,82,7,83,13664,4,78,0,16,No
46,945,72,5,68,5021,8,89,1,16,No
30,852,82,1,77,5126,1,89,2,10,No
35,1214,82,1,83,2859,1,78,0,6,No
55,111,83,1,77,10239,3,78,1,24,No
38,573,82,6,68,5329,7,89,3,17,No
34,1153,82,1,77,4325,1,78,0,5,No
56,1400,82,7,83,7260,4,78,0,37,No
23,541,83,2,68,2322,3,78,1,3,No
51,432,82,9,77,2075,3,78,2,10,No
30,288,82,2,77,4152,1,78,3,11,No
46,669,83,9,83,9619,1,78,0,9,Yes
40,530,82,1,77,13503,1,78,1,22,No
51,632,83,21,83,5441,0,89,0,11,No
30,1334,83,4,68,5209,1,89,3,11,No
46,638,82,1,77,10673,2,89,1,21,No
32,1093,83,6,83,5010,1,78,0,12,No
54,1217,82,2,77,13549,9,78,1,16,No
24,1353,83,3,77,4999,0,78,1,4,No
28,120,83,4,77,4221,1,78,0,5,No
58,682,83,10,83,13872,0,78,0,38,No
44,489,82,23,77,2042,4,78,1,17,No
37,807,72,6,68,2073,4,89,0,7,Yes
32,827,82,1,83,2956,1,78,0,1,No
20,871,82,6,83,2926,1,89,0,1,Yes
34,665,82,6,83,4809,1,78,0,16,No
37,1040,82,2,68,5163,5,78,1,17,No
59,1420,72,2,77,18844,9,78,1,30,No
50,1115,82,1,77,18172,3,89,0,28,No
25,240,83,5,83,5744,1,89,0,6,Yes
25,1280,82,7,77,2889,1,78,2,2,No
22,534,82,15,83,2871,1,78,0,1,No
51,1456,82,1,83,7484,3,78,0,23,No
34,658,82,7,83,6074,1,89,0,9,Yes
54,142,72,26,83,17328,2,89,0,23,No
24,1127,82,18,77,2774,0,78,1,6,No
34,1031,82,6,68,4505,6,78,1,12,No
37,1189,83,3,83,7428,2,78,0,12,No
34,1354,82,5,83,11631,2,78,0,14,No
36,1467,83,11,77,9738,0,78,1,10,No
36,922,82,3,68,2835,5,78,1,7,No
43,394,83,26,77,16959,1,89,2,25,No
30,1312,82,23,68,2613,1,78,3,10,No
33,750,83,22,77,6146,0,78,1,8,No
56,441,82,14,77,4963,9,89,3,7,Yes
51,684,82,6,83,19537,7,78,0,23,No
31,249,83,6,77,6172,4,89,0,12,Yes
26,841,82,6,77,2368,1,78,0,5,No
58,147,82,23,77,10312,1,78,1,40,Yes
19,528,83,22,83,1675,1,89,0,0,Yes
22,594,82,2,77,2523,0,78,1,3,No
49,470,82,20,77,6567,1,78,0,16,No
43,957,82,28,83,4739,4,78,0,18,No
50,809,83,12,83,9208,4,78,0,16,No
31,542,83,20,77,4559,3,89,1,4,Yes
41,802,83,9,68,8189,3,89,1,12,No
26,1355,72,25,77,2942,1,78,1,8,No
36,216,82,6,68,4941,6,78,2,7,No
51,1150,82,8,83,10650,2,78,0,18,Yes
39,1329,83,4,77,5902,4,78,1,17,No
25,959,83,28,77,8639,2,78,0,6,No
30,1240,72,9,77,6347,0,89,0,12,No
32,1033,82,9,83,4200,7,78,0,10,Yes
45,1316,82,29,83,3452,5,78,0,9,No
38,364,82,3,83,4317,3,89,0,19,No
30,438,82,18,83,2632,1,78,0,5,No
32,689,83,9,68,4668,0,78,3,9,No
30,201,82,5,68,3204,5,78,1,8,No
30,1427,82,2,83,2720,0,78,0,6,No
41,857,82,10,68,17181,4,78,1,21,No
41,933,82,9,77,2238,2,78,1,7,No
19,1181,82,3,83,1483,1,78,0,1,No
40,1395,82,26,68,5605,1,78,1,20,No
35,662,83,1,77,7295,1,78,2,10,No
53,1436,83,6,77,2306,2,89,1,13,No
45,194,82,9,68,2348,8,78,1,20,No
32,967,83,8,83,8998,1,78,0,9,No
29,1496,82,1,77,4319,1,78,1,10,No
51,1169,82,7,77,6132,2,78,0,10,No
58,1145,82,9,77,3346,4,89,1,9,No
40,630,83,4,77,10855,7,78,1,15,No
34,303,83,2,77,2231,6,78,1,6,No
22,1256,82,19,77,2323,1,78,2,2,No
27,691,82,9,68,2024,6,78,1,6,No
28,440,82,21,77,2713,1,78,1,5,No
57,334,82,24,68,9439,3,89,1,12,No
27,1450,82,3,68,2566,1,89,1,1,No
50,1452,82,11,83,19926,3,78,0,21,No
41,465,82,14,68,2451,4,78,1,13,No
30,1339,83,5,77,9419,2,78,1,12,No
38,702,83,1,83,8686,4,78,0,12,No
32,120,82,6,83,3038,3,78,0,8,No
27,1157,82,17,77,3058,0,89,1,6,No
19,602,83,1,83,2325,0,78,0,1,Yes
36,1480,82,3,83,2088,4,78,0,13,No
30,111,82,9,68,3072,1,78,2,12,No
45,1268,83,4,68,5006,4,89,1,9,No
56,713,82,8,68,4257,4,89,1,19,No
33,134,82,2,83,2500,0,78,0,4,No
19,303,82,2,83,1102,1,78,0,1,Yes
46,526,83,1,68,10453,1,78,3,24,No
38,1380,82,9,83,2288,1,78,0,2,No
31,140,82,12,77,3929,8,89,1,7,No
34,629,82,27,83,2311,2,78,0,9,No
41,1356,83,20,83,3140,1,89,0,4,Yes
50,328,82,1,77,3690,2,78,1,5,No
53,1084,82,13,68,4450,1,78,2,5,No
33,931,82,14,77,2756,1,78,1,8,No
40,989,82,4,77,19033,1,78,1,21,No
55,692,82,14,83,18722,8,78,0,36,No
34,1069,82,2,77,9547,1,78,0,10,No
51,313,82,3,83,13734,3,78,0,21,No
52,699,82,1,77,19999,0,78,1,34,No
27,894,82,9,83,2279,1,78,0,7,No
35,556,82,23,77,5916,3,89,0,8,Yes
43,1344,82,7,68,2089,4,78,3,7,No
45,1195,82,2,77,16792,9,78,1,22,No
37,290,82,21,77,3564,1,89,1,8,No
35,138,82,2,83,4425,5,78,0,10,No
42,926,82,21,68,5265,2,78,1,11,No
38,1261,82,2,77,6553,9,78,0,14,No
38,1084,82,29,77,6261,3,78,1,9,No
27,472,82,1,77,4298,5,78,1,6,No
49,1002,82,18,68,6804,1,89,2,7,No
34,878,82,10,68,3815,1,89,1,5,No
40,905,82,19,77,2741,8,89,1,15,No
38,1180,82,29,77,6673,7,89,0,17,Yes
29,121,83,27,77,7639,1,78,3,10,Yes
22,1136,82,5,68,2328,1,89,1,4,No
36,635,82,18,83,2153,1,78,0,8,No
40,1151,82,9,77,4876,9,78,1,5,No
46,644,82,1,68,9396,7,78,1,17,No
32,1045,83,4,77,10400,1,78,0,14,Yes
30,829,82,1,83,8474,1,78,0,12,No
27,1242,83,20,83,9981,1,78,0,7,No
51,1469,82,8,77,12490,5,78,2,16,No
30,1005,82,3,83,2657,5,89,0,8,Yes
41,896,83,6,83,13591,3,89,0,16,No
30,334,83,26,83,6696,5,78,0,9,Yes
29,992,82,1,83,2058,0,78,0,7,Yes
45,1052,83,6,83,8865,6,78,0,23,No
54,1147,83,3,77,5940,2,78,1,16,No
36,1396,82,5,83,5914,8,78,0,16,No
33,147,82,4,77,2622,6,78,0,7,No
37,663,82,11,68,12185,1,89,3,10,No
38,119,83,3,68,10609,0,78,2,17,No
31,979,82,1,77,4345,0,78,1,6,No
59,142,82,3,77,2177,3,78,1,7,No
37,319,83,4,68,2793,4,78,1,13,No
29,1413,83,1,77,7918,1,78,1,11,No
35,944,83,1,83,8789,1,78,0,10,No
29,896,82,18,83,2389,1,89,0,4,Yes
52,1323,82,2,83,3212,7,78,0,6,No
42,532,82,4,77,19232,1,78,0,22,No
59,818,72,6,77,2267,8,78,0,7,No
50,854,83,1,68,19517,3,78,1,32,No
33,813,82,14,77,2436,5,89,1,8,Yes
43,1034,83,16,77,16064,5,89,1,22,No
33,465,82,2,77,2707,7,78,0,13,Yes
52,771,83,2,83,19068,1,89,0,33,No
32,1401,83,4,77,3931,2,78,1,6,No
32,515,82,1,83,3730,0,89,0,4,Yes
39,1431,82,1,68,2232,7,78,3,7,No
32,976,83,26,77,4465,0,78,0,4,No
41,1411,82,19,68,3072,2,78,2,17,No
40,1300,82,24,68,3319,1,78,2,9,No
45,252,82,1,77,19202,0,78,1,25,No
31,1327,82,3,68,13675,9,78,1,9,No
33,832,82,5,77,2911,1,78,1,2,No
34,470,82,2,77,5957,6,78,1,13,No
37,1017,82,1,77,3920,2,78,1,17,No
45,1199,82,7,77,6434,4,78,1,9,No
37,504,82,10,68,10048,6,78,2,17,Yes
39,505,82,2,83,10938,0,78,0,20,No
29,665,82,15,83,2340,1,78,0,6,No
42,916,82,17,83,6545,3,89,0,10,No
29,1247,83,20,68,6931,2,78,1,10,No
25,685,82,1,77,4898,0,78,2,5,No
42,269,82,2,68,2593,0,89,1,10,No
40,1416,82,2,68,19436,0,78,1,22,No
51,833,82,1,77,2723,1,78,0,1,No
31,307,82,29,83,3479,0,78,0,6,Yes
32,1311,82,7,77,2794,1,78,0,5,No
38,1327,83,2,77,5249,3,78,1,13,No
32,128,82,2,83,2176,4,78,0,9,No
46,488,83,2,77,16872,3,89,1,28,No
28,529,82,2,83,3485,2,78,0,5,Yes
29,1210,83,2,77,6644,2,78,2,10,No
31,1463,82,23,77,5582,0,78,1,10,No
25,675,82,5,68,4000,1,78,2,6,No
45,1385,82,20,77,13496,0,89,0,21,No
36,1403,82,6,77,3210,0,78,1,16,No
55,452,82,1,83,19045,0,89,0,37,No
47,666,82,29,77,11849,1,89,1,10,Yes
28,1158,82,9,77,2070,1,78,1,5,No
37,228,83,6,77,6502,4,78,1,7,No
21,996,82,3,83,3230,1,78,0,3,No
37,728,82,1,68,13603,2,89,2,15,No
35,1315,82,22,68,11996,7,78,1,10,No
38,322,83,7,68,5605,1,89,1,8,No
26,1479,82,1,68,6397,1,78,1,6,No
50,797,82,4,68,19144,3,78,2,28,No
53,1070,82,3,77,17584,3,89,3,21,No
42,635,83,1,77,4907,1,78,0,20,No
29,442,83,2,83,4554,1,78,0,10,No
55,147,82,20,77,5415,3,89,1,12,No
26,496,82,11,77,4741,1,89,1,5,No
37,1372,82,1,83,2115,1,78,0,17,No
44,920,82,24,68,3161,3,89,1,19,Yes
38,688,82,23,68,5745,9,78,1,10,No
26,1449,82,16,68,2373,2,89,1,5,Yes
28,1117,82,8,83,3310,1,78,0,5,No
49,636,82,10,83,18665,9,89,0,22,No
36,506,82,3,83,4485,4,78,0,10,No
31,444,83,5,68,2789,1,78,1,2,No
26,950,83,4,83,5828,1,89,0,8,Yes
37,889,82,9,77,2326,1,89,3,4,No
42,555,83,26,77,13525,5,78,1,23,No
18,230,82,3,83,1420,1,78,0,0,Yes
35,1232,83,16,77,8020,0,78,2,12,No
36,566,82,18,77,3688,4,78,2,4,No
51,1302,82,2,68,5482,5,78,1,13,No
41,334,83,2,83,16015,1,78,0,22,No
18,812,83,10,83,1200,1,78,0,0,No
28,1476,82,16,83,5661,0,78,0,9,No
31,218,83,7,77,6929,4,78,1,10,No
39,1132,82,1,68,9613,0,78,3,19,No
36,1105,82,24,77,5674,7,78,1,11,No
32,906,83,7,77,5484,1,78,1,13,No
38,849,82,25,77,12061,3,78,1,19,No
58,390,82,1,68,5660,2,89,1,12,No
31,691,82,5,77,4821,0,89,1,6,No
31,106,72,2,77,6410,3,78,0,9,No
45,1249,82,7,68,5210,1,78,1,24,No
31,192,82,2,68,2695,0,89,1,3,No
33,553,82,5,77,11878,6,78,2,12,No
39,117,82,10,77,17068,1,89,0,21,No
43,185,82,10,83,2455,0,78,0,9,No
49,1091,82,1,83,13964,7,89,0,25,No
52,723,82,8,77,4941,2,78,0,11,Yes
27,1220,82,5,83,2478,1,89,0,4,No
32,588,83,8,77,5228,1,89,0,13,No
27,1377,83,2,83,4478,1,89,0,5,No
31,691,83,7,68,7547,4,78,3,13,No
32,1018,82,2,83,5055,7,78,0,10,No
28,1157,82,2,77,3464,5,89,0,5,Yes
30,1275,82,28,77,5775,1,78,2,11,No
31,798,82,7,77,8943,1,78,1,10,No
39,672,82,7,77,19272,1,78,1,21,No
39,1162,83,3,77,5238,4,89,0,12,Yes
33,508,83,10,83,4682,3,78,0,9,No
47,1482,82,5,77,18300,4,78,1,21,No
43,559,82,10,68,5257,1,78,1,9,No
27,210,83,1,77,6349,0,89,1,6,No
54,928,82,20,83,4869,3,78,0,20,No
43,1001,82,7,77,9985,8,78,1,10,No
45,549,82,8,77,3697,9,78,2,12,No
40,1124,83,1,77,7457,2,89,3,6,No
29,318,82,8,77,2119,1,89,0,7,Yes
29,738,82,9,83,3983,0,78,0,4,No
30,570,83,5,68,6118,1,78,3,10,No
27,1130,83,8,77,6214,1,78,1,8,No
37,1192,82,5,68,6347,7,78,2,8,No
38,343,82,15,68,11510,0,89,1,12,No
31,1232,82,7,83,7143,1,89,0,11,No
29,144,83,10,68,8268,1,89,2,7,No
35,1296,82,5,83,8095,0,78,0,17,No
23,1309,82,26,68,2904,1,78,2,4,No
41,483,82,6,83,6032,6,89,0,8,No
47,1309,83,4,83,2976,3,78,0,5,No
42,810,82,23,83,15992,2,78,0,16,No
29,746,83,2,77,4649,1,78,1,4,No
42,544,72,2,68,2696,0,89,1,4,No
32,1062,82,2,77,2370,1,78,1,8,No
48,530,83,29,77,12504,3,78,1,15,No
37,1319,82,6,68,5974,4,89,2,13,No
30,641,83,25,77,4736,7,89,1,4,No
26,933,83,1,77,5296,1,78,1,8,No
42,1332,82,2,83,6781,3,78,0,14,No
21,756,83,1,83,2174,1,89,0,3,Yes
36,845,83,1,83,6653,4,78,0,7,No
36,541,83,3,77,9699,4,78,1,16,No
57,593,82,1,77,6755,2,78,0,15,No
40,1171,82,10,77,2213,3,89,1,10,No
21,895,83,9,83,2610,1,78,0,3,No
33,350,83,5,83,2851,1,89,0,1,Yes
37,921,82,10,77,3452,6,78,1,17,No
46,1144,82,7,77,5258,2,78,0,7,No
41,143,83,4,83,9355,1,78,0,8,Yes
50,1046,82,10,83,10496,6,78,0,20,No
40,575,83,22,77,6380,2,89,2,8,Yes
31,408,82,9,83,2657,0,89,0,3,No
21,156,83,12,83,2716,1,78,0,1,Yes
29,1283,82,23,83,2201,9,78,0,6,No
35,755,82,9,83,6540,9,78,0,10,No
27,1469,82,1,68,3816,1,78,1,5,No
28,304,83,9,83,5253,1,78,0,7,No
49,1261,82,7,83,10965,8,78,0,26,No
51,1178,83,14,77,4936,4,78,1,18,No
36,329,82,2,77,2543,4,78,1,6,No
34,1362,83,19,83,5304,8,89,0,9,Yes
55,1311,82,2,83,16659,2,89,0,30,No
24,1371,83,10,68,4260,1,89,1,5,No
30,202,83,2,77,2476,1,78,1,1,No
26,575,82,3,83,3102,0,78,0,7,Yes
22,253,82,11,77,2244,1,78,1,2,No
36,164,83,2,77,7596,1,78,2,10,No
30,464,82,4,83,2285,9,89,0,3,Yes
37,1107,82,14,68,3034,1,78,1,18,No
40,759,83,2,68,5715,7,78,2,8,No
42,201,82,1,68,2576,3,78,1,8,No
37,1305,82,10,83,4197,2,89,0,18,No
43,982,82,12,68,14336,1,78,1,25,No
40,555,82,2,77,3448,6,78,1,20,No
54,821,82,5,77,19406,4,78,1,24,No
34,1381,83,4,77,6538,9,78,1,6,No
31,480,82,7,77,4306,1,78,1,13,No
43,313,82,21,77,2258,7,78,1,8,No
43,1473,82,8,68,4522,4,89,0,8,No
25,891,83,4,83,4487,1,89,0,5,No
37,1063,82,25,77,4449,3,89,2,15,No
31,329,82,1,77,2218,1,78,1,4,No
39,1218,82,1,68,19197,1,89,1,21,No
56,906,83,6,77,13212,9,78,3,36,No
30,1082,83,12,83,6577,0,78,0,6,No
41,645,83,1,77,8392,1,78,1,10,No
28,1300,82,17,68,4558,1,78,1,10,No
25,688,82,3,77,4031,5,78,1,6,Yes
52,319,82,3,77,7969,2,89,0,28,No
45,192,82,10,77,2654,3,78,2,8,No
52,1490,82,4,77,16555,2,78,0,31,No
42,532,82,29,68,4556,2,78,1,19,No
30,317,82,2,83,6091,2,78,0,11,No
60,422,82,7,77,19566,5,78,0,33,No
46,1485,82,18,68,4810,2,78,1,19,No
42,1368,82,28,77,4523,0,78,3,7,No
24,1448,83,1,83,3202,1,89,0,6,Yes
34,296,83,6,68,2351,0,78,1,3,Yes
38,1490,82,2,77,1702,1,89,1,1,No
40,1398,83,2,77,18041,0,78,0,21,No
26,1349,82,23,68,2886,1,78,2,3,No
30,1400,82,3,77,2097,4,78,1,9,No
29,986,82,3,77,11935,1,78,0,10,No
29,408,82,25,77,2546,5,78,0,6,Yes
19,489,72,2,83,2564,1,78,0,1,Yes
30,1398,83,22,77,8412,0,78,0,10,No
57,210,83,29,68,14118,3,78,1,32,No
50,1099,82,29,77,17046,0,78,1,28,No
30,1116,82,2,83,2564,0,78,0,12,No
60,1499,83,28,77,10266,4,78,0,22,No
47,983,82,2,68,5070,5,78,3,20,No
46,1009,82,2,77,17861,6,78,0,26,No
35,144,82,22,83,4230,0,78,0,6,No
54,548,82,8,83,3780,7,78,0,19,No
34,1303,82,2,68,2768,3,78,1,14,No
46,1125,83,10,77,9071,2,89,1,15,No
31,1274,82,9,68,10648,1,78,1,13,No
33,1277,82,15,77,13610,7,89,0,15,Yes
33,587,82,10,68,3408,7,78,3,8,Yes
30,413,83,7,83,2983,0,78,0,4,No
35,1276,82,16,77,7632,4,89,0,10,No
31,534,82,20,77,9824,3,78,0,12,Yes
34,988,72,23,68,9950,9,89,3,11,Yes
42,1474,82,5,77,2093,4,78,1,8,No
36,635,83,10,83,9980,1,78,0,10,No
22,1368,82,4,83,3894,5,78,0,4,Yes
48,163,83,2,77,4051,2,78,1,14,No
55,1117,83,18,83,16835,3,78,0,37,No
41,267,83,10,83,6230,7,78,0,16,No
35,619,83,1,77,4717,9,78,0,15,No
40,302,82,6,83,13237,7,78,0,22,No
39,443,82,8,77,3755,1,78,1,8,No
31,828,83,2,83,6582,4,89,0,10,No
42,319,82,24,77,7406,1,89,1,10,No
45,561,83,2,77,4805,0,78,1,9,No
26,426,72,17,68,2741,0,89,1,8,Yes
29,232,82,19,68,4262,4,78,2,8,No
33,922,82,1,68,16184,4,78,1,10,No
31,688,83,7,68,11557,9,78,1,10,No
18,1306,83,5,83,1878,1,89,0,0,Yes
40,1094,83,28,68,10932,3,78,1,20,No
41,509,82,2,83,6811,2,89,0,10,No
26,775,83,29,68,4306,5,78,2,8,No
35,195,83,1,83,4859,1,78,0,5,No
34,258,83,21,83,5337,1,78,0,10,No
26,471,82,24,83,2340,1,89,0,1,Yes
37,799,82,1,83,7491,4,78,0,12,No
46,1034,82,18,77,10527,5,78,0,28,No
41,1276,83,2,77,16595,7,78,1,22,No
37,142,83,9,68,8834,1,78,1,9,No
52,956,82,6,68,5577,3,89,2,18,No
32,1474,83,11,77,4707,8,78,0,6,Yes
24,535,83,24,77,2400,0,78,2,3,No
38,1495,82,10,77,9824,3,78,1,18,No
37,446,82,1,77,6447,6,78,1,8,No
49,1245,82,18,68,19502,1,89,1,31,No
24,691,82,23,77,2725,1,89,2,6,No
26,703,83,28,77,6272,1,78,2,6,No
24,823,82,17,77,2127,1,78,1,1,No
50,1246,72,3,77,18200,1,78,1,32,No
25,622,83,13,77,2096,1,78,0,7,No
24,1287,82,7,77,2886,1,89,1,6,Yes
30,448,83,12,77,2033,1,78,1,1,Yes
34,254,82,1,77,3622,1,89,1,6,No
31,1365,83,13,68,4233,2,78,0,9,Yes
35,538,82,25,83,3681,4,78,0,9,No
31,525,83,6,68,5460,4,78,2,13,No
27,798,82,6,68,2187,0,78,2,6,No
37,558,83,2,77,9602,4,89,1,17,No
20,959,82,1,83,2836,1,78,0,1,No
42,622,82,2,77,4089,1,78,2,10,No
43,782,82,6,68,16627,4,89,1,21,No
38,362,82,1,83,2619,3,78,0,8,No
43,1001,82,9,68,5679,3,89,1,10,No
48,1236,82,1,77,15402,7,78,1,21,No
44,1112,72,1,83,5985,4,78,0,10,No
34,204,83,14,68,2579,1,89,2,8,No
27,1420,83,2,68,3041,0,78,1,5,Yes
21,1343,83,22,83,3447,1,78,0,3,No
44,1315,82,3,77,19513,4,89,1,26,No
22,604,82,6,77,2773,0,78,0,3,No
33,1216,83,8,68,7104,0,78,0,6,No
32,646,82,9,77,6322,1,89,1,6,No
30,160,82,3,68,2083,1,78,1,1,No
53,238,83,1,83,8381,7,78,0,18,No
34,1397,82,1,77,2691,1,78,1,10,No
45,306,83,26,77,4286,2,78,2,5,Yes
26,991,82,6,77,2659,1,89,1,3,No
37,482,82,3,77,9434,1,78,1,10,No
29,1176,83,3,77,5561,1,78,1,6,No
35,1017,82,6,83,6646,1,78,0,17,No
33,1296,82,6,68,7725,3,78,1,15,No
54,397,72,19,77,10725,2,78,1,16,No
36,913,82,9,68,8847,2,89,1,13,No
27,1115,82,3,83,2045,0,78,0,5,No
20,1362,82,10,83,1009,1,89,0,1,Yes
33,1076,82,3,83,3348,1,89,0,10,Yes
35,727,82,3,77,1281,1,78,2,1,No
23,885,82,4,77,2819,2,78,1,5,No
25,810,83,8,77,4851,0,78,1,4,No
38,243,83,7,83,4028,0,78,0,8,No
29,806,82,1,68,2720,1,78,1,10,No
48,817,83,2,77,8120,3,78,0,12,No
27,1410,83,3,68,4647,1,89,2,6,No
37,1225,82,10,83,4680,3,78,0,4,No
50,1207,82,28,77,3221,1,89,3,20,No
34,1442,82,9,83,8621,1,78,0,9,No
24,693,83,3,83,4577,9,78,0,4,Yes
39,408,82,2,83,4553,1,78,0,20,No
32,929,83,10,83,5396,1,78,0,10,No
50,562,83,8,77,6796,3,89,1,18,Yes
38,827,82,1,83,7625,0,78,0,10,No
27,608,82,1,77,7412,1,78,0,9,No
32,1018,82,3,83,11159,3,78,0,10,No
47,703,83,14,83,4960,2,78,0,20,No
40,580,83,5,77,10475,5,89,1,20,No
53,970,82,7,77,14814,3,78,0,32,No
41,427,72,10,68,19141,3,78,3,23,No
60,1179,83,16,83,5405,8,78,0,10,No
27,294,82,10,68,8793,1,78,2,9,No
41,314,72,1,77,19189,1,78,1,22,No
50,316,83,8,77,3875,7,78,1,4,No
28,654,82,1,83,2216,7,89,0,10,Yes
36,427,82,8,77,11713,9,78,1,10,No
38,168,82,1,83,7861,4,89,0,10,No
44,381,82,24,83,3708,2,78,0,9,No
47,217,83,3,68,13770,9,89,2,28,No
30,501,83,27,68,5304,7,78,1,10,No
29,1396,83,10,83,2642,1,78,0,1,No
42,933,82,19,68,2759,6,89,0,7,Yes
43,775,83,15,77,6804,3,78,1,7,No
34,970,82,8,83,6142,3,78,0,10,No
23,650,82,9,77,2500,1,78,1,5,No
39,141,72,3,77,6389,9,78,1,12,No
56,832,82,9,77,11103,7,78,0,30,No
40,804,82,2,83,2342,0,89,0,5,No
27,975,82,7,83,6811,8,78,0,9,No
29,1090,83,10,68,2297,1,78,2,2,No
53,346,82,6,83,2450,2,78,0,19,No
35,1225,82,2,68,5093,2,78,1,16,No
32,430,82,24,77,5309,1,78,2,10,No
38,268,82,2,77,3057,6,89,1,6,No
34,167,82,8,68,5121,3,78,1,7,No
52,621,83,3,77,16856,1,78,0,34,No
33,527,82,1,83,2686,1,89,0,10,Yes
25,883,83,26,83,6180,1,78,0,6,No
45,954,83,2,83,6632,0,78,0,9,No
23,310,82,10,83,3505,1,78,0,2,No
47,719,83,27,83,6397,4,89,0,8,Yes
34,304,83,2,83,6274,1,78,0,6,No
55,725,82,2,77,19859,5,89,1,24,Yes
36,1434,83,8,83,7587,1,78,0,10,No
52,715,82,19,77,4258,0,78,1,5,No
26,575,82,1,68,4364,3,78,1,5,No
29,657,82,27,77,4335,4,78,1,11,No
26,1146,83,8,83,5326,6,78,0,6,Yes
34,182,82,1,83,3280,2,78,0,10,No
54,376,82,19,68,5485,9,89,2,9,No
27,829,83,8,77,4342,0,78,1,5,No
37,571,82,10,68,2782,0,89,2,6,No
38,240,82,2,83,5980,6,89,0,17,No
34,121,82,2,83,4381,1,78,0,6,No
35,384,83,8,77,2572,1,78,1,3,No
30,921,82,1,77,3833,3,78,2,7,No
40,791,82,2,77,4244,1,78,1,8,No
34,1111,83,8,77,6500,5,78,1,6,No
42,570,82,8,68,18430,1,78,1,24,No
23,1243,82,6,77,1601,1,89,2,1,Yes
24,1092,82,9,68,2694,1,78,3,1,No
52,1325,82,11,77,3149,8,78,1,9,No
50,691,82,2,77,17639,5,78,0,30,No
29,805,82,1,77,2319,1,89,1,1,Yes
33,213,82,7,77,11691,0,78,0,14,No
33,118,83,16,83,5324,5,78,0,6,Yes
47,202,82,2,77,16752,1,89,1,26,No
36,676,82,1,77,5228,0,78,1,10,No
29,1252,82,23,77,2700,1,78,1,10,No
58,286,82,2,83,19246,7,89,0,40,Yes
35,1258,82,1,83,2506,3,78,0,7,No
42,932,82,1,77,6062,9,89,1,8,No
28,890,82,2,83,4382,6,78,0,5,Yes
36,1041,72,13,77,2143,4,78,1,8,No
32,859,82,4,77,6162,1,78,1,14,No
40,720,82,16,83,5094,6,78,0,10,No
30,946,82,2,83,6877,5,89,0,12,No
45,252,82,2,83,2274,1,78,0,1,No
42,933,82,29,77,4434,1,78,1,10,No
38,471,82,12,68,6288,2,78,1,13,No
34,702,82,16,83,2553,1,78,0,6,No
49,1184,83,11,77,7654,1,78,2,9,Yes
55,436,83,2,83,5160,4,78,0,12,Yes
43,589,82,14,77,17159,6,78,1,22,No
27,269,82,5,68,12808,1,89,1,9,No
35,950,82,7,83,10221,3,78,0,17,No
28,760,83,2,77,4779,1,89,0,8,No
34,829,72,3,77,3737,0,78,1,4,No
26,887,82,5,77,2366,1,89,1,8,Yes
27,443,82,3,77,1706,1,78,3,0,No
51,1318,83,26,77,16307,2,78,1,29,No
44,625,82,4,83,5933,9,78,0,10,No
25,180,82,2,83,3424,7,78,0,6,No
33,586,83,1,68,4037,1,78,1,9,No
35,1343,82,27,83,2559,1,78,0,6,No
36,928,83,1,77,6201,1,89,1,18,No
32,117,83,13,68,4403,2,78,1,8,No
30,1012,82,5,68,3761,9,78,1,10,No
53,661,83,7,77,10934,7,89,1,35,No
45,930,83,9,68,10761,4,89,1,18,No
32,638,82,8,77,5175,5,78,1,9,No
52,890,82,25,77,13826,3,78,0,31,No
37,342,83,16,68,6334,4,78,2,9,No
28,1169,72,8,68,4936,1,78,1,6,No
22,1230,82,1,77,4775,6,78,2,4,No
44,986,82,8,77,2818,2,89,1,10,No
42,1271,82,2,83,2515,5,89,0,8,No
36,1278,72,8,77,2342,0,78,0,6,No
25,141,83,3,77,4194,1,89,0,5,No
35,607,82,9,77,10685,1,89,1,17,No
35,130,82,25,68,2022,1,89,1,10,Yes
32,300,82,1,68,2314,0,78,1,4,No
25,583,83,4,77,4256,1,78,0,5,No
49,1418,82,1,77,3580,2,78,1,7,No
24,1269,82,4,77,3162,0,78,0,6,No
32,379,83,5,77,6524,1,78,1,10,No
38,395,83,9,77,2899,0,78,1,3,No
42,1265,82,3,77,5231,2,89,1,17,No
31,1222,82,11,77,2356,3,89,1,8,No
29,341,83,1,68,2800,6,89,3,5,Yes
53,868,83,8,77,11836,5,78,1,28,No
35,672,82,25,77,10903,3,78,0,16,No
37,1231,83,21,77,2973,5,78,1,10,No
53,102,82,23,83,14275,6,78,0,33,No
43,422,82,1,77,5562,4,78,1,12,No
47,249,83,2,77,4537,0,89,1,8,No
37,1252,83,19,83,7642,1,89,0,10,No
50,881,82,2,68,17924,1,78,1,31,No
39,1383,72,2,77,5204,8,78,2,13,No
33,1075,72,3,68,2277,3,89,1,7,No
32,374,82,25,83,2795,1,89,0,1,Yes
29,1086,82,7,68,2532,6,78,3,8,No
44,661,82,9,77,2559,1,89,0,8,No
28,821,83,5,83,4908,1,78,0,4,No
58,781,82,2,68,2380,9,89,1,3,Yes
43,177,82,8,68,4765,4,78,1,4,No
20,500,83,2,83,2044,1,78,0,2,Yes
21,1427,82,18,83,2693,1,78,0,1,Yes
36,1425,82,14,77,6586,0,89,1,17,No
47,1454,83,2,83,3294,1,89,0,3,No
22,617,82,3,77,4171,0,89,1,4,Yes
41,1085,82,2,68,2778,4,89,1,10,Yes
28,995,82,9,68,2377,5,78,1,6,No
39,1122,82,6,77,2404,7,89,0,8,Yes
27,618,82,4,83,2318,1,78,0,1,No
34,546,82,10,68,2008,1,78,2,1,No
42,462,83,14,83,6244,7,78,0,10,No
33,1198,82,1,83,2799,3,89,0,6,No
58,1272,82,5,68,10552,2,89,1,24,No
31,154,83,7,77,2329,3,78,0,13,No
35,1137,82,21,77,4014,1,89,1,10,No
49,527,82,8,77,7403,4,78,1,29,No
48,1469,82,20,77,2259,4,78,2,13,No
31,1188,83,20,77,6932,1,78,1,9,No
36,188,82,7,83,4678,2,78,0,8,No
38,1333,82,1,77,13582,1,78,1,15,No
32,1184,82,1,77,2332,6,78,0,5,No
25,867,83,19,77,2413,1,89,3,1,Yes
40,658,83,10,68,9705,2,78,1,11,No
26,1283,83,1,83,4294,1,78,0,7,No
41,263,82,6,83,4721,2,89,0,20,No
36,938,82,2,83,2519,4,78,0,16,No
19,419,83,21,83,2121,1,89,0,1,Yes
20,129,82,4,83,2973,1,78,0,1,Yes
31,616,82,12,77,5855,0,89,2,10,No
40,1469,82,9,68,3617,8,89,1,3,No
32,498,82,3,77,6725,1,78,1,8,No
36,530,83,3,77,10325,1,89,1,16,Yes
33,1069,82,1,83,6949,0,78,0,6,No
37,625,83,1,77,10609,5,78,0,17,Yes
45,805,82,4,77,4447,1,78,0,9,No
29,1404,83,20,77,2157,1,78,1,3,No
35,1219,83,18,77,4601,1,78,0,5,No
52,1053,82,1,77,17099,2,78,1,26,No
58,289,82,2,83,2479,4,78,0,7,Yes
53,1376,83,2,68,14852,6,78,1,22,No
30,231,83,8,68,7264,5,78,1,10,No
38,152,83,10,83,5666,1,89,0,6,No
35,882,83,3,68,7823,6,78,1,12,No
39,903,83,2,83,7880,0,78,0,9,No
40,1479,83,24,83,13194,4,89,0,22,Yes
47,1379,82,16,68,5067,1,89,0,20,No
36,1229,83,8,68,5079,4,78,2,12,No
31,335,82,9,83,2321,0,89,0,4,Yes
33,722,83,17,83,17444,1,78,0,10,No
29,906,82,10,83,2404,6,89,0,3,Yes
33,461,82,13,83,3452,3,78,0,5,No
45,974,82,1,68,2270,3,78,2,8,No
50,1126,82,1,68,17399,9,78,1,32,No
33,827,82,1,77,5488,1,89,1,6,No
41,840,82,9,68,19419,2,78,1,21,No
27,1134,82,16,77,2811,9,78,1,4,No
45,248,82,23,77,3633,1,89,1,9,No
47,955,83,4,83,4163,1,89,0,9,No
30,138,82,22,77,2132,4,89,0,7,Yes
50,939,82,24,77,13973,3,89,1,22,No
38,1391,82,10,77,2684,0,78,1,3,No
46,566,82,7,68,10845,6,78,1,13,No
24,1206,82,17,68,4377,1,78,2,5,No
35,622,82,14,68,3743,1,89,1,5,Yes
31,853,82,1,77,4148,1,78,1,4,No
18,287,82,5,83,1051,1,78,0,0,No
54,1441,82,17,77,10739,8,78,1,22,No
35,583,82,25,68,10388,1,89,1,16,No
30,153,82,8,77,11416,0,89,3,9,No
20,1097,82,11,83,2600,1,89,0,1,Yes
30,109,82,5,83,2422,0,78,0,4,Yes
26,1066,82,2,77,5472,1,78,0,8,No
22,217,82,8,77,2451,1,78,1,4,No
48,277,82,6,83,4240,2,78,0,19,No
48,1355,82,4,83,10999,7,78,0,27,No
41,549,82,7,83,5003,6,78,0,8,No
39,466,82,1,77,12742,1,78,1,21,No
27,1055,82,2,77,4227,0,78,1,4,No
35,802,82,10,68,3917,1,78,1,3,No
42,265,83,5,77,18303,6,78,0,21,No
50,804,82,9,77,2380,4,78,0,8,No
59,715,82,2,83,13726,3,89,0,30,No
37,1141,82,11,77,4777,5,78,0,15,Yes
55,135,82,18,77,6385,3,89,2,17,No
41,247,82,7,68,19973,1,78,2,21,No
38,1035,83,3,83,6861,8,89,0,19,No
26,265,83,29,83,4969,8,78,0,7,Yes
52,266,83,2,77,19845,1,78,1,33,Yes
44,1448,83,28,77,13320,3,89,1,23,No
50,145,83,1,77,6347,0,78,1,19,No
36,885,82,16,83,2743,1,78,0,18,Yes
39,945,82,22,83,10880,1,89,0,21,No
33,1038,83,8,83,2342,0,78,0,3,No
45,1234,83,11,77,17650,3,78,1,26,No
32,1109,82,29,83,4025,9,78,0,10,No
34,216,83,1,68,9725,0,78,1,16,No
59,1089,83,1,77,11904,3,89,1,14,No
45,788,72,24,83,2177,1,78,0,6,No
53,124,83,2,77,7525,2,78,1,30,No
36,660,82,15,68,4834,7,78,1,9,Yes
26,342,82,2,77,2042,6,89,1,6,Yes
34,1333,83,10,77,2220,1,89,1,1,No
28,1144,83,10,77,1052,1,78,0,1,No
38,1186,82,3,77,2821,3,78,1,8,No
50,1464,82,2,77,19237,2,89,1,29,No
37,124,82,3,83,4107,3,78,0,8,No
40,300,83,26,77,8396,1,78,1,8,No
26,921,82,1,68,2007,1,78,2,5,No
46,430,82,1,68,19627,9,78,2,23,No
54,1082,83,2,77,10686,6,78,1,13,No
56,1240,82,9,77,2942,2,78,1,18,No
36,796,82,12,83,8858,0,78,0,15,No
55,444,82,2,83,16756,7,78,0,31,No
43,415,83,25,68,10798,5,78,1,18,No
20,769,83,9,83,2323,1,89,0,2,Yes
21,1334,82,10,83,1416,1,78,0,1,Yes
46,1003,82,8,68,4615,8,89,3,19,No
51,1323,82,4,77,2461,9,89,3,18,Yes
28,1366,82,24,83,8722,1,78,0,10,Yes
26,192,82,1,77,3955,1,78,2,6,No
30,1176,82,20,77,9957,0,78,1,7,No
41,509,82,7,77,3376,1,78,0,10,No
38,330,82,17,77,8823,0,78,1,20,No
40,1492,82,20,77,10322,4,78,1,14,No
27,1277,82,8,77,4621,1,78,3,3,No
55,1091,82,2,77,10976,3,78,1,23,No
28,857,82,10,83,3660,3,78,0,10,No
44,1376,72,1,77,10482,9,78,1,24,Yes
33,654,82,5,68,7119,4,78,1,9,No
35,1204,83,4,83,9582,0,89,0,9,Yes
33,827,82,29,83,4508,1,78,0,14,Yes
28,895,82,15,68,2207,1,78,1,4,No
34,618,82,3,83,7756,0,78,0,7,No
37,309,83,10,68,6694,2,89,3,8,No
25,1219,82,4,77,3691,1,89,1,7,Yes
26,1330,82,21,68,2377,1,78,1,1,Yes
33,1017,82,25,83,2313,4,89,0,5,Yes
42,469,82,2,77,17665,0,78,1,23,No
28,1009,82,1,68,2596,1,78,2,1,Yes
50,959,83,1,83,4728,3,89,0,5,Yes
33,970,83,7,77,4302,0,78,1,4,No
34,697,82,3,77,2979,3,78,3,6,No
48,1262,82,1,83,16885,2,78,0,27,No
45,1050,83,9,77,5593,1,78,1,15,No
52,994,82,7,83,10445,7,78,0,18,No
38,770,83,10,68,8740,0,89,2,9,No
29,1107,82,28,68,2514,4,78,1,11,No
28,950,82,3,68,7655,0,78,3,10,No
46,406,83,3,77,17465,3,78,1,23,No
38,130,83,2,83,7351,7,78,0,10,No
43,1082,82,27,77,10820,8,78,1,18,No
39,203,82,2,68,12169,7,78,3,21,Yes
40,1308,82,14,83,19626,1,78,0,21,No
21,984,82,1,83,2070,1,89,0,2,No
39,439,82,9,83,6782,9,78,0,9,No
36,217,82,18,83,7779,2,78,0,18,No
31,793,83,20,77,2791,0,78,1,3,No
28,1451,82,2,77,3201,0,78,0,6,No
35,1182,83,11,68,4968,1,78,1,5,No
49,174,83,8,77,13120,6,78,1,22,No
34,1003,82,2,83,4033,2,78,0,5,No
29,490,82,10,68,3291,0,78,2,8,No
42,188,82,29,83,4272,4,78,0,16,No
29,718,82,8,77,5056,1,89,1,10,No
38,433,72,1,77,2844,1,78,1,7,No
28,773,82,6,68,2703,1,89,1,3,No
18,247,82,8,83,1904,1,78,0,0,Yes
33,603,83,9,83,8224,0,89,0,6,Yes
41,167,82,12,77,4766,3,89,1,6,No
31,874,82,15,77,2610,1,78,1,2,Yes
37,367,82,25,68,5731,7,78,2,9,No
27,199,82,6,77,2539,1,78,1,4,No
34,1400,83,9,77,5714,1,78,0,6,No
35,528,72,8,83,4323,1,78,0,6,No
29,408,83,23,77,7336,1,78,1,11,Yes
40,593,82,9,83,13499,9,78,0,20,No
42,481,83,12,83,13758,0,89,0,22,Yes
42,647,83,4,83,5155,7,78,0,9,No
35,982,82,1,77,2258,6,78,1,10,No
24,477,82,24,83,3597,8,78,0,6,No
28,1485,82,12,77,2515,1,89,0,1,Yes
26,1384,82,3,77,4420,1,78,1,8,No
30,852,83,10,77,6578,1,78,1,10,No
40,902,82,26,77,4422,3,89,1,16,No
35,819,82,2,68,10274,2,78,1,15,No
34,669,82,1,83,5343,0,78,0,14,No
35,636,82,4,77,2376,1,78,1,2,No
43,1372,83,9,83,5346,8,78,0,7,Yes
32,862,83,2,68,2827,1,78,3,1,No
56,718,82,4,68,19943,4,78,1,28,No
29,1401,82,6,77,3131,1,78,1,10,No
19,645,82,9,83,2552,1,78,0,1,No
45,1457,82,7,77,4477,4,89,1,7,No
37,977,82,1,77,6474,1,78,1,14,No
20,805,82,3,83,3033,1,78,0,2,No
44,1097,82,10,83,2936,1,89,0,6,Yes
53,1223,82,7,68,18606,3,78,1,26,No
29,942,82,15,77,2168,0,89,1,6,No
22,1256,82,3,77,2853,0,89,1,1,Yes
46,1402,83,2,77,17048,8,78,0,28,No
44,111,82,17,83,2290,2,78,0,6,No
33,147,72,2,77,3600,1,78,1,5,No
41,906,82,5,68,2107,6,78,1,5,Yes
30,1329,83,29,68,4115,8,78,3,8,No
40,1184,83,2,77,4327,5,78,3,5,No
50,1421,82,2,77,17856,2,78,1,32,No
28,1179,82,19,77,3196,1,78,3,6,No
46,1450,82,15,77,19081,5,78,1,25,No
35,1361,83,17,77,8966,3,89,3,15,No
24,984,82,17,77,2210,1,78,1,1,Yes
33,1146,83,25,77,4539,1,78,1,10,No
36,917,82,6,68,2741,1,78,1,7,No
30,853,82,7,68,3491,1,78,3,10,No
44,200,82,29,83,4541,1,78,0,20,No
20,654,83,21,83,2678,1,78,0,2,No
46,150,82,2,68,7379,2,78,1,12,No
42,179,72,2,77,6272,7,78,1,10,No
60,696,83,7,68,5220,0,89,1,12,No
32,116,82,13,77,2743,1,78,1,2,No
32,1316,82,2,83,4998,4,89,0,10,No
36,363,82,1,68,10252,2,89,1,17,No
33,117,82,9,77,2781,0,78,1,15,No
40,107,83,10,68,6852,7,78,1,7,No
25,1356,83,10,83,4950,0,78,0,5,No
30,1465,82,1,77,3579,0,89,1,12,No
42,458,82,26,77,13191,3,89,0,20,No
35,1212,83,8,77,10377,4,89,1,16,No
27,1103,82,14,77,2235,1,89,2,9,No
54,966,82,1,68,10502,7,78,1,33,No
44,1117,82,2,77,2011,1,78,1,10,No
19,504,82,10,83,1859,1,89,0,1,Yes
29,1010,82,1,68,3760,1,78,3,3,No
54,685,82,3,77,17779,3,78,0,36,No
31,1332,82,11,77,6833,1,89,0,6,No
31,1062,82,24,83,6812,1,78,0,10,No
59,326,83,3,83,5171,5,78,0,13,No
43,920,82,3,77,19740,3,78,1,25,No
49,1098,82,4,77,18711,2,78,1,23,No
36,469,82,3,77,3692,1,78,0,12,No
48,969,82,2,83,2559,5,78,0,7,No
27,1167,82,4,68,2517,1,78,3,5,No
29,1329,82,7,68,6623,1,89,2,6,No
48,715,82,1,83,18265,6,78,0,25,No
29,694,82,1,68,16124,3,78,2,9,No
34,1320,82,20,77,2585,0,78,0,2,No
44,1099,83,5,77,18213,7,78,1,26,No
33,536,83,10,68,8380,0,89,2,10,No
19,265,82,25,83,2994,1,89,0,1,No
23,373,82,1,77,1223,1,78,1,1,No
25,599,83,24,83,1118,1,89,0,1,Yes
26,583,82,4,83,2875,1,89,0,8,No
45,1449,83,2,83,18824,2,89,0,26,Yes
55,177,82,8,68,13577,1,89,1,34,No
21,251,82,10,83,2625,1,78,0,2,Yes
46,168,83,4,77,18789,2,78,1,26,No
34,131,83,2,83,4538,0,89,0,4,No
51,237,83,9,68,19847,4,89,1,31,No
59,1429,82,18,83,10512,6,78,0,25,No
34,135,82,19,68,4444,4,78,2,15,No
28,791,82,1,83,2154,0,89,0,5,No
44,1199,82,4,68,19190,1,78,2,26,No
34,648,72,11,77,4490,4,78,2,14,No
35,735,82,6,77,3506,0,89,0,4,No
42,603,82,7,77,2372,6,89,0,18,No
43,531,83,4,83,10231,3,78,0,23,No
36,429,82,2,83,5410,9,89,0,18,No
44,621,82,15,77,7978,1,78,1,10,Yes
28,193,82,2,77,3867,1,89,1,2,No
51,968,82,6,83,2838,0,78,0,8,No
30,879,82,9,83,4695,7,89,0,10,No
29,806,82,7,68,3339,3,89,2,10,Yes
28,640,82,1,83,2080,2,78,0,5,No
25,266,82,1,83,2096,1,78,0,2,No
32,604,83,8,77,6209,1,78,2,10,No
45,364,82,25,83,18061,3,78,0,22,No
39,412,82,13,68,17123,6,89,2,21,No
58,848,82,23,68,2372,1,78,2,2,No
32,1089,82,7,77,4883,1,78,1,10,Yes
39,360,82,23,83,3904,0,78,0,6,Yes
30,1138,82,6,77,4627,0,78,1,10,No
36,325,82,10,77,7094,3,78,0,10,No
46,991,72,1,83,3423,6,78,0,10,No
28,1476,82,1,77,6674,0,78,3,10,No
50,1322,82,28,77,16880,4,89,0,25,No
40,299,83,25,83,9094,2,89,0,9,Yes
52,1030,83,5,83,8446,9,89,0,10,Yes
30,634,82,17,77,11916,1,89,2,9,No
39,524,82,18,83,4534,0,78,0,9,No
31,587,83,2,68,9852,1,89,1,10,No
41,256,83,10,83,6151,1,78,0,19,No
31,1060,83,1,83,2302,1,89,0,3,Yes
44,935,82,3,77,2362,4,78,0,10,Yes
42,495,82,2,77,17861,0,89,0,21,No
55,282,82,2,77,19187,4,78,1,23,No
56,206,72,8,83,19717,6,78,0,36,No
40,458,82,16,68,3544,9,78,1,6,No
34,943,82,9,68,8500,0,78,1,10,No
40,523,82,2,83,4661,1,78,0,9,No
41,1018,83,1,68,4103,0,78,1,10,No
35,482,82,4,83,4249,1,89,0,9,No
51,770,72,5,68,14026,1,89,1,33,No
38,1009,83,2,68,6893,3,78,1,11,No
34,507,83,15,83,6125,1,78,0,10,No
25,882,82,19,77,3669,3,78,3,7,No
58,601,82,7,77,10008,7,89,0,31,Yes
40,329,82,1,77,2387,3,78,1,7,No
36,607,83,7,77,4639,2,78,1,17,No
48,855,82,4,83,7898,1,78,0,11,No
27,1291,83,11,77,2534,8,78,1,5,No
51,1405,82,11,83,13142,3,78,0,29,No
18,1124,82,1,83,1611,1,78,0,0,No
35,817,82,1,77,5363,0,78,1,10,No
27,793,83,2,83,5071,3,78,0,8,No
55,267,83,13,83,13695,6,89,0,24,Yes
56,1369,82,23,77,13402,4,89,1,33,No
34,999,82,26,68,2029,1,78,3,5,No
40,1202,82,2,68,6377,5,78,3,15,No
34,285,82,29,77,5429,4,78,2,10,No
31,703,83,2,83,2785,7,78,0,3,Yes
35,662,83,18,77,4614,0,89,1,5,Yes
38,693,82,7,68,2610,1,78,3,4,No
34,404,82,2,83,6687,1,78,0,14,No
28,736,83,26,77,4724,1,78,1,5,No
31,330,82,22,77,6179,1,89,2,10,Yes
39,1498,83,21,77,6120,3,89,2,8,No
51,541,83,2,77,10596,2,78,0,14,No
41,1200,82,22,68,5467,3,89,2,12,No
37,1439,82,4,77,2996,7,89,0,8,No
33,1111,83,5,77,9998,6,78,0,8,No
32,499,83,2,77,4078,0,89,3,4,No
39,1485,82,25,77,10920,3,78,1,13,No
25,1372,83,18,77,6232,2,78,0,6,No
52,322,82,28,77,13247,2,89,1,24,No
43,930,82,6,83,4081,1,89,0,20,No
27,205,83,10,77,5769,1,89,0,6,No
27,135,82,17,83,2394,1,89,0,8,Yes
26,683,82,2,83,3904,0,78,0,5,No
42,1147,72,10,77,16799,0,78,1,21,No
52,258,82,8,77,2950,9,78,0,12,No
37,1462,82,11,83,3629,4,78,0,8,No
35,200,82,18,83,9362,2,78,0,10,No
25,949,82,1,77,3229,4,78,1,7,No
26,652,82,7,83,3578,0,78,0,8,No
29,332,72,17,83,7988,1,78,0,10,No
49,1475,82,28,83,4284,3,78,0,20,Yes
29,337,82,14,83,7553,0,89,0,9,Yes
54,971,82,1,83,17328,6,78,0,29,No
58,1055,82,1,77,19701,3,89,1,32,No
55,1136,82,1,68,14732,2,78,2,31,No
36,1174,83,3,83,9278,3,89,0,15,No
31,667,83,1,83,1359,1,78,0,1,Yes
30,855,83,7,68,4779,7,78,2,8,No
31,182,82,8,83,16422,3,78,0,9,No
34,560,82,1,68,2996,5,78,2,10,No
31,202,82,8,83,1261,1,78,0,1,Yes
27,1377,82,11,77,2099,0,78,0,6,No
36,172,82,4,83,5810,1,78,0,10,No
36,329,83,16,77,5647,4,78,2,11,No
47,465,82,1,77,3420,7,78,1,17,No
25,383,83,9,77,4400,3,78,0,6,Yes
37,1413,82,5,83,3500,0,78,0,7,No
56,1255,82,1,77,2066,2,78,1,5,No
47,359,82,2,77,17169,3,78,2,26,No
24,1476,83,4,77,4162,1,89,2,5,No
32,601,83,7,77,9204,4,78,1,7,No
34,401,82,1,77,3294,5,78,1,7,No
41,1283,82,5,77,2127,2,89,0,7,No
40,663,82,9,68,3975,3,78,2,11,No
31,326,83,8,68,10793,1,78,1,13,No
46,377,83,9,68,10096,4,78,1,28,Yes
39,592,82,2,83,3646,2,89,0,11,Yes
31,1445,82,1,83,7446,1,78,0,10,Yes
45,1038,82,20,68,10851,2,89,1,24,No
31,1398,72,8,83,2109,9,78,0,8,No
31,523,82,2,77,3722,6,89,1,7,Yes
45,1448,82,29,77,9380,4,89,2,10,No
48,1221,83,7,68,5486,4,78,3,15,No
34,1107,72,9,77,2742,1,78,0,2,Yes
40,218,82,8,68,13757,2,78,1,16,No
28,866,83,5,83,8463,0,78,0,6,No
44,981,82,5,83,3162,3,78,0,7,No
53,447,82,2,83,16598,4,78,0,35,No
49,1495,82,5,77,6651,2,78,1,20,No
40,896,82,2,68,2345,2,78,1,8,No
44,1467,82,20,83,3420,1,78,0,6,No
33,430,83,7,77,4373,0,78,2,5,No
34,1326,83,3,83,4759,3,78,0,15,No
30,1358,83,16,77,5301,8,78,2,4,No
42,748,82,9,83,3673,1,78,0,12,No
44,383,83,1,77,4768,7,78,1,11,No
30,990,82,7,68,1274,1,78,2,1,No
57,405,82,1,77,4900,0,78,1,13,No
49,1490,82,7,68,10466,3,78,2,29,No
34,829,82,15,68,17007,7,78,2,16,No
28,1496,83,1,77,2909,3,78,1,5,Yes
29,115,83,13,83,5765,5,78,0,7,Yes
34,790,83,24,83,4599,0,89,0,16,Yes
35,660,83,7,77,2404,1,78,1,1,No
24,381,82,9,83,3172,2,89,0,4,Yes
24,830,83,13,77,2033,1,78,1,1,No
44,1193,82,2,83,10209,5,89,0,16,No
29,1246,83,19,68,8620,1,78,2,10,No
30,330,72,1,68,2064,0,78,1,6,No
55,1229,82,4,77,4035,0,89,0,4,No
33,1099,82,4,77,3838,8,78,0,8,No
47,571,83,14,77,4591,3,89,1,11,No
28,289,82,2,83,2561,7,78,0,8,Yes
28,1423,82,1,68,1563,1,78,1,1,No
28,467,83,7,83,4898,0,78,0,5,No
49,271,82,3,77,4789,4,78,1,10,No
29,410,82,2,77,3180,0,78,3,4,No
28,1083,82,29,77,6549,1,78,2,8,No
33,516,82,8,83,6388,2,89,0,14,No
32,495,82,10,83,11244,2,78,0,10,No
54,1050,82,11,68,16032,3,78,1,26,No
29,224,82,1,83,2362,6,78,0,11,Yes
44,136,82,28,77,16328,3,78,1,24,No
39,1089,82,6,83,8376,4,78,0,9,No
46,228,83,3,77,16606,8,78,1,23,No
35,1029,82,16,83,8606,1,78,0,11,No
23,507,82,20,83,2272,0,78,0,5,No
40,676,82,9,83,2018,3,78,0,15,Yes
34,971,83,1,77,7083,1,89,0,10,No
31,561,82,3,83,4084,1,78,0,7,Yes
50,333,82,22,83,14411,1,89,0,32,No
34,1440,83,7,77,2308,0,89,1,12,No
42,1210,82,2,77,4841,4,78,1,4,No
37,674,82,13,77,4285,1,78,0,10,No
29,441,82,8,77,9715,3,78,1,9,No
33,575,82,25,83,4320,1,78,0,5,No
45,950,82,28,77,2132,4,78,1,8,No
42,288,82,2,77,10124,2,89,1,24,No
40,1342,83,9,77,5473,0,78,0,9,No
33,589,82,28,77,5207,1,89,1,15,No
40,898,72,6,83,16437,1,89,0,21,No
24,350,82,21,68,2296,0,78,3,2,No
40,1142,82,8,68,4069,3,89,0,8,No
45,538,82,1,68,7441,1,78,3,10,No
35,1402,83,28,77,2430,0,78,2,6,No
32,824,82,5,77,5878,3,78,1,12,No
36,1157,83,2,83,2644,3,89,0,7,No
48,492,83,16,68,6439,8,78,1,18,No
29,598,82,9,77,2451,6,78,2,5,No
33,1242,83,8,77,6392,2,78,1,8,No
30,740,83,1,77,9714,1,78,1,10,Yes
38,888,72,10,77,6077,3,78,0,10,No
35,992,82,1,83,2450,1,78,0,3,No
30,1288,83,29,77,9250,3,78,1,9,No
35,104,82,2,68,2074,1,89,1,1,Yes
53,607,82,2,77,10169,0,78,1,34,Yes
38,903,82,2,77,4855,4,78,2,7,Yes
32,1200,82,1,77,4087,4,78,1,9,No
48,1108,82,15,77,2367,8,78,1,10,No
34,479,82,7,83,2972,1,78,0,1,No
55,685,83,26,77,19586,1,78,1,36,No
34,1351,82,1,77,5484,9,78,1,9,No
26,474,82,3,77,2061,1,78,0,1,No
38,1245,83,14,77,9924,0,78,1,10,No
38,437,83,16,83,4198,2,78,0,8,No
36,884,83,1,83,6815,6,78,0,15,No
29,1370,82,3,83,4723,1,89,0,10,No
35,670,82,10,83,6142,3,89,0,10,No
39,1462,83,6,77,8237,2,78,1,11,No
29,995,82,2,68,8853,1,78,1,6,No
50,264,83,9,77,19331,4,89,1,27,No
23,977,82,10,77,2073,2,78,1,4,No
36,1302,82,6,77,5562,3,89,1,9,No
42,1059,82,9,83,19613,8,78,0,24,No
35,750,82,28,77,3407,1,78,2,10,No
34,653,82,10,77,5063,1,78,1,8,No
40,118,83,14,77,4639,1,78,1,5,No
43,990,82,27,68,4876,5,78,1,8,No
35,1349,82,7,77,2690,1,78,1,1,No
46,563,83,1,83,17567,1,78,0,27,No
28,329,82,24,77,2408,1,89,3,1,Yes
22,457,82,26,77,2814,1,89,0,4,No
50,1234,82,20,77,11245,2,89,1,32,No
32,634,82,5,77,3312,3,78,2,6,No
44,1313,82,7,68,19049,0,89,1,23,No
30,241,82,7,77,2141,1,78,1,6,No
45,1015,82,5,83,5769,1,89,0,10,No
45,336,83,26,77,4385,1,78,1,10,No
31,715,83,2,83,5332,7,78,0,10,No
36,559,82,12,77,4663,9,89,2,7,No
34,426,82,10,68,4724,1,78,1,9,No
49,722,82,25,77,3211,1,78,1,10,No
39,1387,82,10,77,5377,2,78,3,10,No
27,1302,82,19,68,4066,1,78,2,7,No
35,819,82,18,77,5208,1,78,0,16,No
28,580,82,27,68,4877,0,78,1,6,No
21,546,82,5,83,3117,1,78,0,3,No
18,544,83,3,83,1569,1,89,0,0,Yes
47,1176,72,26,77,19658,3,78,1,27,No
39,170,82,3,68,3069,0,78,1,11,No
40,884,82,15,77,10435,1,78,2,18,No
35,208,82,8,77,4148,1,78,1,15,No
37,671,82,19,77,5768,3,78,3,9,No
39,711,82,4,83,5042,0,78,0,10,No
45,1329,82,2,68,5770,1,78,2,10,No
38,397,82,2,77,7756,3,89,1,10,No
35,737,83,10,77,10306,9,78,0,15,Yes
37,1470,82,10,77,3936,1,78,1,8,No
40,448,82,16,83,7945,6,89,0,18,No
44,602,72,1,77,5743,4,89,0,14,No
48,365,82,4,77,15202,2,78,1,23,No
35,763,83,15,68,5440,6,89,2,7,Yes
24,567,82,2,83,3760,1,89,0,6,No
27,486,82,8,77,3517,7,78,0,5,No
27,591,82,2,83,2580,2,78,0,6,No
40,1329,82,7,83,2166,3,89,0,10,Yes
29,469,83,10,83,5869,9,78,0,8,No
36,711,82,5,77,8008,4,78,2,9,No
25,772,82,2,68,5206,1,78,2,7,No
39,492,82,12,77,5295,4,78,0,7,No
49,301,82,22,77,16413,3,78,2,27,No
50,813,82,17,68,13269,5,78,3,19,No
20,1141,83,2,83,2783,1,78,0,2,No
34,1130,82,3,68,5433,1,78,1,11,No
36,311,82,7,83,2013,2,78,0,15,No
49,465,82,6,77,13966,2,89,1,30,No
36,894,82,1,77,4374,0,78,0,4,No
36,1040,82,3,68,6842,6,78,1,13,No
54,584,82,22,77,17426,3,78,1,36,No
43,1291,82,15,77,17603,1,78,1,14,No
35,880,83,12,83,4581,3,89,0,13,Yes
38,1189,82,1,77,4735,7,78,2,19,No
29,991,83,5,68,4187,1,89,1,10,No
33,392,83,2,68,5505,1,78,2,6,No
32,977,82,2,68,5470,0,78,2,10,No
31,1112,83,5,77,5476,1,78,2,10,No
49,464,82,16,68,2587,4,89,1,17,No
38,148,82,2,83,2440,1,78,0,4,No
47,1225,83,2,68,15972,6,78,3,29,No
49,809,82,1,83,15379,4,78,0,23,No
41,1206,83,23,83,7082,3,89,0,21,No
20,727,83,9,83,2728,1,78,0,2,No
33,530,83,16,68,5368,1,89,1,7,No
36,1351,82,26,77,5347,6,78,2,10,No
44,528,72,1,68,3195,4,89,3,8,No
23,1320,82,8,83,3989,1,89,0,5,Yes
38,1495,82,4,77,3306,7,78,1,7,No
53,1395,82,24,77,7005,3,78,0,11,No
48,708,83,7,77,2655,2,89,2,19,Yes
32,1259,82,2,83,1393,1,78,0,1,Yes
26,786,82,7,83,2570,1,78,0,7,No
55,1441,82,22,68,3537,5,78,1,8,No
34,1157,82,5,77,3986,1,78,1,15,No
60,370,82,1,68,10883,3,78,1,19,No
33,267,82,21,77,2028,1,78,3,14,No
37,1278,83,1,68,9525,1,78,2,6,No
34,678,82,19,77,2929,1,78,0,10,No
23,427,83,7,68,2275,1,89,1,3,Yes
44,921,82,2,77,7879,1,89,1,9,No
35,146,82,2,83,4930,0,89,0,6,No
43,1179,83,2,77,7847,1,89,1,10,No
24,581,82,9,77,4401,1,78,1,5,No
41,918,83,6,83,9241,1,78,0,10,No
29,1082,82,9,77,2974,9,78,1,9,No
36,530,83,2,83,4502,3,78,0,17,No
45,1238,82,1,77,10748,3,78,1,25,No
24,240,72,22,77,1555,1,78,1,1,Yes
47,1093,83,9,77,12936,7,78,0,25,Yes
26,390,82,17,77,2305,1,78,3,3,No
45,1005,82,28,83,16704,1,78,0,21,No
32,585,82,10,77,3433,6,78,1,10,No
31,741,82,2,77,3477,1,78,1,6,No
41,552,72,4,77,6430,6,78,1,10,No
40,369,82,8,77,6516,2,89,1,18,No
24,506,82,29,68,3907,1,78,3,6,No
46,717,82,13,83,5562,6,78,0,19,No
35,1370,82,27,77,6883,2,78,1,17,No
30,793,82,16,77,2862,1,78,1,10,No
47,543,83,2,77,4978,7,78,1,4,No
46,1277,83,2,68,10368,4,89,1,13,No
36,1456,83,13,68,6134,5,89,3,16,Yes
32,964,83,1,83,6735,6,78,0,10,Yes
23,160,82,4,83,3295,1,78,0,3,No
31,163,82,24,83,5238,2,78,0,9,No
39,792,82,1,77,6472,1,89,1,9,No
32,371,83,19,77,9610,3,78,1,10,No
40,611,83,7,83,19833,1,78,0,21,No
45,176,72,4,77,9756,4,78,2,9,No
30,1312,82,2,83,4968,0,78,0,10,No
24,897,72,10,77,2145,0,78,1,3,No
30,600,72,8,68,2180,6,78,1,6,Yes
31,1003,83,5,77,8346,1,78,1,6,No
27,1054,82,8,83,3445,1,78,0,6,No
29,428,83,9,83,2760,1,78,0,2,Yes
29,461,82,1,83,6294,8,89,0,10,No
30,979,83,15,68,7140,2,78,1,12,No
34,181,82,2,77,2932,0,89,3,6,No
33,1283,83,2,83,5147,8,78,0,13,No
49,1313,83,11,83,4507,3,78,0,8,No
33,211,83,16,83,8564,2,89,0,11,Yes
38,594,82,2,77,2468,4,78,1,9,No
31,1079,83,16,77,8161,2,78,3,10,Yes
29,590,82,4,68,2109,1,78,1,1,No
30,305,82,16,77,5294,3,78,1,10,No
32,953,82,5,83,2718,2,78,0,12,No
38,833,82,18,77,5811,3,89,1,15,No
43,807,82,17,77,2437,9,89,1,6,Yes
42,855,82,12,68,2766,8,78,3,7,No
55,478,82,2,77,19038,8,78,3,34,No
33,775,82,4,68,3055,5,78,2,11,No
41,548,82,9,68,2289,1,78,2,5,No
34,1375,83,10,68,4001,1,89,1,15,No
53,661,82,1,77,12965,4,89,3,27,No
43,244,72,2,83,3539,0,78,0,10,No
34,511,83,3,83,6029,5,78,0,6,No
21,337,83,7,83,2679,1,78,0,1,Yes
38,1153,82,6,77,3702,1,78,1,5,No
22,1294,82,8,77,2398,1,89,0,1,Yes
31,196,83,29,77,5468,1,78,2,13,No
51,942,82,3,77,13116,2,78,0,15,No
37,589,83,9,77,4189,1,78,2,5,No
46,734,82,2,68,19328,7,89,1,24,No
36,1383,82,10,77,8321,7,89,1,15,No
44,429,82,1,68,2342,1,89,3,6,Yes
37,1239,72,8,68,4071,2,78,0,19,No
35,303,83,27,83,5813,1,89,0,10,Yes
33,867,82,8,77,3143,6,78,1,14,No
28,1181,82,1,77,2044,1,78,1,5,No
39,1253,82,10,83,13464,7,78,0,9,No
46,849,83,26,83,7991,8,78,0,6,No
40,616,82,2,77,3377,4,78,1,7,No
42,1128,82,13,77,5538,5,78,2,10,No
35,1180,82,2,68,5762,2,78,1,15,No
38,1336,72,2,68,2592,5,78,3,13,No
34,234,82,9,77,5346,4,78,1,11,Yes
37,370,82,10,83,4213,1,78,0,10,Yes
39,766,83,20,68,4127,2,78,1,7,No
43,343,82,9,83,2438,4,78,0,7,No
41,447,82,5,83,6870,3,78,0,11,No
41,796,83,4,68,10447,0,89,1,23,No
30,1092,82,10,83,9667,9,78,0,9,No
26,920,72,20,77,2148,0,89,0,6,Yes
46,261,82,21,77,8926,4,78,1,13,Yes
40,1194,82,1,68,6513,4,78,1,12,No
34,810,83,8,77,6799,1,78,2,10,No
58,350,83,2,68,16291,4,78,1,37,No
35,185,82,23,77,2705,0,78,1,6,No
47,1001,82,4,68,10333,8,89,1,28,No
40,750,82,12,68,4448,2,78,1,15,No
54,431,82,7,77,6854,4,78,1,14,No
31,1125,83,7,77,9637,2,78,2,9,No
28,1217,82,1,77,3591,1,78,1,3,No
38,723,83,2,77,5405,2,89,2,20,No
26,572,83,10,83,4684,1,78,0,5,No
58,1216,82,15,77,15787,2,89,0,23,No
18,1431,82,14,83,1514,1,78,0,0,No
31,359,72,18,77,2956,0,78,0,2,Yes
29,350,72,13,68,2335,4,89,3,4,Yes
45,589,83,2,77,5154,4,78,2,10,No
36,430,82,2,77,6962,4,89,1,15,No
43,1422,83,2,77,5675,1,78,1,7,No
27,1297,82,5,83,2379,0,89,0,6,No
29,574,82,20,77,3812,1,78,0,11,No
32,1318,83,10,83,4648,8,78,0,4,No
42,355,82,10,77,2936,3,78,2,10,No
47,207,82,9,83,2105,4,78,0,7,No
46,706,82,2,68,8578,3,78,1,12,No
28,280,72,1,68,2706,1,78,1,3,No
29,726,82,29,68,6384,8,78,2,11,No
42,1142,82,8,83,3968,4,78,0,8,No
32,414,83,2,83,9907,7,89,0,7,Yes
46,1319,83,3,68,13225,2,78,1,25,No
27,728,83,23,77,3540,1,78,1,9,No
29,352,72,6,77,2804,1,78,0,1,No
43,823,82,6,77,19392,7,78,0,21,No
48,1224,82,10,77,19665,4,78,0,29,No
29,459,82,24,83,2439,1,89,0,1,Yes
46,1254,83,10,77,7314,5,78,3,14,Yes
27,1131,82,15,77,4774,0,78,1,8,No
39,835,82,19,68,3902,8,78,3,7,No
55,836,82,2,77,2662,8,78,1,19,No
28,1172,83,3,77,2856,1,78,1,1,No
30,945,83,9,83,1081,1,78,0,1,Yes
22,391,82,7,83,2472,1,89,0,1,Yes
36,1266,83,10,77,5673,1,89,1,10,No
31,311,82,20,68,4197,1,78,1,10,No
34,1480,83,4,77,9713,2,89,3,9,No
29,592,82,7,83,2062,3,78,0,11,No
37,783,82,7,77,4284,5,89,1,16,No
35,219,82,16,77,4788,0,89,0,4,No
45,556,82,25,77,5906,0,78,2,10,No
36,1213,72,2,83,3886,1,78,0,10,No
40,1137,82,1,68,16823,2,78,1,22,No
26,482,82,1,77,2933,1,89,1,1,No
27,511,83,2,83,6500,0,78,0,9,No
48,117,82,22,68,17174,3,78,1,24,No
44,170,82,1,77,5033,2,78,1,10,No
34,967,82,16,77,2307,1,89,1,5,Yes
56,1162,82,24,83,2587,1,78,0,5,Yes
36,335,83,17,77,5507,2,78,2,12,No
41,337,83,8,77,4393,5,78,1,14,No
42,1396,82,6,77,13348,9,78,1,18,No
31,1079,83,10,68,6583,2,89,1,8,No
34,735,83,3,77,8103,3,89,0,9,No
31,471,82,4,68,3978,8,78,1,4,No
26,1096,82,6,77,2544,0,78,1,8,No
45,1297,82,1,83,5399,4,78,0,12,No
33,217,83,10,83,5487,1,78,0,10,No
28,783,83,1,77,6834,1,89,1,7,No
29,746,83,24,83,1091,1,78,0,1,Yes
39,1251,83,21,77,5736,6,78,1,10,No
27,1354,82,2,77,2226,1,78,1,6,No
34,735,82,22,77,5747,1,89,0,16,No
28,1475,83,13,83,9854,3,89,0,6,Yes
47,1169,82,14,77,5467,8,78,1,16,No
56,1443,83,11,77,5380,4,78,1,6,No
39,867,82,9,77,5151,1,78,1,10,No
38,1394,82,8,68,2133,1,89,1,20,No
58,605,83,21,77,17875,4,89,1,29,No
32,238,82,5,83,2432,3,89,0,8,Yes
38,1206,82,9,68,4771,2,78,2,10,No
49,1064,82,2,77,19161,3,78,0,28,No
42,419,83,12,68,5087,3,89,2,14,No
27,1337,72,22,77,2863,1,78,0,1,Yes
35,682,83,18,77,5561,0,78,1,6,No
28,1103,82,16,83,2144,1,78,0,5,No
31,976,82,3,68,3065,1,89,1,4,No
36,1351,82,9,77,2810,1,78,0,5,No
34,937,83,1,83,9888,1,78,0,14,No
34,1239,83,13,68,8628,1,78,1,9,No
26,157,82,1,83,2867,0,78,0,8,No
29,136,82,1,77,5373,0,78,1,6,No
32,1146,82,15,68,6667,5,78,1,9,No
31,1125,82,1,77,5003,1,78,0,10,No
28,1404,82,17,68,2367,5,78,1,6,Yes
38,1404,83,1,83,2858,4,78,0,20,No
35,1224,83,7,77,5204,1,89,0,10,No
27,954,83,9,83,4105,1,78,0,7,No
32,1373,82,5,83,9679,8,78,0,8,No
31,754,83,26,77,5617,1,89,0,10,Yes
53,1168,83,24,83,10448,6,89,0,15,Yes
54,155,82,9,77,2897,3,78,2,9,No
33,1303,82,7,68,5968,1,78,3,9,No
43,574,82,11,77,7510,1,78,1,10,No
38,1444,72,1,77,2991,0,89,1,7,No
55,189,72,26,77,19636,4,89,1,35,No
31,1276,82,2,68,1129,1,89,3,1,No
39,119,83,15,83,13341,0,78,0,21,No
42,335,82,23,83,4332,1,78,0,20,No
31,697,82,10,77,11031,4,78,1,13,No
54,157,82,10,83,4440,6,89,0,9,No
24,771,82,1,83,4617,1,78,0,4,No
23,571,82,12,83,2647,1,78,0,5,No
40,692,82,11,77,6323,1,78,1,10,No
40,444,83,2,77,5677,3,78,1,15,No
25,309,72,2,77,2187,4,78,0,6,No
30,911,82,1,77,3748,1,78,0,12,No
25,977,82,2,68,3977,6,89,1,7,No
47,1180,82,25,83,8633,2,78,0,25,No
33,1313,82,1,68,2008,1,78,3,1,No
38,1321,83,1,77,4440,0,78,2,16,No
31,1154,83,2,77,3067,0,78,1,3,No
38,508,82,6,77,5321,2,78,1,10,No
42,557,82,18,68,5410,6,89,1,9,No
41,642,82,1,77,2782,3,78,1,12,No
47,1162,82,1,77,11957,0,78,2,14,No
35,1490,82,11,77,2660,7,89,1,5,No
22,581,82,1,83,3375,0,78,0,4,No
35,1395,82,9,83,5098,1,78,0,10,No
33,501,82,15,77,4878,0,89,1,10,No
32,267,82,29,83,2837,1,78,0,6,No
40,543,82,1,77,2406,8,78,2,8,No
32,234,83,1,77,2269,0,78,1,3,No
39,116,82,24,83,4108,7,78,0,18,No
38,201,82,10,77,13206,3,78,1,20,No
32,801,83,1,77,10422,1,78,2,14,No
37,161,82,10,77,13744,1,89,1,16,No
25,1382,83,8,68,4907,0,89,1,6,No
52,585,83,29,68,3482,2,78,2,16,No
44,1037,82,1,83,2436,6,89,0,6,No
21,501,83,5,83,2380,1,89,0,2,No
39,105,82,9,83,19431,2,78,0,21,No
23,638,83,9,77,1790,1,78,1,1,Yes
36,557,83,3,77,7644,0,78,2,10,No
36,688,82,4,68,5131,7,78,3,18,No
56,667,82,1,68,6306,1,78,1,13,No
29,1092,82,1,77,4787,9,89,3,4,Yes
42,300,82,2,77,18880,5,78,0,24,No
56,310,82,7,77,2339,8,78,1,14,Yes
41,582,82,28,77,13570,0,78,1,21,No
34,704,83,28,77,6712,1,78,2,8,No
36,301,83,15,68,5406,1,78,1,15,No
41,930,83,3,68,8938,2,78,1,14,No
32,529,82,2,83,2439,1,78,0,4,No
35,1146,72,26,83,8837,1,89,0,9,No
38,345,83,10,77,5343,1,78,1,10,No
50,878,83,1,68,6728,7,78,2,12,Yes
36,1120,83,11,77,6652,4,78,1,8,No
45,374,83,20,83,4850,8,78,0,8,No
40,1322,82,2,83,2809,2,78,0,8,No
35,1199,82,18,77,5689,1,89,2,10,No
40,1194,82,2,77,2001,2,78,3,20,No
35,287,82,1,77,2977,1,78,1,4,No
29,1378,82,13,77,4025,4,89,1,10,No
29,468,82,28,83,3785,1,78,0,5,No
50,410,83,28,68,10854,4,89,1,20,Yes
39,722,83,24,77,12031,0,78,1,21,No
31,325,82,5,83,9936,0,78,0,10,No
26,1167,83,5,83,2966,0,78,0,5,No
36,884,82,23,77,2571,4,78,1,17,No
39,613,82,6,77,9991,4,78,1,9,No
27,155,82,4,77,6142,1,89,1,6,No
49,1023,83,2,77,5390,2,78,0,17,No
34,628,82,8,77,4404,2,78,0,6,No
