Income,Kidhome,Teenhome,MntWines,MntFruits,MntMeatProducts,MntFishProducts,MntSweetProducts,NumCatalogPurchases,NumStorePurchases,MntTotal
58138,0,0,635,88,546,172,88,10,4,1529
46344,1,1,11,1,6,2,1,1,2,21
71613,0,0,426,49,127,111,21,2,10,734
26646,1,0,11,4,20,10,3,0,4,48
58293,1,0,173,43,118,46,27,3,6,407
62513,0,1,520,42,98,0,42,4,10,702
55635,0,1,235,65,164,50,49,3,7,563
33454,1,0,76,10,56,3,1,0,4,146
30351,1,0,14,0,24,3,3,0,2,44
5648,1,1,28,0,6,1,1,0,0,36
7500,0,0,6,16,11,11,1,0,3,45
63033,0,0,194,61,480,225,112,4,8,1072
59354,1,1,233,2,53,3,5,1,5,296
17323,0,0,3,14,17,6,1,0,3,41
82800,0,0,1006,22,115,59,68,6,12,1270
41850,1,1,53,5,19,2,13,0,3,92
37760,0,0,84,5,38,150,12,1,6,289
76995,0,1,1012,80,498,0,16,4,9,1606
33812,1,0,4,17,19,30,24,1,3,94
37040,0,0,86,2,73,69,38,2,5,268
2447,1,0,1,1,1725,1,1,28,0,1729
58607,0,1,867,0,86,0,0,3,9,953
65324,0,1,384,0,102,21,32,2,9,539
40689,0,1,270,3,27,39,6,1,5,345
18589,0,0,6,4,25,15,12,1,3,62
53359,1,1,173,4,30,3,6,1,4,216
38360,1,0,36,2,42,20,21,1,4,121
84618,0,0,684,100,801,21,66,9,10,1672
10979,0,0,8,4,10,2,2,0,3,26
38620,0,0,112,17,44,34,22,5,3,229
40548,0,1,110,0,5,2,0,1,4,117
46610,0,2,96,12,96,33,22,1,6,259
68657,0,0,482,34,471,119,68,5,9,1174
49389,1,1,40,0,19,2,1,0,3,62
67353,0,1,702,17,151,0,8,6,12,878
23718,1,0,6,3,14,15,7,1,2,45
42429,0,1,55,0,6,2,0,1,3,63
48948,0,0,437,8,206,160,49,10,5,860
80011,0,1,421,76,536,82,178,6,5,1293
20559,1,0,13,1,29,3,0,0,3,46
21994,0,1,9,0,6,3,1,0,3,19
7500,1,0,3,1,10,3,2,0,3,19
79941,0,0,123,164,266,227,30,4,9,810
7500,0,0,3,18,14,15,22,1,3,72
41728,1,0,13,6,15,3,5,0,2,42
72550,1,1,826,50,317,50,38,2,12,1281
65486,0,1,245,19,125,37,67,2,10,493
79143,0,0,650,37,780,27,167,9,13,1661
35790,1,0,12,6,20,30,1,0,3,69
82582,0,0,510,120,550,156,40,9,7,1376
66373,1,1,328,9,124,12,24,2,10,497
82384,0,0,984,51,432,180,120,10,13,1767
70287,0,0,295,35,482,121,120,5,10,1053
27938,1,0,13,0,8,2,1,0,4,24
55954,0,1,447,0,28,0,0,2,6,475
75777,0,0,712,26,538,69,13,6,11,1358
66653,1,1,452,18,102,16,18,2,12,606
61823,0,1,523,7,134,37,14,2,10,715
67680,0,1,546,0,48,0,6,3,8,600
70666,0,0,398,40,367,119,122,4,4,1046
25721,1,0,1,3,6,3,6,1,2,19
32474,1,1,10,0,1,0,0,0,2,11
88194,0,1,688,14,309,201,24,10,10,1236
69096,0,1,247,49,159,7,82,2,10,544
74854,1,2,856,59,487,58,29,5,5,1489
66991,0,0,496,36,460,189,60,8,6,1241
65031,0,1,258,107,291,84,37,3,13,777
60631,1,1,565,6,65,0,6,2,8,642
28332,0,0,14,10,13,4,15,1,4,56
40246,1,0,2,1,6,2,1,0,2,12
75251,0,0,721,111,925,97,18,6,5,1872
75825,0,0,1032,105,779,137,105,8,9,2158
26326,0,0,1,0,5,0,3,0,3,9
56046,0,0,577,0,64,0,0,1,8,641
29760,1,0,64,4,68,7,5,1,4,148
26304,1,0,4,1,5,2,0,0,2,12
23559,1,0,25,5,19,7,0,0,3,56
38620,0,0,112,17,44,34,22,5,3,229
81361,0,0,163,23,424,27,65,10,13,702
29440,1,1,17,8,14,10,4,0,4,53
36138,1,1,130,0,16,0,0,1,4,146
50388,0,1,292,6,37,0,3,1,6,338
79593,0,0,350,60,568,110,133,6,7,1221
54178,0,1,135,9,39,4,0,2,5,187
42394,1,0,15,2,10,0,1,0,3,28
23626,1,0,27,2,14,0,0,1,3,43
30096,1,0,5,3,11,12,5,0,3,36
47916,0,1,505,0,26,0,0,4,6,531
51813,1,1,51,2,7,0,1,0,3,61
78497,0,0,207,26,447,75,0,7,12,755
50150,0,0,135,46,92,65,61,2,7,399
47823,0,1,53,1,5,2,1,0,3,62
34554,0,1,41,1,6,2,0,0,3,50
85693,0,1,386,172,183,185,132,5,11,1058
65846,0,0,562,81,276,80,40,3,6,1039
87195,0,0,217,76,690,50,26,11,5,1059
24594,1,0,1,3,6,10,0,0,3,20
49096,1,1,144,1,32,2,1,1,4,180
52413,0,2,295,106,271,75,98,4,12,845
38557,1,0,76,3,31,4,4,1,3,118
89058,0,0,454,194,106,31,22,4,4,807
77298,0,1,425,115,292,23,35,6,11,890
68126,0,0,1332,17,311,23,51,4,5,1734
57288,0,1,527,0,21,0,0,1,8,548
86037,0,0,490,44,125,29,20,7,11,708
43974,1,0,378,0,101,0,0,4,6,479
50785,1,1,64,1,21,0,1,1,3,87
90765,0,0,547,99,812,151,82,6,5,1691
36550,1,0,47,90,94,123,103,1,5,457
30753,1,1,12,5,25,0,9,1,3,51
21918,1,0,1,6,7,11,5,0,3,30
56129,0,1,320,48,133,39,72,2,10,612
32557,1,0,34,3,29,0,4,1,3,70
19510,2,0,9,0,7,3,4,0,3,23
30992,1,0,17,0,14,7,3,0,3,41
101970,0,0,722,27,102,44,72,8,13,967
71488,0,0,162,33,124,40,28,4,7,387
79607,0,0,450,133,951,173,0,6,6,1707
54348,1,1,70,0,16,0,0,0,4,86
77376,1,1,492,19,110,16,12,3,10,649
62998,0,1,120,58,73,65,89,4,5,405
61331,1,1,534,5,47,0,5,1,6,591
73448,0,0,236,106,189,23,41,2,9,595
41551,1,1,220,0,33,3,0,1,5,256
62981,0,0,796,14,590,38,44,5,13,1482
9548,1,0,0,1,3,10,6,0,3,20
33762,2,1,53,1,34,2,0,2,2,90
35860,1,1,15,0,8,4,2,1,2,29
36921,1,1,17,1,12,3,1,0,3,34
92859,0,0,962,61,921,52,61,4,12,2057
65104,0,1,738,0,232,13,20,5,7,1003
86111,0,0,399,28,756,36,40,7,10,1259
68352,0,1,614,16,132,43,33,5,9,838
41883,1,0,32,34,41,73,16,2,3,196
59809,0,2,598,16,141,32,41,3,6,828
23957,1,0,2,1,18,20,11,0,3,52
38547,1,0,6,1,10,0,1,0,2,18
35688,2,1,73,3,90,12,1,1,4,179
49605,0,0,42,16,29,12,20,1,4,119
59354,0,2,295,21,78,39,13,4,7,446
65747,0,1,346,17,48,23,13,1,6,447
46344,0,1,233,20,57,8,20,1,5,338
34176,1,0,5,7,24,19,14,0,4,69
61010,0,1,888,0,57,0,0,5,11,945
69372,0,0,997,26,269,34,13,4,6,1339
49967,0,1,212,6,69,4,12,1,5,303
60199,1,2,8,1,7,2,0,0,3,18
55375,0,1,42,11,57,10,28,1,6,148
80317,0,0,536,11,387,149,91,4,10,1174
30523,2,1,5,0,3,0,0,0,2,8
70356,0,0,1349,16,249,43,16,6,9,1673
23228,1,0,53,3,49,7,4,0,4,116
74165,0,0,1001,12,240,16,12,4,10,1281
43482,2,1,18,1,32,6,3,0,4,60
62551,0,0,125,16,98,134,21,7,4,394
52332,0,0,212,5,33,7,0,2,6,257
66951,0,0,277,162,305,173,76,4,7,993
26091,1,1,15,10,19,8,17,1,3,69
33456,1,1,7,3,10,8,1,0,3,29
28718,1,0,12,4,6,11,8,0,3,41
50447,2,0,85,7,24,2,3,1,3,121
53537,1,1,81,0,6,0,0,1,3,87
52074,0,1,59,0,12,0,0,2,2,71
80427,0,1,1149,71,449,69,71,8,8,1809
83837,0,0,847,66,119,86,89,10,5,1207
38853,1,1,29,0,14,0,0,0,3,43
38285,2,1,2,0,5,2,0,0,3,9
78497,0,0,207,26,447,75,0,7,12,755
51650,0,1,152,3,22,2,5,1,4,184
16248,1,0,12,11,10,3,12,1,3,48
66835,0,0,620,26,195,34,17,4,13,892
30477,1,0,47,1,6,0,0,1,3,54
28249,0,0,1,9,7,2,14,0,3,33
25271,1,0,10,1,18,10,4,1,2,43
32303,0,1,35,0,2,0,0,0,4,37
61286,0,1,356,0,107,19,9,1,8,491
74068,0,0,783,30,537,140,76,10,9,1566
45759,1,1,42,1,18,3,0,0,3,64
24882,1,0,1,4,10,29,0,1,2,44
66973,0,0,466,22,432,147,113,7,12,1180
38872,1,0,23,3,21,3,19,0,3,69
51148,1,1,235,6,45,8,9,1,6,303
31353,1,1,10,0,10,3,1,1,2,24
69661,0,0,656,16,106,32,16,3,12,826
80067,0,0,519,17,813,27,173,6,6,1549
86718,0,0,344,189,482,50,33,6,5,1098
46854,1,1,96,1,79,7,1,1,3,184
69142,0,1,448,4,34,6,4,1,7,496
75922,0,0,265,138,553,224,23,4,9,1203
63693,0,1,587,43,337,42,87,6,9,1096
102160,0,0,763,29,138,76,176,9,10,1182
40637,1,1,22,0,13,0,0,0,3,35
18890,0,0,6,4,1,7,2,1,2,20
29604,1,0,7,6,13,7,6,0,3,39
48721,1,1,81,18,113,47,13,2,5,272
44794,0,1,54,0,7,0,0,0,3,61
64497,0,1,1170,48,320,42,32,4,9,1612
46097,0,1,72,24,68,65,4,1,6,233
77972,0,0,613,22,319,33,102,6,9,1089
44377,1,1,224,0,30,0,0,1,5,254
46014,1,1,410,0,59,19,9,1,8,497
70951,0,0,239,10,554,254,87,4,9,1144
41443,1,0,171,7,171,25,19,1,5,393
52195,2,1,12,0,4,0,0,0,2,16
83790,0,0,1076,16,417,42,48,10,6,1599
44551,0,1,182,4,33,0,0,1,5,219
69508,1,0,824,32,162,42,32,4,11,1092
45204,1,0,30,11,25,29,1,1,4,96
72460,0,0,377,10,540,80,30,5,7,1037
77622,0,2,520,7,154,19,0,3,11,700
30732,1,0,155,1,25,0,1,1,4,182
63887,0,1,897,23,207,15,11,6,12,1153
42011,1,0,131,0,16,2,1,1,4,150
51369,0,1,297,7,79,0,11,2,4,394
51537,0,1,787,20,204,0,0,2,11,1011
79930,0,0,792,86,740,67,51,5,8,1736
34320,1,0,4,1,9,3,0,0,2,17
37070,1,1,231,7,137,4,15,1,8,394
81975,0,1,983,76,184,180,138,3,4,1561
38590,1,0,3,1,8,4,3,0,2,19
15033,0,0,0,4,5,6,0,0,3,15
62745,0,1,562,21,464,28,10,8,11,1085
22212,1,0,5,9,20,6,8,0,4,48
23661,1,0,18,0,4,0,0,0,3,22
79761,0,1,415,5,124,15,35,2,11,594
7500,1,0,5,3,10,12,7,1,3,37
73455,0,0,901,61,757,186,163,5,10,2068
64961,0,1,382,114,276,75,124,4,4,971
22804,1,0,14,1,7,2,1,0,2,25
73687,0,0,559,153,503,218,13,9,9,1446
61074,0,1,789,0,133,0,28,5,8,950
31686,1,1,11,0,5,0,0,0,3,16
80134,1,0,1218,16,272,104,0,3,6,1610
75027,0,1,925,64,179,133,12,4,6,1313
67546,0,0,864,134,768,150,38,10,5,1954
65176,0,1,960,28,183,220,70,6,6,1461
31160,1,0,16,3,25,6,1,0,3,51
29938,1,0,3,3,7,0,2,0,3,15
102692,0,0,168,148,444,32,172,9,13,964
26490,0,0,45,47,52,21,20,1,5,185
75702,1,1,650,28,353,45,42,6,11,1118
30899,1,0,24,0,8,0,0,0,3,32
63342,0,1,918,21,118,13,10,3,5,1080
45989,0,1,138,33,87,28,24,2,7,310
18701,1,1,12,4,2,10,6,0,4,34
40737,2,1,11,0,4,0,0,0,2,15
15287,1,0,1,2,8,4,3,1,2,18
69674,0,2,554,41,215,11,0,2,10,821
44159,1,0,167,2,62,24,13,1,6,268
37717,1,0,9,0,6,4,1,0,2,20
43776,1,1,177,2,71,3,2,2,4,255
38179,1,1,38,4,22,4,2,1,3,70
80124,0,0,483,84,398,205,84,7,8,1254
38097,1,1,77,2,35,0,1,2,2,115
72940,0,0,182,74,298,162,149,3,6,865
22070,1,0,10,7,19,8,2,2,2,46
69267,0,0,778,44,499,95,73,4,5,1489
31788,1,0,16,7,23,0,8,0,4,54
61905,0,1,167,0,43,6,2,2,4,218
29315,1,1,13,2,14,8,7,0,4,44
33378,1,1,33,6,40,3,7,0,4,89
66313,0,1,625,7,99,10,22,3,12,763
60714,0,0,216,162,224,101,92,4,10,795
77882,0,0,68,129,396,188,22,3,5,803
69867,0,0,196,0,512,33,130,5,8,871
63841,0,1,635,15,100,20,7,3,9,777
24480,1,0,4,19,9,28,25,0,4,85
51369,0,1,297,7,79,0,11,2,4,394
37760,0,0,84,5,38,150,12,1,6,289
65640,0,1,204,7,149,20,15,1,8,395
44319,1,1,26,0,8,0,0,0,3,34
30631,1,0,15,6,20,4,5,1,2,50
75278,0,0,304,98,230,150,74,3,13,856
50898,1,1,285,28,242,55,114,2,12,724
79946,0,0,395,183,565,166,141,11,5,1450
35416,0,0,248,3,81,4,3,1,5,339
32414,0,0,20,6,5,0,9,0,3,40
38361,1,0,39,0,56,20,8,1,3,123
82497,0,0,777,129,573,216,21,7,9,1716
16626,2,0,8,3,22,21,1,0,3,55
29672,1,1,9,1,3,0,4,0,3,17
55951,0,1,1241,0,80,0,13,6,11,1334
35388,1,0,6,4,7,4,3,0,3,24
42386,1,0,65,4,16,0,4,0,3,89
68627,0,0,395,15,263,60,54,3,6,787
57912,0,1,801,0,80,0,0,3,12,881
35246,1,1,36,0,12,2,2,1,3,52
58821,0,1,513,14,154,19,0,2,9,700
46377,1,0,37,0,46,4,3,1,3,90
39747,1,0,80,15,93,20,13,1,4,221
23976,1,0,14,1,21,2,3,1,3,41
80950,0,0,525,147,112,219,147,7,9,1150
27038,0,0,1,26,25,17,23,0,3,92
77457,0,0,675,11,400,15,45,5,10,1146
64100,0,1,509,0,27,0,0,3,6,536
42670,0,0,154,2,46,20,4,2,4,226
12571,1,0,3,5,14,2,12,1,3,36
22574,2,1,25,0,8,2,0,0,3,35
70893,0,0,768,44,561,77,44,6,10,1494
54198,1,1,185,0,28,3,2,1,6,218
28839,1,1,24,0,7,0,0,0,3,31
40321,1,1,44,4,21,6,0,0,3,75
66503,1,0,91,64,128,65,3,3,6,351
30833,1,1,11,0,7,3,1,0,3,22
64795,0,1,412,5,119,38,29,3,12,603
34421,1,0,3,3,7,6,2,0,2,21
47025,1,1,16,0,3,0,0,0,2,19
64325,0,1,731,60,353,78,12,3,5,1234
40464,0,1,424,17,118,7,23,2,8,589
62187,0,0,792,0,275,45,45,8,5,1157
14849,1,0,21,2,28,3,2,0,4,56
27255,1,0,22,1,11,0,1,0,3,35
54432,2,1,33,0,5,0,0,0,3,38
29999,1,0,68,7,59,10,5,1,4,149
24072,1,0,9,1,6,3,0,0,2,19
33996,0,0,40,2,15,8,0,1,3,65
66334,0,1,909,11,218,0,0,3,5,1138
35178,1,0,23,1,13,2,2,1,2,41
22010,1,0,11,2,9,3,0,0,3,25
62204,0,2,317,46,247,151,46,5,12,807
75693,0,0,797,153,293,72,97,4,6,1412
30675,1,0,10,2,16,11,2,0,3,41
83003,0,0,856,61,570,40,25,6,8,1552
68655,0,0,456,19,832,75,118,5,11,1500
41411,0,0,37,32,38,11,3,1,4,121
55212,0,1,1103,0,45,0,0,2,11,1148
59292,0,1,378,14,68,19,14,5,8,493
27190,1,0,1,6,7,0,1,0,2,15
82623,0,0,204,34,204,172,153,9,4,767
44300,1,1,30,0,9,0,0,0,3,39
84835,0,0,189,104,379,111,189,4,6,972
30372,1,1,15,0,12,7,3,0,3,37
33181,1,0,9,0,3,0,0,0,2,12
71113,0,1,495,33,255,11,33,7,9,827
71952,1,0,656,80,455,52,107,4,8,1350
69759,0,0,452,20,514,13,30,6,5,1029
72099,0,0,546,91,410,119,0,4,10,1166
60000,0,1,1048,0,217,0,0,3,5,1265
38643,1,1,22,2,14,0,1,0,3,39
50737,0,1,78,0,11,0,0,0,4,89
68462,0,0,561,64,785,84,128,3,8,1622
65073,0,0,629,17,177,69,0,3,5,892
46681,0,2,269,15,69,15,19,6,4,387
78618,0,0,736,163,818,212,163,7,10,2092
62187,0,1,512,0,83,0,0,2,10,595
28442,2,0,19,3,10,11,8,1,4,51
37717,1,0,9,0,6,4,1,0,2,20
51479,1,1,247,8,160,6,8,3,6,429
54803,0,1,404,0,92,28,27,2,9,551
79530,0,0,333,0,815,129,42,10,11,1319
31615,1,0,2,3,20,6,11,0,3,42
72025,0,0,833,33,549,151,133,3,8,1699
52614,0,1,789,0,142,12,9,4,8,952
35684,1,0,10,4,7,0,6,0,3,27
48178,1,1,159,4,45,6,2,1,4,216
29548,1,0,7,1,6,3,1,1,2,18
63810,0,1,977,12,253,16,12,3,12,1270
38578,1,1,38,4,22,3,3,0,3,70
46098,1,1,57,0,27,0,0,2,2,84
22585,0,0,3,9,15,13,2,1,2,42
30279,1,0,10,4,14,4,4,0,3,36
66426,0,1,1043,24,97,32,24,5,10,1220
30822,1,0,3,9,13,2,12,0,3,39
33581,2,0,11,0,5,0,0,0,2,16
19986,1,0,3,6,5,0,2,0,3,16
27421,0,0,43,12,96,78,40,1,6,269
35688,2,1,73,3,90,12,1,1,4,179
36143,1,0,12,0,1,0,0,1,2,13
10245,1,0,4,7,7,6,4,2,2,28
43795,0,1,314,11,53,4,3,3,4,385
63381,0,1,571,50,142,33,50,5,13,846
38823,0,1,70,0,11,2,8,1,3,91
83664,1,1,866,21,151,28,21,2,12,1087
90300,0,0,594,134,786,33,134,6,8,1681
62499,1,0,140,4,61,0,13,1,6,218
74293,0,0,375,152,335,93,91,4,6,1046
51012,0,0,102,9,63,2,9,1,4,185
70777,0,1,554,35,113,0,7,3,12,709
68682,0,0,919,0,505,99,30,9,10,1553
43824,1,1,96,1,42,12,3,1,4,154
15345,1,0,5,2,16,3,2,1,2,28
23442,1,0,2,0,6,8,6,0,3,22
14515,1,0,6,4,9,6,36,2,3,61
31395,1,1,23,1,25,0,8,1,3,57
75276,0,0,610,105,125,137,42,4,9,1019
42373,1,1,67,5,61,3,8,1,5,144
30507,0,0,65,36,74,38,20,1,4,233
55521,1,2,416,0,26,0,0,3,6,442
48006,1,1,23,0,11,3,2,0,3,39
27213,1,0,19,3,26,10,9,0,4,67
65808,1,1,155,7,80,13,7,1,5,262
30351,1,0,14,0,24,3,3,0,2,44
50437,0,2,370,9,92,6,9,1,8,486
23616,1,0,4,22,11,3,7,0,3,47
53858,0,1,407,53,221,58,150,3,6,889
66465,0,1,1200,0,204,38,29,9,12,1471
46923,1,0,85,44,54,102,78,1,7,363
75072,0,1,583,34,309,0,22,4,8,948
75865,0,0,483,0,591,156,0,5,10,1230
19789,1,0,2,5,9,28,6,1,3,50
80134,0,0,966,26,282,52,26,7,11,1352
91065,0,0,822,114,108,179,137,9,9,1360
49505,1,1,604,0,100,19,0,2,8,723
37401,1,0,19,3,19,3,1,0,3,45
30096,1,0,5,3,11,12,5,0,3,36
18492,1,0,2,2,2,2,1,0,2,9
82584,0,0,1076,68,103,29,91,4,8,1367
93027,0,0,1285,42,716,55,0,10,5,2098
48686,1,2,10,0,7,2,0,0,2,19
92910,0,0,551,137,792,179,103,7,13,1762
75433,1,0,800,0,297,0,34,5,10,1131
10404,1,0,2,2,11,10,6,0,4,31
61314,0,1,378,0,189,97,172,5,12,836
84865,0,0,1248,16,349,43,16,4,9,1672
42387,1,0,235,0,235,19,4,1,7,493
67309,1,1,515,47,181,149,95,6,9,987
75236,0,1,438,66,400,12,38,3,13,954
30015,1,0,25,0,22,2,3,0,4,52
50943,0,1,31,0,7,2,0,0,3,40
67272,0,1,357,35,271,28,28,2,12,719
51529,0,1,400,4,35,6,0,1,5,445
32011,1,0,99,0,15,2,1,1,4,117
7500,1,0,1,11,5,4,6,0,3,27
28691,1,0,5,4,13,8,0,0,3,30
56223,0,1,77,28,31,16,0,1,5,152
18100,0,0,3,1,2,4,3,0,3,13
30279,1,0,10,4,14,4,4,0,3,36
20130,0,0,0,6,3,7,6,0,3,22
23295,0,0,0,0,1,2,12,0,2,15
42618,1,0,76,14,74,13,5,0,4,182
81246,0,0,398,190,537,61,156,5,7,1342
24027,1,0,14,7,11,11,0,0,3,43
55707,0,1,208,7,82,30,66,2,9,393
57959,0,1,430,16,322,43,24,7,11,835
56796,0,1,656,38,161,62,47,9,7,964
36230,1,0,14,2,30,8,2,0,4,56
70829,1,1,141,70,106,72,19,2,8,408
65991,0,1,507,19,364,25,47,5,10,962
38988,1,2,164,24,103,12,3,1,6,306
89572,0,0,606,24,974,197,194,7,9,1995
42207,1,0,116,11,72,3,17,1,5,219
50300,0,1,143,15,60,24,23,1,8,265
66664,0,0,398,96,447,220,96,7,6,1257
60597,0,1,522,0,257,32,16,2,8,827
70165,0,0,161,0,253,199,191,7,11,804
50520,0,1,112,0,6,2,1,1,3,121
80124,0,0,483,84,398,205,84,7,8,1254
33183,1,0,7,5,39,17,15,0,3,83
66582,0,0,789,25,420,16,38,8,9,1288
75261,0,0,1239,17,413,23,34,6,5,1726
31880,1,0,4,1,5,2,0,0,2,12
53790,0,2,335,42,127,28,5,2,8,537
49269,1,0,639,8,166,11,8,3,12,832
61456,0,1,563,76,384,84,192,10,13,1299
37406,1,0,2,0,8,2,2,0,2,14
56937,1,0,746,8,125,11,8,6,9,898
38415,1,1,22,1,13,4,0,0,3,40
20518,1,0,4,1,6,4,1,1,2,16
62503,0,1,478,0,193,110,75,3,11,856
41644,1,1,20,3,4,2,0,0,3,29
55842,0,1,451,0,39,0,4,1,8,494
62010,0,1,371,22,39,6,0,2,7,438
41124,1,0,281,7,84,15,0,3,4,387
38961,1,0,19,7,19,0,1,1,2,46
37760,1,0,26,3,13,2,10,0,3,54
32233,1,0,138,15,35,25,11,2,2,224
43057,0,1,213,2,44,0,2,2,5,261
83151,0,0,407,28,100,120,74,9,4,729
78825,0,0,483,74,114,169,37,10,13,877
65104,0,1,738,0,232,13,20,5,7,1003
60093,0,1,502,12,109,16,6,2,10,645
14045,1,0,11,0,5,2,1,0,3,19
28457,0,0,24,1,108,29,29,1,4,191
78952,0,1,1170,19,594,99,76,5,12,1958
46310,1,0,185,2,88,15,5,1,5,295
76005,0,0,983,20,389,240,50,5,13,1682
58308,0,1,691,0,69,10,0,6,3,770
55614,0,0,504,13,131,8,0,4,6,656
59432,0,1,317,25,265,25,19,3,11,651
55563,0,1,29,1,9,2,0,0,3,41
78642,0,1,1396,0,322,46,35,9,4,1799
67911,0,1,529,0,356,63,28,7,11,976
65275,0,0,388,14,218,91,14,3,13,725
27203,1,1,13,2,21,4,0,1,2,40
48330,0,1,28,0,4,0,0,0,3,32
24279,0,0,16,36,21,20,62,1,3,155
64355,1,0,1047,0,140,67,38,3,12,1292
50943,0,1,31,0,7,2,0,0,3,40
53653,0,0,815,10,239,28,10,4,12,1102
65665,0,1,225,162,387,106,36,10,8,916
81217,0,0,493,70,324,146,40,7,11,1073
34935,0,0,34,4,66,3,10,1,4,117
61250,0,1,382,138,65,60,26,2,12,671
39665,1,0,127,1,56,0,1,2,3,185
60152,0,1,325,83,300,86,58,4,12,852
48920,0,2,238,17,68,8,10,2,5,341
89120,0,0,1168,92,408,72,129,6,7,1869
44124,0,1,284,0,55,0,6,2,5,345
81169,0,0,1288,20,613,80,61,7,9,2062
36443,1,1,65,0,46,4,3,1,3,118
26095,1,0,11,7,9,3,1,0,3,31
71367,0,0,227,23,389,42,21,5,7,702
80184,0,0,1035,134,670,25,38,3,10,1902
30630,1,1,27,1,12,2,0,0,3,42
73454,0,0,982,73,351,56,14,4,6,1476
42691,0,0,179,2,64,38,17,1,6,300
70503,0,0,1379,33,216,0,33,4,9,1661
25545,1,0,32,1,64,16,12,2,3,125
32880,1,0,8,4,15,7,6,0,3,40
77863,0,0,881,38,319,16,25,5,10,1279
50353,0,0,141,15,153,67,31,4,6,407
61839,0,0,1000,155,379,224,17,8,4,1775
49154,1,1,206,10,67,30,27,1,8,340
47682,0,1,162,61,83,97,57,3,8,460
72679,0,1,619,54,260,127,54,7,5,1114
57954,1,1,456,4,24,0,0,2,6,484
65316,1,1,112,6,92,3,9,2,5,222
28567,1,0,11,3,22,2,2,0,3,40
47352,0,1,172,12,112,8,0,1,5,304
44931,0,1,78,0,11,0,0,1,3,89
76982,0,0,464,151,292,65,60,3,4,1032
57247,0,1,99,4,32,37,54,1,7,226
22944,1,0,19,3,19,4,5,0,3,50
25315,1,0,1,9,8,11,3,0,3,32
43638,0,1,63,10,83,7,19,1,4,182
42710,1,0,252,3,42,4,3,5,3,304
84169,0,0,1478,19,403,0,19,6,6,1919
54058,0,1,198,18,252,32,108,6,8,608
24683,1,0,8,4,10,6,7,0,4,35
85620,0,0,416,46,925,60,107,6,4,1554
47850,1,0,42,7,43,20,12,0,4,124
19514,1,1,14,3,21,2,1,1,2,41
27159,1,1,17,0,3,0,0,0,3,20
39548,1,1,15,4,10,3,4,1,3,36
21474,1,0,6,16,24,11,0,1,2,57
60504,0,1,458,0,24,6,4,2,8,492
22419,0,0,30,3,47,19,21,2,2,120
81698,0,0,179,28,520,111,123,8,13,961
43462,1,1,90,17,97,15,6,1,5,225
54880,1,0,308,85,137,102,45,2,11,677
79908,0,0,557,129,761,29,185,6,7,1661
15315,0,0,7,4,13,15,8,0,4,47
87771,0,1,1492,38,287,50,57,10,4,1924
33039,1,0,30,8,12,8,8,0,4,66
81741,0,0,249,153,940,58,134,6,7,1534
71499,0,1,465,25,132,136,0,3,13,758
62466,0,1,129,129,259,168,121,3,12,806
48799,0,1,174,18,81,28,6,2,7,307
52157,0,1,189,2,29,3,2,2,5,225
66565,0,1,747,10,161,65,40,2,9,1023
29298,1,1,6,0,2,2,0,0,2,10
47691,0,1,14,0,3,0,0,0,2,17
38200,1,1,12,0,4,0,0,0,2,16
44989,0,1,98,0,106,49,10,1,5,263
38443,1,1,32,0,5,0,0,0,3,37
38593,1,0,51,12,49,17,24,1,3,153
64413,0,1,200,5,44,0,10,1,5,259
36959,1,0,25,6,25,6,0,0,3,62
61996,0,1,1050,12,144,0,0,4,8,1206
51287,1,1,117,0,22,13,0,1,3,152
13260,1,1,9,4,17,10,2,0,3,42
47472,1,1,56,0,11,0,0,0,4,67
54603,1,1,145,13,46,17,2,2,4,223
45207,1,1,203,0,10,0,0,1,6,213
40689,0,1,270,3,27,39,6,1,5,345
47821,1,1,9,0,16,6,6,0,3,37
27450,0,0,37,12,23,8,11,1,3,91
39453,1,0,46,0,7,0,0,0,3,53
26850,1,1,31,1,13,7,2,1,4,54
79800,0,0,1060,21,530,32,0,11,5,1643
61794,0,1,264,47,188,54,47,4,10,600
53863,0,1,399,4,30,6,4,1,7,443
24221,0,0,8,9,9,2,5,1,3,33
39684,1,0,19,0,35,6,4,1,2,64
92163,0,0,817,183,797,106,163,11,5,2066
69882,0,0,292,127,635,132,127,7,9,1313
33178,1,0,12,6,2,11,2,0,3,33
59973,0,0,130,30,168,20,34,4,7,382
17459,1,0,6,4,16,3,10,1,2,39
23910,1,0,16,12,18,7,1,0,3,54
42169,1,1,19,0,9,0,0,0,3,28
26224,1,0,4,7,15,13,9,1,3,48
31089,1,0,31,3,31,2,8,0,4,75
30081,0,1,36,0,2,0,0,0,3,38
62807,0,1,526,28,135,10,21,3,12,720
72906,0,0,400,32,519,71,75,4,9,1097
61467,0,2,410,16,114,0,5,2,10,545
49618,1,1,80,3,26,4,2,1,3,115
21888,1,0,88,10,46,2,3,1,2,149
42429,0,1,55,0,6,2,0,1,3,63
26150,2,1,5,1,13,3,5,0,3,27
30801,0,1,8,4,5,15,2,0,3,34
81168,0,0,410,0,592,147,22,4,7,1171
26877,0,0,101,13,76,20,18,1,6,228
45006,0,0,162,25,53,16,0,1,7,256
18978,1,0,2,8,1,4,7,0,3,22
22574,2,1,25,0,8,2,0,0,3,35
48240,0,0,389,91,248,64,49,3,13,841
45837,1,1,215,13,87,17,17,2,5,349
35791,2,1,27,0,5,0,0,0,3,32
54162,1,1,5,6,10,6,5,0,3,32
30522,0,1,179,8,83,19,11,2,9,300
54456,0,1,352,0,27,10,0,1,7,389
31632,0,0,17,8,12,11,15,1,2,63
72298,0,0,625,35,169,58,17,3,6,904
36975,1,0,10,6,11,0,4,0,3,31
72635,0,0,390,22,323,104,35,8,6,874
13624,1,0,10,2,15,2,1,0,3,30
84196,0,1,215,63,507,231,31,4,7,1047
70971,0,1,1001,17,572,93,125,11,5,1808
34487,1,1,19,18,33,24,1,0,3,95
28769,1,0,41,5,129,10,3,1,4,188
69084,1,0,1181,107,199,39,30,3,13,1556
65488,0,0,603,45,207,36,18,4,6,909
62466,0,1,129,129,259,168,121,3,12,806
32218,0,0,10,24,15,13,1,1,3,63
83917,0,0,514,22,732,42,198,7,7,1508
46102,2,1,14,0,1,0,0,0,2,15
84574,0,0,387,20,713,38,54,11,11,1212
56181,0,1,121,103,69,8,44,2,7,345
63120,0,1,965,69,279,54,41,4,9,1408
73691,0,1,707,21,250,85,43,2,8,1106
63381,0,1,571,50,142,33,50,5,13,846
76140,0,0,586,66,653,17,0,9,6,1322
62859,0,1,1063,89,102,16,12,4,6,1282
45906,0,1,305,3,27,4,3,4,4,342
77632,0,0,1200,105,758,0,42,2,6,2105
46463,1,1,163,2,40,8,11,1,6,224
105471,0,0,1009,181,104,202,21,8,13,1517
55282,1,0,125,6,73,8,4,1,6,216
78710,0,1,721,0,152,119,50,6,12,1042
66886,0,1,315,4,62,41,31,1,7,453
98777,0,0,1000,19,711,125,115,6,9,1970
29103,1,0,16,0,17,6,3,0,3,42
67445,0,1,757,80,217,29,80,6,12,1163
50616,0,1,30,2,25,0,1,1,4,58
49431,0,1,219,3,100,26,0,1,5,348
61278,0,1,111,3,28,2,6,1,4,150
26490,0,0,45,47,52,21,20,1,5,185
73059,0,1,410,112,420,0,82,3,13,1024
46734,1,2,100,1,39,6,1,2,3,147
56253,0,1,509,0,65,7,11,2,9,592
19986,1,0,3,6,5,0,2,0,3,16
58330,0,1,445,53,213,104,98,4,13,913
25965,0,0,2,2,11,41,7,0,3,63
14661,0,0,4,1,11,6,2,0,3,24
18690,0,0,6,1,7,23,4,1,2,41
45068,0,1,14,0,3,0,0,0,2,17
21063,1,0,1,10,11,19,3,0,3,44
29187,1,0,26,0,6,0,0,0,3,32
54690,1,1,111,16,37,7,9,1,5,180
59304,0,1,418,61,428,80,51,8,10,1038
59247,0,2,327,9,122,19,14,2,9,491
66731,0,1,371,159,194,58,106,3,6,888
77353,0,1,275,59,107,69,101,4,8,611
52614,0,1,789,0,142,12,9,4,8,952
26751,2,0,1,1,5,0,3,0,2,10
81300,0,1,1004,12,145,32,12,3,5,1205
70337,0,0,187,81,149,25,43,2,12,485
36145,1,0,56,4,76,17,1,1,3,154
65295,0,0,365,32,117,34,110,3,13,658
68118,0,1,595,23,123,10,23,9,4,774
68743,0,0,1132,134,384,175,134,5,13,1959
41039,0,0,34,11,137,179,61,1,5,422
38946,0,1,116,6,82,6,6,1,6,216
65777,0,0,565,32,435,28,32,8,6,1092
66476,0,1,372,18,126,47,48,2,11,611
86857,0,0,899,102,838,133,102,6,10,2074
77845,0,0,760,40,480,0,40,5,12,1320
69476,0,0,260,86,559,63,9,6,4,977
50611,0,1,459,0,24,6,0,5,7,489
61209,0,0,466,0,224,119,49,3,4,858
42315,0,1,67,15,80,17,11,4,4,190
13084,0,0,2,0,7,3,7,0,3,19
47570,1,1,67,1,20,0,2,2,2,90
61923,0,2,92,4,18,3,3,1,4,120
34824,0,0,4,2,11,2,0,0,2,19
26518,1,1,20,1,28,3,3,0,3,55
45938,0,0,273,11,178,62,83,4,6,607
78468,0,0,434,22,388,104,22,7,10,970
78901,0,1,321,11,309,33,26,3,5,700
71427,2,0,212,123,177,15,64,2,8,591
71022,0,1,909,12,278,0,12,2,11,1211
90247,0,0,1184,32,352,21,16,4,7,1605
41335,1,0,112,19,21,16,14,1,4,182
71952,1,0,656,80,455,52,107,4,8,1350
35682,1,0,23,0,8,6,2,1,3,39
43185,0,1,537,6,42,16,6,3,6,607
66375,0,1,712,0,45,0,0,4,5,757
35178,1,0,23,1,13,2,2,1,2,41
25252,1,0,1,3,4,2,2,0,2,12
55250,0,1,664,58,83,32,0,5,10,837
33249,1,0,6,10,21,19,14,1,3,70
58398,0,0,299,5,201,21,21,4,8,547
50272,1,0,99,13,66,43,8,1,5,229
76618,0,0,749,40,294,121,160,2,5,1364
87305,0,0,345,25,501,63,138,3,8,1072
25851,1,0,9,4,18,7,5,0,3,43
58710,0,1,440,81,368,0,122,5,9,1011
45160,1,1,8,2,5,3,0,0,2,18
74806,0,1,670,9,249,0,28,4,5,956
59111,0,0,524,0,134,28,28,1,8,714
18988,1,0,6,0,6,2,1,0,3,15
72190,0,0,597,166,597,172,166,6,4,1698
7500,1,0,7,0,12,13,7,1,2,39
44794,0,1,54,0,7,0,0,0,3,61
80395,0,0,445,25,706,80,76,5,12,1332
75012,0,0,294,142,218,164,58,8,11,876
56962,2,1,292,3,77,10,3,3,5,385
89891,0,0,412,22,132,59,28,6,8,653
35946,1,1,8,0,3,0,0,0,3,11
53593,1,1,349,4,78,6,0,2,6,437
66373,1,1,328,9,124,12,24,2,10,497
45072,1,2,144,2,99,7,2,1,4,254
89694,1,1,1126,28,211,37,28,3,4,1430
72025,0,0,967,0,617,43,50,8,13,1677
67432,0,1,432,79,341,177,136,5,4,1165
70545,0,1,138,39,63,55,18,1,7,313
17487,1,0,0,0,1,7,4,0,2,12
62882,0,1,509,133,497,78,24,5,6,1241
64108,0,1,948,10,86,13,21,9,11,1078
34941,1,1,39,2,25,4,3,0,3,73
48767,1,2,28,1,21,3,0,1,3,53
38702,1,0,13,11,24,13,8,0,4,69
82224,0,0,307,26,360,138,31,9,5,862
83844,0,0,901,31,345,75,31,4,11,1383
17003,1,0,2,5,12,4,8,0,4,31
71163,0,0,283,17,372,138,106,8,12,916
33697,1,0,4,3,7,0,3,0,2,17
63564,0,0,769,80,252,15,34,10,7,1150
83443,0,0,518,42,742,55,56,10,5,1413
51518,0,1,350,8,66,17,4,2,10,445
58330,0,1,445,53,213,104,98,4,13,913
80952,0,0,778,178,689,41,27,5,11,1713
75507,0,0,709,93,374,104,80,6,6,1360
63855,0,0,359,35,314,93,116,3,13,917
62220,0,1,799,12,375,16,12,6,5,1214
58512,0,1,895,10,101,13,0,4,8,1019
40662,1,0,40,2,23,0,4,1,3,69
38829,0,1,76,0,7,0,0,2,2,83
35523,1,0,11,5,22,12,5,0,3,55
79146,1,1,245,16,223,21,43,1,8,548
78285,0,0,647,107,391,175,67,4,10,1387
31626,1,0,39,1,9,2,1,1,2,52
75127,0,0,203,35,305,46,17,11,5,606
48726,0,1,138,3,38,4,0,2,4,183
74985,0,0,587,51,898,247,0,6,7,1783
67430,0,0,595,97,291,127,133,5,12,1243
46891,0,1,43,12,23,29,15,1,4,122
62058,0,1,301,7,74,10,0,1,7,392
72063,0,1,180,32,348,76,32,2,12,668
78939,0,0,794,115,243,150,0,5,6,1302
42720,1,1,392,5,91,28,26,3,7,542
33622,1,1,39,1,22,3,4,0,4,69
6835,0,1,107,2,12,2,2,0,1,125
41452,1,1,13,0,3,0,0,0,2,16
40760,0,1,70,0,17,0,0,1,3,87
74250,0,0,680,11,392,75,0,11,4,1158
51124,1,1,26,1,11,0,1,0,3,39
72258,0,1,522,0,522,227,120,9,5,1391
71466,0,0,412,12,546,78,182,4,10,1230
36283,1,1,6,5,5,8,0,0,3,24
20587,1,0,2,3,6,4,1,1,2,16
30467,1,0,1,3,8,2,5,0,2,19
31590,1,0,6,2,15,6,6,0,3,35
20425,1,0,4,12,5,3,16,0,3,40
17144,1,1,18,2,19,0,2,0,4,41
42564,0,1,324,48,186,39,18,8,4,615
43783,1,0,327,9,125,25,4,1,8,490
40780,0,1,229,27,71,13,3,1,5,343
62847,0,0,521,168,706,80,76,6,4,1551
82017,0,0,184,23,446,30,23,4,7,706
16813,0,0,4,8,11,12,2,0,3,37
51267,1,1,183,2,64,7,2,3,5,258
46524,0,1,31,19,35,26,14,1,5,125
45183,0,0,219,3,60,12,9,1,7,303
70421,0,1,479,28,136,75,14,3,7,732
60161,0,1,584,44,212,46,8,4,8,894
73926,0,0,627,91,597,159,91,5,12,1565
19329,1,0,24,1,16,12,2,0,3,55
61872,0,1,330,5,159,36,27,4,9,557
46984,1,1,19,1,10,2,1,0,3,33
34838,1,1,28,23,29,29,14,1,4,123
82716,0,0,606,148,228,15,148,8,13,1145
48192,0,0,1039,43,204,153,58,8,12,1497
49681,0,2,411,0,26,0,0,1,7,437
56850,0,1,34,1,19,2,7,1,3,63
55267,0,1,161,28,136,32,3,4,6,360
59666,1,1,623,53,178,23,17,2,8,894
72504,0,1,604,26,470,123,161,9,6,1384
26872,0,0,3,10,8,3,16,1,2,40
21359,1,0,12,2,17,6,1,0,3,38
73170,0,0,184,174,256,50,30,4,6,694
52750,0,1,393,0,239,90,69,7,9,791
91820,0,0,410,73,747,76,161,5,12,1467
65968,0,1,376,9,83,19,4,4,7,491
30772,1,1,7,2,4,2,1,0,2,16
22507,0,0,68,0,226,51,157,2,4,502
65685,0,1,642,14,49,0,7,2,9,712
25804,1,0,8,7,9,13,6,0,3,43
76412,0,0,840,53,804,23,71,4,8,1791
22063,1,0,7,10,13,3,11,0,3,44
57091,0,0,464,5,64,7,0,3,7,540
22419,0,0,30,3,47,19,21,2,2,120
87771,0,1,1492,38,287,50,57,10,4,1924
78353,0,1,752,122,476,39,153,2,11,1542
93404,1,2,1279,15,287,20,0,4,7,1601
37859,1,2,22,1,8,2,1,0,3,34
80995,0,1,860,28,409,73,56,9,4,1426
16529,1,0,3,0,5,13,0,0,3,21
55412,1,1,10,5,28,11,1,0,3,55
48789,0,0,351,16,156,7,5,4,7,535
56575,0,2,421,5,90,0,16,3,7,532
25130,1,0,2,5,7,0,18,0,3,32
35441,1,1,25,1,9,2,1,0,3,38
71391,0,1,336,123,274,46,123,5,12,902
49494,1,0,191,9,97,0,6,1,5,303
81702,0,0,563,50,774,28,31,7,12,1446
45889,0,1,31,0,6,0,1,0,3,38
56628,0,1,479,5,82,7,17,6,5,590
34026,1,1,18,6,15,12,8,1,3,59
40049,0,1,91,65,52,10,44,2,6,262
34176,1,0,5,7,24,19,14,0,4,69
19419,1,0,2,14,28,16,3,0,3,63
82504,0,0,362,50,431,134,35,6,7,1012
81205,0,0,724,74,929,97,55,6,7,1879
61618,0,0,605,91,399,0,45,6,8,1140
55284,0,1,547,7,140,0,7,5,8,701
49980,0,1,104,1,54,13,9,1,5,181
15072,2,0,8,2,15,0,10,1,3,35
49166,0,1,224,2,25,7,0,3,3,258
65324,0,1,384,0,102,21,32,2,9,539
82347,0,0,556,54,845,202,133,7,10,1790
30843,1,1,24,0,2,0,0,1,2,26
46374,0,1,408,0,21,0,0,1,7,429
60474,0,1,265,199,303,234,9,2,12,1010
38576,0,1,34,0,7,0,0,0,3,41
55357,2,0,374,64,116,84,25,2,11,663
37758,1,1,27,2,10,0,0,0,3,39
85710,0,0,600,20,350,29,30,9,10,1029
23228,1,0,13,2,18,6,1,0,3,40
44602,1,1,167,2,89,0,0,1,4,258
7500,0,0,0,2,3,4,1,0,3,10
38683,1,0,46,35,69,84,41,1,6,275
49514,1,0,88,39,78,58,13,1,4,276
57906,0,1,243,11,119,10,3,2,8,386
43456,0,1,275,11,68,25,7,1,8,386
19485,2,0,6,0,4,0,0,0,2,10
53172,0,1,121,62,90,68,20,3,8,361
30545,1,0,4,12,15,19,7,0,3,57
70123,0,0,1308,0,396,23,0,7,4,1727
62450,0,1,515,47,267,62,66,5,4,957
21675,1,0,4,0,16,17,4,0,3,41
42395,1,1,48,13,57,24,15,1,4,157
61346,1,0,562,58,168,43,16,7,10,847
80812,0,0,769,22,500,210,143,8,5,1644
42835,1,1,379,4,93,12,9,6,4,497
39922,1,0,29,12,59,19,1,0,4,120
86424,0,0,387,68,569,89,45,9,12,1158
17117,1,0,12,23,38,30,18,1,3,121
24762,1,0,6,10,12,3,15,1,2,46
35797,0,1,27,1,14,4,1,0,3,47
36627,2,0,9,1,5,0,0,0,3,15
51111,1,1,22,0,19,6,5,0,3,52
86857,0,0,899,102,838,133,102,6,10,2074
82072,0,0,889,55,685,168,92,2,13,1889
46231,2,1,189,2,55,0,5,1,4,251
42243,1,1,48,0,2,0,0,0,3,50
51195,1,1,230,14,156,82,24,2,5,506
68092,0,0,852,60,207,78,36,6,10,1233
31814,1,0,35,3,20,4,1,0,3,63
51390,1,1,205,20,47,23,2,2,5,297
76630,0,0,255,31,446,40,56,10,11,828
26868,1,0,0,0,1,8,3,0,2,12
48948,0,0,437,8,206,160,49,10,5,860
55260,0,1,825,8,53,11,0,10,5,897
64090,0,1,316,58,161,76,51,9,4,662
78331,0,1,756,138,354,160,169,6,7,1577
37087,1,0,194,55,134,15,0,2,8,398
21846,1,0,7,17,18,6,10,0,3,58
81320,0,0,183,33,493,59,103,3,10,871
54137,0,1,171,0,11,0,1,1,4,183
66825,0,0,243,101,405,29,40,5,6,818
57100,0,0,181,21,69,39,3,3,6,313
58917,1,2,151,7,89,0,7,1,6,254
85072,0,0,494,92,391,194,11,4,10,1182
86429,0,0,464,28,873,29,18,4,7,1412
45684,1,0,5,1,5,10,0,0,2,21
47889,1,0,29,0,29,0,5,0,3,63
45921,0,0,102,9,49,24,3,1,6,187
78420,0,0,604,28,674,91,28,10,8,1425
75114,0,0,571,12,523,63,60,10,5,1229
52278,0,1,953,0,71,0,0,5,10,1024
35641,1,0,63,3,67,8,9,1,4,150
95529,0,0,770,29,890,250,27,3,7,1966
62820,0,0,398,61,265,138,61,4,6,923
73113,0,0,741,19,154,50,9,4,7,973
84169,0,0,1478,19,403,0,19,6,6,1919
42607,0,1,156,29,56,30,32,2,7,303
74637,0,0,960,64,464,146,0,9,9,1634
46015,1,1,38,0,2,0,0,0,3,40
72354,0,0,315,26,473,220,12,10,6,1046
39858,1,0,15,20,25,2,7,0,4,69
34469,1,1,19,6,20,0,5,1,4,50
83033,1,0,812,99,431,237,149,4,10,1728
24401,0,0,73,28,217,10,24,1,6,352
77583,0,0,372,23,384,250,12,5,9,1041
74116,0,0,871,111,704,145,55,4,10,1886
74293,0,0,375,152,335,93,91,4,6,1046
68397,0,1,760,80,466,17,13,9,5,1336
79632,0,0,471,0,510,99,21,4,9,1101
46107,1,0,31,9,27,16,9,1,4,92
64950,0,1,819,0,72,12,0,2,10,903
25443,1,0,1,4,3,8,9,0,3,25
75127,0,0,203,35,305,46,17,11,5,606
32892,1,0,26,0,15,2,1,0,3,44
71796,0,0,354,21,311,167,75,3,4,928
67536,0,1,1253,0,447,23,71,5,11,1794
55239,0,1,371,17,238,23,24,5,11,673
60554,1,0,588,7,76,110,15,4,9,796
64831,1,1,480,86,249,75,86,3,5,976
56067,0,1,517,12,54,16,6,4,7,605
82025,0,0,267,98,606,48,70,2,6,1089
94384,0,0,1111,24,790,160,45,8,5,2130
14906,0,0,7,7,14,7,16,1,3,51
51563,0,0,1166,0,48,0,0,4,10,1214
57937,0,1,261,42,144,55,48,4,9,550
68274,1,1,135,25,51,23,25,2,5,259
39771,1,0,6,2,18,2,8,0,3,36
67893,0,1,711,28,142,49,18,2,9,948
27922,1,0,11,0,13,2,4,0,3,30
52190,1,1,42,0,17,0,0,1,3,59
44051,1,1,79,7,58,6,3,1,4,153
42767,2,0,20,6,43,19,5,1,2,93
46106,1,1,30,0,8,2,0,1,2,40
16927,1,1,20,2,23,3,1,0,4,49
59754,0,1,115,27,44,4,146,2,6,336
53700,0,1,263,5,233,69,41,5,8,611
59041,1,1,69,2,15,2,2,0,4,90
54237,0,1,267,3,30,4,0,2,5,304
70647,0,1,561,85,171,25,123,7,13,965
52597,0,1,492,0,37,7,0,3,8,536
41021,1,0,14,7,9,6,16,0,3,52
40233,0,1,80,4,46,0,17,1,5,147
50183,1,1,97,12,84,13,10,1,6,216
54753,0,1,197,107,227,7,59,2,11,597
92955,0,0,693,21,925,31,24,7,9,1694
33471,1,0,43,2,27,0,9,0,4,81
34596,1,0,14,0,2,0,0,0,2,16
44010,1,0,186,36,234,86,72,2,6,614
84219,0,0,434,137,400,45,137,4,10,1153
40706,2,1,59,0,11,4,2,0,4,76
15716,1,0,16,5,30,8,7,0,4,66
59052,0,1,230,35,75,63,57,1,7,460
80573,0,0,829,138,430,60,92,6,13,1549
83715,0,0,318,8,407,150,35,8,13,918
82576,0,0,1206,55,445,168,18,4,12,1892
56962,2,1,292,3,77,10,3,3,5,385
35704,1,1,30,9,12,2,11,0,4,64
53103,0,1,729,17,133,11,0,6,7,890
46779,1,1,12,1,3,0,0,1,2,16
4861,0,0,2,1,1,1,0,0,0,5
33462,1,0,22,3,18,0,0,0,3,43
63693,0,1,587,43,337,42,87,6,9,1096
80763,0,0,674,168,108,192,42,11,6,1184
65352,0,1,284,3,84,4,7,2,8,382
82170,0,0,1023,93,651,49,55,6,7,1871
75759,0,0,1394,22,708,89,91,7,9,2304
79689,0,0,311,26,640,180,37,9,13,1194
35340,1,1,27,0,12,0,1,0,3,40
85683,0,0,1296,17,311,45,69,4,10,1738
24884,1,0,3,6,7,0,0,0,3,16
42021,1,0,393,5,136,7,5,1,6,546
64449,1,0,218,63,282,137,35,3,12,735
64587,1,1,66,0,16,0,6,1,4,88
34824,0,0,4,2,11,2,0,0,2,19
75437,0,0,795,0,545,95,58,4,10,1493
26091,1,1,15,10,19,8,17,1,3,69
52845,1,0,384,25,292,130,41,8,6,872
46086,0,1,244,8,32,7,2,1,8,293
78028,0,1,158,19,288,25,0,4,9,490
95169,0,0,1285,21,449,106,20,3,4,1881
56337,1,1,349,16,144,28,5,5,4,542
22434,1,0,4,12,11,3,13,0,3,43
36930,0,1,223,2,31,0,2,2,4,258
36130,0,1,157,43,127,68,56,8,4,451
65569,0,1,397,46,288,20,38,5,10,789
83844,0,0,901,31,345,75,31,4,11,1383
19514,1,1,14,3,21,2,1,1,2,41
36736,1,1,10,0,3,0,0,0,2,13
77568,0,1,1230,0,396,232,178,2,8,2036
49187,0,1,81,1,31,2,1,1,5,116
30168,1,0,154,20,66,0,12,1,4,252
34053,0,1,63,0,21,7,0,0,3,91
38196,1,1,30,0,11,0,0,0,4,41
59412,0,0,90,67,165,30,43,2,8,395
70924,0,0,635,114,254,132,152,6,7,1287
54165,0,0,127,4,73,15,6,1,7,225
32300,1,0,13,3,6,6,5,0,3,33
20180,0,0,18,42,24,15,20,1,4,119
34961,1,0,45,2,26,4,1,1,3,78
28440,1,0,38,1,24,0,0,0,3,63
64504,1,2,986,36,168,16,0,3,4,1206
33564,0,1,61,0,3,0,0,1,3,64
17345,1,0,4,9,16,17,0,1,2,46
56320,0,1,201,53,172,116,77,4,9,619
28647,1,0,19,8,29,0,12,2,2,68
15038,1,0,4,8,11,19,12,1,2,54
32173,0,1,18,0,2,0,0,0,3,20
68316,0,1,806,80,161,120,11,7,10,1178
74538,0,0,380,98,733,110,112,8,5,1433
91700,0,0,576,172,961,125,115,6,5,1949
68695,0,0,458,81,356,106,50,4,7,1051
31056,1,0,5,10,13,3,8,0,3,39
79593,0,0,350,60,568,110,133,6,7,1221
28071,0,0,39,33,130,41,26,1,5,269
37334,1,1,26,1,16,2,2,0,4,47
46423,1,1,68,0,16,0,0,0,4,84
37126,1,0,45,3,9,4,4,2,2,65
47703,0,1,359,0,134,13,26,3,8,532
61180,0,1,403,24,29,6,24,5,6,486
38998,1,1,34,1,14,0,0,0,3,49
8028,0,0,73,18,66,7,12,1,0,176
76081,0,0,292,30,415,63,33,5,4,833
34728,1,0,14,0,16,0,0,1,2,30
33168,0,1,80,1,37,0,1,1,4,119
33585,0,1,30,11,33,13,6,0,4,93
77037,0,1,463,96,333,168,53,7,12,1113
35196,1,0,75,12,141,43,39,1,5,310
44529,0,1,538,13,91,17,6,2,11,665
70924,0,0,635,114,254,132,152,6,7,1287
28764,1,1,8,0,3,0,0,0,2,11
69098,0,0,1315,22,780,145,0,8,9,2262
25959,1,1,4,2,12,7,5,2,2,30
27100,1,0,12,0,13,2,0,0,3,27
70596,0,0,347,44,534,17,0,5,12,942
42557,0,1,192,5,53,0,5,1,4,255
53312,0,0,241,0,12,0,0,1,5,253
72228,0,0,631,28,491,30,14,7,8,1194
67605,0,0,336,28,282,184,54,8,6,884
62845,1,1,1099,0,45,0,0,4,10,1144
65196,0,2,743,19,181,12,0,6,11,955
42000,0,0,124,83,267,85,59,2,11,618
35860,1,1,15,0,8,4,2,1,2,29
65526,0,1,397,19,69,12,0,4,8,497
16860,1,1,10,4,4,3,3,1,3,24
83528,0,0,530,117,678,134,44,10,8,1503
64176,0,1,1215,33,249,64,116,9,8,1677
22304,0,0,3,2,7,0,4,0,2,16
67023,0,0,444,44,382,11,8,7,13,889
32892,1,0,26,0,15,2,1,0,3,44
70713,0,1,736,114,279,82,76,6,8,1287
59925,0,1,473,21,176,19,21,2,9,710
39722,0,1,32,0,5,2,0,0,3,39
46610,0,0,288,10,30,4,10,1,6,342
88347,0,0,1050,178,555,77,138,7,9,1998
87171,0,0,1001,44,107,58,44,7,11,1254
26907,1,1,9,1,7,0,3,0,3,20
50014,1,0,234,14,77,19,10,1,8,354
41014,1,0,7,2,6,2,0,0,2,17
66294,0,0,251,108,334,65,92,3,5,850
36715,1,0,172,10,125,21,13,2,4,341
79456,0,0,565,42,548,64,83,6,4,1302
40479,1,0,5,0,8,2,0,0,3,15
75345,0,0,918,57,842,99,38,8,6,1954
54233,0,1,652,8,158,21,0,6,5,839
24163,1,1,4,1,7,2,1,0,3,15
84460,0,0,152,27,103,106,54,9,4,442
43776,1,0,8,0,9,2,1,0,2,20
71691,0,0,336,130,411,240,32,7,5,1149
85844,0,0,938,19,843,25,95,6,7,1920
39190,1,0,68,8,18,19,8,1,4,121
71367,0,0,227,23,389,42,21,5,7,702
38578,1,1,38,4,22,3,3,0,3,70
57236,1,1,105,0,9,2,1,1,4,117
61825,0,1,162,50,100,55,30,2,8,397
79803,0,1,574,8,216,21,16,3,5,835
80910,0,0,160,80,369,67,39,3,8,715
27590,1,0,6,0,5,0,0,0,2,11
56775,0,1,614,35,160,58,35,8,10,902
83829,0,0,897,161,430,186,161,7,6,1835
54210,0,1,70,54,109,80,9,1,7,322
38508,1,0,120,19,206,25,19,2,5,389
53187,1,0,211,2,30,7,7,1,6,257
30023,1,0,11,0,16,7,6,0,3,40
76045,0,0,760,53,400,17,93,5,11,1323
50870,0,1,53,0,8,0,0,0,3,61
15315,0,0,7,4,13,15,8,0,4,47
65463,1,0,391,32,70,21,32,2,9,546
66480,1,1,199,9,57,20,21,1,7,306
76773,0,0,516,56,449,86,33,2,11,1140
81698,0,0,709,45,115,30,160,2,5,1059
54466,1,1,12,0,4,0,0,0,2,16
98777,0,0,1000,19,711,125,115,6,9,1970
16269,1,0,19,3,18,3,1,0,3,44
71819,0,1,1224,28,140,0,14,3,5,1406
33569,1,0,16,2,18,3,0,1,2,39
36262,0,0,88,39,54,64,28,5,3,273
22634,0,0,2,23,11,8,6,1,2,50
47025,0,1,508,11,59,23,5,1,6,606
70566,0,1,381,28,215,84,28,5,9,736
31605,1,0,74,0,42,2,1,1,4,119
52034,1,1,146,0,93,7,13,2,5,259
48526,1,0,23,17,23,43,20,1,4,126
46734,0,1,110,5,137,26,23,1,5,301
39552,1,1,165,3,147,4,24,2,5,343
86358,1,1,957,47,494,82,47,3,6,1627
46931,2,1,41,0,17,3,1,1,3,62
16581,0,0,1,3,4,2,3,0,3,13
63998,0,0,176,29,818,0,33,6,11,1056
67381,0,1,815,8,53,11,0,2,9,887
25930,1,1,6,1,2,2,0,0,2,11
42693,1,0,8,4,20,6,3,0,3,41
85606,0,1,717,42,864,219,30,7,9,1872
72903,0,0,1067,138,750,0,19,5,8,1974
49669,1,0,166,5,107,11,8,1,6,297
36778,1,1,29,4,34,2,4,0,3,73
85696,0,0,714,76,395,116,0,6,9,1301
10979,0,0,8,4,10,2,2,0,3,26
49678,0,1,229,5,56,3,2,2,4,295
56129,0,1,320,48,133,39,72,2,10,612
37155,1,0,23,0,26,7,15,0,4,71
21282,1,0,1,5,8,4,8,1,2,26
33419,0,1,56,0,12,0,0,0,4,68
63285,0,0,508,124,249,50,38,5,13,969
21255,1,0,29,0,25,2,2,1,4,58
42162,1,0,46,7,59,2,4,1,3,118
54450,1,1,454,0,171,8,19,2,8,652
57744,0,1,350,3,39,0,0,1,4,392
26576,1,0,10,0,8,0,0,0,2,18
57513,0,0,735,40,183,52,20,3,13,1030
68142,0,1,897,126,196,91,112,4,7,1422
7500,0,1,5,2,3,3,0,0,2,13
83145,0,0,777,35,731,39,137,9,11,1719
54197,0,1,162,6,37,6,13,3,6,224
23091,1,1,35,0,11,0,0,1,3,46
46049,1,1,342,9,112,19,14,2,9,496
56715,0,0,258,105,239,237,172,3,4,1011
79410,0,0,658,80,483,123,13,2,5,1357
57304,0,1,356,80,329,138,17,6,10,920
44375,0,1,213,5,28,7,7,1,6,260
54450,1,1,454,0,171,8,19,2,8,652
59594,0,1,457,4,29,0,0,1,7,490
80685,0,0,241,45,604,34,26,4,10,950
40344,0,1,210,0,6,0,0,1,5,216
62710,0,1,441,35,83,7,29,2,12,595
48985,0,1,19,13,18,10,7,1,3,67
35322,1,2,28,9,37,12,7,0,4,93
77142,0,0,476,75,162,29,151,4,8,893
81657,0,0,364,40,425,158,60,4,8,1047
14421,0,0,0,0,2,3,3,0,2,8
20130,0,0,0,6,3,7,6,0,3,22
74214,0,0,863,83,547,86,99,2,5,1678
66726,1,1,349,7,35,0,0,2,4,391
23724,1,0,5,23,15,0,18,0,3,61
47353,0,1,184,2,19,8,8,2,6,221
33444,1,1,8,0,8,0,0,0,2,16
54386,0,1,277,21,64,62,21,2,10,445
28510,1,1,44,5,19,0,4,0,4,72
90638,0,0,1156,120,915,94,144,4,10,2429
48070,0,1,373,14,83,6,9,2,6,485
43140,0,1,134,8,76,6,0,1,5,224
54959,0,1,1148,0,60,0,0,5,4,1208
15056,1,1,6,12,3,21,6,2,3,48
26954,1,0,4,1,11,0,0,0,2,16
22327,1,0,5,4,8,2,0,0,3,19
44393,1,1,24,2,20,2,2,0,4,50
62000,0,1,899,0,101,0,0,6,13,1000
31497,0,1,108,1,28,13,1,1,4,151
45894,0,2,27,2,7,0,2,0,3,38
78579,0,0,816,66,549,216,66,6,4,1713
67369,0,1,1298,0,70,37,14,4,10,1419
58401,0,1,10,0,11,17,29,2,2,67
62307,0,1,87,13,34,10,6,0,4,150
43641,1,1,57,2,51,4,2,1,4,116
63841,0,1,635,15,100,20,7,3,9,777
46891,0,1,43,12,23,29,15,1,4,122
70091,1,0,964,34,137,15,0,2,10,1150
78075,0,0,572,8,259,34,35,5,5,908
59184,0,1,341,142,113,259,151,6,12,1006
54809,1,1,63,6,57,13,13,1,5,152
58113,0,1,221,104,169,102,78,2,8,674
51412,0,1,140,3,29,4,5,2,4,181
15287,1,0,1,2,8,4,3,1,2,18
66636,0,0,291,10,689,84,10,4,9,1084
50965,0,1,544,13,85,8,6,4,5,656
84618,0,0,684,100,801,21,66,9,10,1672
18351,0,0,1,12,9,0,14,0,3,36
40451,0,2,35,0,4,0,0,1,2,39
36317,0,1,87,3,25,3,2,0,4,120
42213,0,1,309,3,24,4,3,1,7,343
65748,0,1,172,73,93,95,78,4,10,511
77044,0,1,625,38,242,50,34,11,11,989
74918,0,0,972,59,913,25,19,9,6,1988
56721,1,1,157,6,39,6,13,1,5,221
42160,1,1,48,9,45,3,15,1,4,120
61559,0,1,279,83,88,32,14,2,10,496
33629,1,1,132,0,16,0,0,1,4,148
68682,0,0,919,0,505,99,30,9,10,1553
34377,0,1,62,0,22,3,1,2,2,88
8940,1,0,1,45,3,4,6,1,3,59
26228,1,0,2,6,4,3,1,0,2,16
77297,0,0,408,61,109,48,122,7,9,748
40211,1,1,51,1,7,2,1,1,2,62
33438,1,1,62,1,16,3,2,1,4,84
75032,0,1,952,12,180,47,12,4,9,1203
61284,0,0,618,15,106,20,7,2,8,766
22518,1,0,11,7,12,2,2,1,2,34
54730,0,1,318,3,17,4,7,1,8,349
38452,1,1,56,0,14,0,0,0,3,70
44421,1,1,110,5,59,7,1,0,4,182
38197,1,0,23,0,11,2,1,0,3,37
41986,0,1,27,5,8,8,3,0,4,51
28427,1,0,18,3,19,3,3,0,3,46
37395,1,0,18,0,9,0,1,0,3,28
64722,1,0,303,0,280,60,147,2,11,790
55249,0,1,97,1,19,2,0,1,4,119
84906,0,0,997,15,414,99,30,6,12,1555
28691,1,0,5,4,13,8,0,0,3,30
44213,1,1,95,11,35,0,4,1,5,145
25707,1,0,1,6,2,3,6,0,3,18
59062,2,1,46,1,12,3,0,0,3,62
76624,0,1,411,106,147,54,115,10,7,833
66000,0,0,244,51,270,101,0,3,5,666
27683,1,0,152,9,121,12,12,2,4,306
1730,0,0,1,1,3,1,1,0,0,7
7500,1,0,10,17,18,8,26,2,2,79
40521,1,1,12,0,5,0,0,1,2,17
20427,1,0,5,0,4,0,0,0,2,9
65106,0,1,790,19,133,12,0,3,13,954
69969,0,0,882,29,514,38,29,2,6,1492
67433,0,2,615,28,259,12,48,5,13,962
77766,0,1,1004,59,265,115,59,10,11,1502
74716,0,1,133,27,421,13,195,3,5,789
68118,0,1,595,23,123,10,23,9,4,774
55158,1,1,293,0,87,4,11,2,5,395
62972,0,1,313,15,47,20,0,4,3,395
74190,0,1,151,81,86,168,91,2,11,577
39356,1,1,15,0,2,0,0,0,2,17
76653,0,0,736,63,946,219,189,7,11,2153
35860,1,1,15,0,8,4,2,1,2,29
90687,0,0,982,17,672,23,34,2,8,1728
73450,0,0,1142,51,415,90,69,8,11,1767
31454,1,1,28,0,11,0,0,0,3,39
47139,1,1,46,0,12,0,2,1,2,60
83829,0,0,897,161,430,186,161,7,6,1835
53378,1,1,489,6,152,8,6,4,6,661
19656,1,0,25,4,9,6,8,1,3,52
45579,0,1,145,1,33,2,1,1,4,182
85485,0,0,630,26,611,44,18,6,6,1329
55956,0,0,760,38,104,50,9,3,4,961
64191,0,1,420,15,186,151,38,3,13,810
38808,1,0,125,17,52,3,19,1,4,216
57183,1,1,464,5,64,7,0,1,7,540
23748,1,0,6,6,29,12,15,1,3,68
66303,0,1,1090,12,96,16,12,4,11,1226
37368,1,0,3,2,11,2,2,0,2,20
40800,1,2,24,0,27,8,30,0,3,89
71847,0,0,737,21,106,55,63,7,9,982
46149,0,1,254,6,71,4,0,1,7,335
78687,0,0,817,185,687,145,55,6,8,1889
49118,0,0,620,54,239,99,98,7,10,1110
37633,1,1,13,4,20,0,0,0,3,37
39767,0,0,113,61,204,34,26,1,7,438
26997,0,0,7,23,78,133,49,2,5,290
33986,1,0,16,2,18,2,1,0,3,39
57091,0,1,462,0,24,6,0,2,5,492
46831,1,1,22,2,10,6,4,2,2,44
83151,0,0,968,147,842,137,42,7,10,2136
52531,0,0,283,112,151,51,72,2,10,669
15759,0,0,1,2,5,6,0,0,2,14
22804,1,0,14,1,7,2,1,0,2,25
43050,1,0,30,5,24,6,3,0,4,68
42997,1,1,4,0,5,0,1,0,2,10
48918,1,1,52,0,9,0,0,0,4,61
60033,0,1,62,1,57,19,11,1,5,150
34043,1,0,20,2,14,3,0,0,2,39
57811,0,1,545,7,114,37,21,2,11,724
78569,0,0,558,79,622,207,175,6,4,1641
7500,1,1,6,5,4,13,4,1,3,32
94384,0,0,1111,24,790,160,45,8,5,2130
23148,0,0,4,6,8,6,3,0,3,27
44267,1,1,183,5,65,3,5,2,4,261
71626,0,0,546,72,376,94,145,5,8,1233
60894,0,1,606,7,155,10,0,3,8,778
50200,1,1,266,6,51,8,6,1,5,337
81051,0,0,1142,29,249,38,29,5,12,1487
65169,0,0,1074,0,69,0,0,4,13,1143
59868,0,1,771,51,154,54,10,2,12,1040
65695,0,1,371,32,189,0,58,4,10,650
64857,0,0,556,14,717,210,0,5,10,1497
45143,0,1,202,5,74,11,5,1,5,297
74805,0,1,209,162,209,41,162,7,10,783
59060,1,0,35,40,111,36,40,1,7,262
27238,1,1,37,0,17,0,0,0,3,54
47009,0,1,171,45,73,59,10,2,8,358
46094,1,1,12,2,20,3,2,0,3,39
40321,1,1,44,4,21,6,0,0,3,75
37235,1,0,20,2,9,4,6,1,2,41
81843,0,0,779,86,537,34,69,9,12,1505
46692,0,1,170,6,97,24,12,1,5,309
77382,0,1,491,48,231,112,105,7,12,987
37774,2,0,173,8,107,7,2,2,3,297
18393,1,0,7,10,13,16,0,0,3,46
72828,0,1,1205,0,235,19,14,3,13,1473
24711,0,0,10,7,25,6,3,0,3,51
45503,1,0,97,4,44,6,1,1,4,152
6560,0,0,67,11,26,4,3,0,1,111
71604,0,0,345,53,528,98,75,3,5,1099
27244,1,0,6,5,17,3,24,2,2,55
48752,1,1,73,57,100,71,15,1,5,316
71434,0,1,711,36,217,172,96,4,7,1232
90842,0,0,774,70,118,182,187,9,13,1331
88097,1,0,163,0,480,0,126,5,8,769
51948,0,1,82,33,54,71,30,2,4,270
71853,0,0,358,108,413,141,97,8,6,1117
35876,0,0,66,2,40,4,3,1,3,115
40049,0,1,13,6,7,0,3,0,3,29
39660,1,0,139,13,78,20,13,1,3,263
50127,0,1,274,0,21,4,6,1,6,305
43263,0,1,262,6,61,0,10,2,6,339
62845,1,1,1099,0,45,0,0,4,10,1144
18929,0,0,32,0,8,23,4,0,4,67
24367,1,0,2,4,2,0,11,0,2,19
33249,1,0,6,10,21,19,14,1,3,70
26887,0,1,6,7,4,3,4,0,3,24
50150,0,0,135,46,92,65,61,2,7,399
62061,0,1,641,7,84,0,30,4,7,762
85696,0,0,714,76,395,116,0,6,9,1301
76542,0,0,794,73,573,0,29,8,10,1469
70515,0,0,420,0,452,182,64,6,4,1118
18227,1,0,1,2,7,4,3,1,2,17
69139,0,1,86,12,75,33,15,1,5,221
69109,0,0,823,25,459,124,29,6,7,1460
69627,0,1,231,161,215,171,30,2,11,808
38136,1,0,8,15,27,0,20,1,2,70
62159,0,0,182,17,259,77,70,2,10,605
80695,0,0,557,129,984,193,37,8,5,1900
33316,1,1,79,1,31,4,4,1,4,119
58554,1,1,368,24,68,38,0,2,6,498
17256,1,0,6,4,14,8,8,1,2,40
53034,1,1,160,15,196,15,11,1,7,397
52203,0,0,488,21,238,56,108,7,11,911
59601,0,1,691,7,69,0,7,2,7,774
75154,0,1,543,10,205,160,143,3,6,1061
47025,0,1,254,7,108,20,0,3,5,389
37971,1,0,5,4,10,2,2,0,3,23
41335,1,0,112,19,21,16,14,1,4,182
67267,0,1,134,11,59,15,2,2,5,221
57338,0,1,143,6,52,11,8,1,5,220
50523,1,1,51,4,24,4,7,0,4,90
35791,2,1,27,0,5,0,0,0,3,32
50611,0,1,459,0,24,6,0,5,7,489
56242,0,1,689,8,167,11,8,4,11,883
48904,0,1,283,10,38,0,13,2,4,344
56243,1,2,347,0,35,4,3,2,8,389
21355,1,0,5,13,14,0,5,1,2,37
57420,0,1,280,0,18,0,0,1,6,298
46390,0,1,95,14,64,2,9,2,3,184
54342,1,1,84,10,34,11,10,1,4,149
20895,1,0,18,3,17,3,0,0,3,41
92344,0,0,992,24,694,51,19,10,5,1780
26907,1,1,9,1,7,0,3,0,3,20
44964,1,1,19,1,17,2,0,0,3,39
75507,0,0,709,93,374,104,80,6,6,1360
53761,1,1,158,0,76,13,7,4,3,254
22682,1,0,10,14,29,4,2,1,4,59
38887,1,0,25,1,13,0,0,0,3,39
41658,1,1,8,4,12,15,4,1,2,43
29791,1,0,14,0,6,0,0,0,3,20
63915,0,2,622,7,115,30,0,3,12,774
39996,1,1,11,0,3,0,0,0,2,14
26759,1,0,25,3,16,8,5,1,3,57
63841,0,1,635,15,100,20,7,3,9,777
51039,1,1,100,64,79,65,0,2,4,308
60544,1,1,201,2,43,3,5,1,5,254
65685,0,1,642,14,49,0,7,2,9,712
37716,0,1,97,1,41,6,2,1,3,147
36864,0,1,204,5,39,17,0,2,4,265
44511,1,0,513,7,133,46,14,4,8,713
36947,1,1,88,3,21,4,1,0,4,117
47352,0,1,172,12,112,8,0,1,5,304
67087,0,1,329,35,222,130,35,5,8,751
57045,0,1,296,13,104,11,13,2,9,437
36957,1,1,100,2,16,2,1,2,2,121
69389,0,1,422,7,238,69,46,2,12,782
80134,1,0,1218,16,272,104,0,3,6,1610
43142,1,1,5,1,7,2,1,0,2,16
80589,0,0,507,93,520,242,40,10,5,1402
34412,1,0,52,12,50,4,36,0,3,154
57537,1,0,191,56,139,51,8,3,8,445
22634,0,0,2,23,11,8,6,1,2,50
51315,0,0,68,28,39,16,30,2,5,181
36026,2,1,20,4,10,6,4,0,3,44
24639,1,1,20,3,16,0,4,0,4,43
34578,2,1,7,0,1,0,0,0,2,8
65704,0,0,279,172,74,38,8,10,10,571
63810,0,1,977,12,253,16,12,3,12,1270
54132,0,1,30,1,8,0,0,0,3,39
18690,0,0,6,1,7,23,4,1,2,41
28164,1,0,3,18,26,11,8,0,4,66
34596,1,0,14,0,2,0,0,0,2,16
43269,1,0,10,1,7,0,0,0,2,18
38741,1,1,7,10,17,8,6,0,3,48
31907,0,0,33,87,64,175,16,1,6,375
27100,1,0,12,0,13,2,0,0,3,27
31163,1,0,2,3,10,11,2,0,3,28
92533,0,0,693,21,118,110,147,5,11,1089
34853,1,1,9,3,15,2,3,0,3,32
70844,1,1,129,26,67,3,67,1,5,292
31086,1,1,16,2,11,3,0,1,2,32
60544,1,1,201,2,43,3,5,1,5,254
20491,0,0,5,4,5,4,2,1,2,20
42523,0,0,14,36,11,3,26,1,4,90
39922,1,0,29,12,59,19,1,0,4,120
33402,1,1,26,2,19,10,5,1,3,62
36408,1,1,9,1,4,3,2,0,2,19
21645,1,0,14,0,23,4,5,0,3,46
78427,0,0,972,19,595,180,26,7,10,1792
82657,0,0,966,168,672,246,105,5,10,2157
51876,0,0,99,27,102,28,48,2,8,304
78041,0,0,482,35,553,72,160,4,9,1302
52852,0,1,714,8,99,11,0,7,5,832
70038,0,0,587,54,348,71,54,4,8,1114
69401,0,1,399,27,159,58,8,4,5,651
46053,1,0,56,10,92,19,7,2,4,184
77343,0,0,227,151,573,98,54,4,9,1103
73892,0,0,703,102,601,0,58,11,8,1464
40304,1,0,37,0,17,0,0,0,3,54
32727,0,0,167,13,180,86,13,3,5,459
68695,0,0,458,81,356,106,50,4,7,1051
43300,0,1,91,3,52,2,1,0,4,149
26290,1,1,15,8,16,11,5,0,4,55
93790,0,0,1302,68,731,89,114,7,12,2304
38410,0,0,153,64,123,116,64,2,9,520
64866,0,1,508,5,21,7,5,3,7,546
57957,0,1,290,59,177,77,5,6,8,608
46015,1,1,38,0,2,0,0,0,3,40
16531,1,0,2,13,6,7,5,0,3,33
28072,1,0,30,0,10,2,0,0,3,42
49476,0,1,386,23,95,54,41,11,5,599
50725,0,1,443,10,75,0,10,1,8,538
83844,0,0,901,31,345,75,31,4,11,1383
41145,1,1,9,0,3,0,0,0,3,12
67419,0,1,846,84,352,91,56,4,8,1429
23162,1,1,8,3,9,19,4,1,3,43
34380,1,0,72,7,58,13,1,1,3,151
34704,0,1,29,0,5,0,1,0,3,35
94871,0,2,169,24,553,188,0,5,4,934
65148,0,1,460,35,422,33,12,6,7,962
39898,0,1,69,8,26,12,7,0,4,122
64857,0,0,556,14,717,210,0,5,10,1497
59892,0,1,73,0,13,0,1,1,3,87
41020,0,0,112,1,54,7,7,2,4,181
57072,0,1,944,0,60,0,0,5,13,1004
60474,0,1,265,199,303,234,9,2,12,1010
62807,0,1,526,28,135,10,21,3,12,720
19414,1,0,2,3,12,3,5,0,3,25
19107,1,0,2,4,9,10,5,0,3,30
75484,0,1,378,97,259,197,194,3,6,1125
70379,0,1,553,25,142,65,67,3,13,852
79419,0,0,751,127,687,20,15,6,4,1600
64014,2,1,406,0,30,0,0,2,5,436
76998,0,1,1449,89,161,69,35,8,8,1803
49854,1,0,123,17,171,39,0,2,5,350
60585,1,1,267,42,309,55,42,4,9,715
42873,1,1,209,0,40,3,2,1,4,254
87679,0,0,1259,172,815,97,148,11,10,2491
57867,1,0,344,35,178,15,23,2,9,595
35765,1,0,22,3,30,0,5,0,4,60
65492,0,0,247,161,295,210,85,7,13,998
32952,1,0,38,0,12,3,1,0,3,54
53374,0,1,896,10,101,13,10,2,9,1030
71706,0,1,931,56,253,91,98,5,7,1429
68487,0,0,758,12,385,33,89,7,13,1277
53253,1,1,216,9,57,20,9,3,5,311
31163,1,0,2,3,10,11,2,0,3,28
42014,1,0,244,15,108,4,15,1,6,386
54108,1,1,539,6,91,8,6,2,9,650
49667,0,0,1181,26,120,17,13,10,5,1357
63206,0,0,750,8,125,11,8,3,6,902
57136,1,1,306,5,109,21,109,2,10,550
46772,0,1,350,104,189,197,151,8,5,991
78931,0,0,331,197,170,58,152,8,13,908
53977,0,1,620,16,165,0,24,5,12,825
84219,0,0,434,137,400,45,137,4,10,1153
46098,1,1,57,0,27,0,0,2,2,84
73538,0,1,811,76,428,99,137,4,9,1551
79529,0,0,423,42,706,73,197,8,9,1441
20981,0,0,2,12,10,6,13,1,2,43
51766,1,0,60,51,87,6,20,2,4,224
55759,0,1,675,0,85,10,7,3,8,777
33039,1,0,30,8,12,8,8,0,4,66
37787,1,0,40,1,40,4,3,0,3,88
27242,1,0,3,17,26,20,1,0,3,67
87188,0,0,910,111,724,49,74,2,6,1868
69930,0,0,252,98,827,219,70,5,12,1466
37697,1,0,34,6,21,11,4,1,3,76
37401,1,0,19,3,19,3,1,0,3,45
3502,1,0,2,1,1,0,0,0,0,4
58597,1,1,490,0,184,10,28,4,9,712
82032,0,0,332,194,377,149,125,6,7,1177
28087,1,1,53,8,17,13,0,2,2,91
74004,0,0,784,48,560,42,176,6,4,1610
19740,0,1,7,11,3,10,4,1,3,35
57036,0,1,1171,43,219,19,14,3,13,1466
53083,1,1,215,7,33,3,0,1,5,258
69283,0,1,674,62,134,0,26,3,13,896
46098,1,1,57,0,27,0,0,2,2,84
23331,1,0,5,36,7,0,10,0,3,58
23331,1,0,104,20,101,24,15,1,5,264
9255,1,0,9,0,7,2,0,1,2,18
67786,0,0,431,82,441,80,20,6,6,1054
71969,0,1,1000,0,76,0,0,4,9,1076
59235,1,0,448,40,469,80,0,2,12,1037
31928,1,0,33,4,24,4,2,0,4,67
74881,1,1,505,72,270,36,27,2,12,910
65819,0,0,267,38,701,149,165,4,10,1320
51411,1,2,14,0,3,0,0,0,3,17
51983,0,1,631,0,115,10,7,2,10,763
42386,1,0,65,4,16,0,4,0,3,89
30390,0,0,10,12,12,25,1,0,3,60
30983,0,0,51,4,50,12,1,0,3,118
66033,0,1,293,35,179,46,59,3,7,612
37284,1,1,11,1,2,2,1,0,3,17
57530,0,1,50,1,27,6,7,1,4,91
76800,0,0,173,26,255,35,71,4,7,560
63943,0,1,423,184,368,13,97,4,6,1085
76081,0,0,292,30,415,63,33,5,4,833
67445,0,1,757,80,217,29,80,6,12,1163
37054,1,1,12,1,6,0,1,0,3,20
47175,1,1,167,2,44,6,2,2,4,221
31859,1,0,3,1,3,8,0,0,2,15
27215,2,1,30,5,22,8,9,1,4,74
70179,0,1,532,88,168,69,44,3,13,901
39922,1,0,29,12,59,19,1,0,4,120
49681,0,2,411,0,26,0,0,1,7,437
24645,1,0,5,3,4,4,1,0,2,17
79865,0,1,71,99,278,185,121,10,5,754
44322,1,0,46,0,40,3,0,0,3,89
47958,0,1,268,11,88,15,3,3,5,385
63972,0,1,928,63,254,0,12,4,10,1257
75315,0,1,459,15,171,142,23,4,12,810
55517,1,1,483,0,108,0,6,1,6,597
75283,1,2,733,9,180,12,19,3,5,953
82800,0,0,1006,22,115,59,68,6,12,1270
38998,1,1,34,1,14,0,0,0,3,49
90638,0,0,1156,120,915,94,144,4,10,2429
27161,1,0,7,4,23,7,0,0,3,41
42014,1,0,244,15,108,4,15,1,6,386
38201,0,1,233,0,23,0,0,1,5,256
45203,2,0,35,3,67,10,8,1,3,123
81574,0,0,1252,0,465,46,35,5,8,1798
34935,0,0,34,4,66,3,10,1,4,117
60482,0,1,255,43,134,37,14,2,7,483
34633,2,1,8,1,5,0,0,0,2,14
78093,0,0,368,32,639,13,43,7,5,1095
82460,0,0,255,47,573,52,32,3,6,959
45903,0,1,33,8,10,2,10,1,3,63
81361,0,0,163,23,424,27,65,10,13,702
35860,1,1,15,0,8,4,2,1,2,29
40442,1,1,45,12,52,25,22,1,4,156
61482,0,0,48,58,68,16,66,2,6,256
34968,1,0,158,6,45,8,2,2,5,219
75794,0,0,754,160,625,63,32,5,12,1634
31497,0,1,108,1,28,13,1,1,4,151
74268,0,0,199,66,315,97,174,3,5,851
13724,1,0,2,7,5,2,15,0,2,31
45143,0,1,202,5,74,11,5,1,5,297
52569,0,1,85,0,3,0,0,0,4,88
48432,0,1,322,3,50,4,3,1,6,382
17144,1,1,18,2,19,0,2,0,4,41
36108,1,0,141,8,129,3,11,1,4,292
76445,1,0,739,107,309,140,80,5,13,1375
36663,1,0,18,0,6,3,3,1,3,30
53843,0,1,378,0,88,19,4,5,3,489
90226,0,0,1083,108,649,253,151,7,12,2244
70638,0,0,1016,12,215,16,12,5,10,1271
44512,1,1,23,1,6,0,0,0,3,30
27116,1,1,12,1,21,2,2,0,3,38
54072,1,1,35,0,4,0,0,0,2,39
71855,0,1,548,31,422,0,112,5,11,1113
51250,1,0,342,32,230,34,32,5,4,670
60432,0,1,365,3,15,4,3,2,5,390
65526,0,1,397,19,69,12,0,4,8,497
68655,0,0,456,19,832,75,118,5,11,1500
12393,0,0,5,6,15,11,7,0,3,44
64509,0,0,836,185,575,24,25,3,9,1645
33955,1,0,100,2,128,23,7,1,5,260
31353,1,1,10,0,10,3,1,1,2,24
55434,1,0,238,115,215,169,69,3,13,806
28359,1,0,6,0,5,2,1,0,2,14
57100,1,0,158,11,99,15,11,2,7,294
69139,0,1,86,12,75,33,15,1,5,221
52973,0,1,856,0,76,12,9,6,9,953
51717,0,1,98,1,17,0,1,0,4,117
18793,1,0,4,16,20,0,17,0,4,57
66664,0,0,398,96,447,220,96,7,6,1257
50664,1,1,313,8,104,6,4,1,6,435
54414,1,1,109,18,16,24,26,1,5,193
54549,0,1,216,2,6,0,0,1,4,224
47111,0,1,595,71,153,120,112,2,10,1051
41003,0,0,123,133,142,71,44,2,8,513
19444,1,0,16,0,23,3,2,1,2,44
36301,1,0,11,12,35,3,5,0,3,66
73059,0,1,410,112,420,0,82,3,13,1024
42731,1,0,159,2,51,6,2,1,5,220
52854,1,1,105,0,10,0,1,1,4,116
22775,1,0,5,1,8,0,0,0,2,14
46681,0,2,269,15,69,15,19,6,4,387
59821,0,1,629,0,70,0,0,2,7,699
50002,0,1,443,5,71,21,16,2,7,556
69755,0,0,217,77,373,111,23,6,12,801
44078,1,1,24,1,10,2,0,0,3,37
30560,1,0,9,1,5,4,5,0,3,24
35924,1,1,8,0,14,2,3,0,3,27
64140,0,2,1459,0,61,0,15,5,6,1535
56386,1,1,230,48,214,13,32,1,7,537
24594,1,0,1,3,6,10,0,0,3,20
75774,1,0,340,21,134,258,14,5,8,767
39228,0,0,7,1,6,0,3,0,3,17
58494,0,1,298,7,68,4,0,2,6,377
58684,0,0,479,35,179,28,7,3,12,728
57136,0,0,267,140,599,34,12,5,7,1052
56551,1,1,67,4,32,17,2,1,4,122
22448,1,0,3,1,8,23,2,1,3,37
82014,0,0,980,37,265,35,163,6,12,1480
34213,1,1,50,4,28,6,3,1,2,91
25358,0,1,19,0,5,0,0,0,3,24
35544,1,0,30,5,23,4,1,0,3,63
36634,0,1,213,9,76,4,3,2,5,305
62670,0,1,539,30,92,80,46,3,13,787
50334,0,1,284,16,160,84,16,4,6,560
72066,0,0,1003,34,536,134,51,6,6,1758
50729,1,1,239,13,143,45,4,2,7,444
34916,2,0,51,23,82,33,0,1,3,189
64892,0,1,527,24,230,32,24,4,12,837
43602,1,1,19,5,12,10,3,1,2,49
33996,0,0,40,2,15,8,0,1,3,65
41473,1,0,21,8,20,15,3,0,3,67
63246,0,2,593,30,91,29,22,3,12,765
36732,1,1,21,5,3,10,1,1,4,40
69084,1,0,1181,107,199,39,30,3,13,1556
77766,0,1,1004,59,265,115,59,10,11,1502
37929,0,0,202,2,46,3,2,2,5,255
86610,0,0,446,107,768,33,196,6,6,1550
80141,0,0,1184,102,673,52,40,4,10,2051
72635,0,0,390,22,323,104,35,8,6,874
69016,0,1,726,53,363,123,107,9,13,1372
20193,0,0,8,8,22,24,11,1,4,73
27573,1,0,50,15,110,39,15,1,4,229
15862,1,0,1,1,4,11,9,0,3,26
49544,1,0,308,0,73,0,0,1,8,381
33228,1,0,22,2,31,7,4,0,3,66
70440,0,0,690,117,499,76,102,10,7,1484
38232,1,1,43,5,28,7,6,1,3,89
22554,1,1,27,0,10,0,0,0,4,37
23536,1,0,6,0,3,0,0,0,3,9
49413,0,1,205,7,41,3,2,2,5,258
42231,1,1,24,0,8,0,1,0,3,33
78789,0,0,667,50,850,21,83,6,5,1671
56534,0,1,691,7,61,10,0,4,7,769
58350,0,1,493,26,206,116,80,3,12,921
81217,0,0,493,70,324,146,40,7,11,1073
49090,0,1,494,5,82,7,0,2,9,588
61787,0,0,621,73,414,78,48,4,6,1234
18169,1,0,9,0,5,0,0,0,2,14
24336,1,0,1,6,2,8,2,0,2,19
18222,0,0,12,4,19,12,6,0,3,53
62335,0,1,243,131,217,85,6,3,13,682
42033,1,1,11,1,4,2,0,0,2,18
86580,0,0,532,21,127,26,20,2,5,726
41437,1,1,29,0,2,0,0,0,3,31
73705,0,2,612,91,520,258,107,6,8,1588
61064,0,1,387,126,342,0,45,4,11,900
38452,1,1,56,0,14,0,0,0,3,70
18358,1,0,6,8,19,16,4,0,4,53
55012,0,1,582,0,65,0,0,2,9,647
9722,1,0,6,17,16,6,16,1,3,61
38175,1,0,70,6,69,2,3,1,4,150
58656,0,1,962,12,194,16,24,8,13,1208
52117,0,1,112,10,107,30,0,2,4,259
64813,1,0,293,0,124,179,97,2,10,693
54222,0,1,199,12,31,3,12,3,5,257
83512,0,0,1060,61,835,80,20,7,10,2056
77520,0,1,940,44,396,0,88,7,7,1468
41154,0,1,44,2,11,2,3,0,4,62
80398,0,0,342,51,936,207,35,8,12,1571
18746,1,0,2,10,11,12,9,0,3,44
35196,1,0,75,12,141,43,39,1,5,310
60230,0,1,520,20,367,39,81,3,6,1027
22108,1,1,5,3,9,6,2,0,3,25
44392,1,1,87,5,71,7,12,1,4,182
55424,0,1,462,61,184,10,53,5,9,770
17688,1,0,2,2,1,3,1,0,2,9
92491,0,0,979,44,935,29,25,5,12,2012
90273,0,0,704,129,853,120,74,6,7,1880
82571,0,0,861,31,558,62,95,5,13,1607
38513,1,0,172,3,115,16,0,1,5,306
16653,1,0,5,7,31,15,4,1,3,62
42586,1,1,194,2,56,0,0,1,6,252
23529,0,1,9,7,13,3,2,1,2,34
74881,1,1,505,72,270,36,27,2,12,910
71107,0,1,533,10,217,198,174,6,13,1132
46910,1,1,48,0,14,0,0,0,3,62
18690,0,0,6,1,7,23,4,1,2,41
37244,1,1,18,2,10,0,0,1,2,30
82427,0,0,482,147,509,104,107,5,12,1349
75342,0,1,204,97,97,21,118,2,10,537
70044,0,1,1073,0,250,153,14,10,5,1490
79146,1,1,245,16,223,21,43,1,8,548
77437,0,0,560,21,442,29,44,5,13,1096
54984,0,1,173,13,131,32,3,1,6,352
42403,1,0,22,1,11,0,5,0,3,39
55761,0,1,136,1,12,0,3,1,3,152
37292,1,0,275,0,86,10,23,3,5,394
45576,0,0,56,19,29,2,14,1,3,120
70321,0,0,303,23,751,82,26,5,13,1185
58086,0,1,708,7,62,0,0,3,7,777
81795,0,0,324,132,693,27,118,11,7,1294
28389,0,0,1,5,3,7,4,0,2,20
66835,0,0,620,26,195,34,17,4,13,892
69901,0,1,312,21,206,102,92,3,10,733
80360,0,0,1493,86,454,112,43,4,5,2188
63342,0,1,918,21,118,13,10,3,5,1080
44989,0,1,98,0,106,49,10,1,5,263
31859,1,0,3,4,7,15,8,0,3,37
51569,0,1,380,0,47,6,0,1,7,433
30372,1,1,15,0,12,7,3,0,3,37
16014,1,1,3,9,4,7,8,1,4,31
41120,1,1,24,2,23,0,8,1,3,57
39763,1,0,80,1,60,4,6,1,2,151
38725,1,1,31,0,6,2,1,0,4,40
77981,1,0,138,120,204,16,126,4,7,604
62905,0,1,166,75,96,119,107,2,8,563
13533,1,0,12,3,8,8,0,0,3,31
59481,0,1,178,3,85,71,66,3,8,403
72117,0,1,707,20,171,65,60,7,9,1023
21955,1,0,5,1,7,17,14,1,3,44
67131,0,1,465,71,250,93,35,2,12,914
36802,1,0,16,1,2,0,0,0,3,19
71853,0,0,358,108,413,141,97,8,6,1117
28249,0,0,1,9,7,2,14,0,3,33
47808,0,1,123,1,26,2,0,2,3,152
25509,1,0,40,3,30,10,7,0,3,90
51012,0,0,102,9,63,2,9,1,4,185
70596,0,0,347,44,534,17,0,5,12,942
85431,0,0,376,53,462,168,53,7,7,1112
42664,0,1,21,0,3,0,0,0,3,24
42586,1,1,194,2,56,0,0,1,6,252
29760,1,0,64,4,68,7,5,1,4,148
28973,0,0,206,0,46,3,2,1,5,257
39435,1,0,71,0,18,0,0,1,2,89
65370,0,0,71,22,112,138,89,3,13,432
20194,1,0,0,4,7,11,10,0,3,32
42473,1,1,93,1,21,0,4,1,4,119
64590,0,0,920,138,168,36,46,4,10,1308
71232,0,1,653,17,170,34,26,2,10,900
34600,1,1,199,33,60,8,3,2,5,303
46904,1,1,153,4,56,0,9,1,4,222
49094,0,1,376,0,38,11,8,3,6,433
36075,1,0,46,0,30,12,1,0,4,89
60839,1,1,600,21,128,223,150,2,12,1122
77298,0,1,425,115,292,23,35,6,11,890
34026,1,1,18,6,15,12,8,1,3,59
48918,1,1,52,0,9,0,0,0,4,61
82122,0,0,734,22,350,151,25,9,13,1282
37697,1,0,34,6,21,11,4,1,3,76
34074,1,1,135,1,41,10,1,3,3,188
28520,1,1,11,0,10,0,2,1,2,23
62535,0,1,163,48,90,0,45,2,8,346
36273,1,0,29,3,30,3,2,0,3,67
63404,0,2,734,26,70,11,44,3,4,885
75774,1,0,340,21,134,258,14,5,8,767
78416,0,1,453,38,279,188,38,7,10,996
75702,0,1,1073,0,629,145,37,5,13,1884
59385,1,1,135,0,10,0,4,1,4,149
37070,1,1,231,7,137,4,15,1,8,394
44689,1,1,18,0,5,0,0,1,2,23
53977,0,1,620,16,165,0,24,5,12,825
7144,0,2,81,4,33,5,2,1,1,125
18701,1,1,12,4,2,10,6,0,4,34
90369,0,0,292,51,981,224,23,6,6,1571
63159,0,0,965,34,586,89,86,5,8,1760
37758,1,1,27,2,10,0,0,0,3,39
46757,0,1,777,30,163,0,51,4,7,1021
79734,0,0,572,8,232,23,62,3,6,897
63207,0,0,438,169,565,91,169,3,6,1432
72071,0,1,531,69,300,150,138,4,8,1188
21840,1,0,17,0,9,0,0,0,3,26
58582,0,1,402,35,106,101,77,2,9,721
72282,0,0,503,27,419,90,139,7,9,1178
50387,0,2,369,9,87,12,14,2,8,491
32583,1,1,5,0,3,0,0,0,2,8
62568,0,1,362,17,398,80,35,3,5,892
44635,1,1,56,0,9,0,0,0,3,65
33316,1,1,79,1,31,4,4,1,4,119
63967,0,1,387,84,141,73,35,4,12,720
52513,0,0,367,17,241,104,188,5,9,917
25293,1,0,15,0,11,0,2,1,2,28
54111,0,1,267,6,54,8,3,2,6,338
78394,0,0,298,27,697,216,24,6,5,1262
80739,0,0,674,92,736,39,0,11,9,1541
22669,1,0,16,14,36,37,22,1,2,125
29236,1,0,37,4,24,16,9,0,3,90
44911,0,1,159,0,22,2,1,1,4,184
54693,0,1,686,17,142,23,26,4,13,894
48186,1,0,97,3,66,12,7,1,4,185
54809,1,1,63,6,57,13,13,1,5,152
41580,1,1,56,5,24,4,0,1,3,89
80336,0,0,209,19,456,160,142,9,13,986
47743,0,1,198,2,43,0,12,1,6,255
62972,0,1,313,15,47,20,0,4,3,395
57333,0,1,941,14,397,76,58,5,9,1486
32313,1,0,86,4,56,2,4,0,4,152
84953,0,0,167,48,602,63,72,10,4,952
27071,1,0,8,3,19,0,2,0,3,32
68148,0,0,389,66,408,37,57,4,6,957
65735,1,1,239,7,119,4,15,2,6,384
86836,0,0,179,21,273,0,21,10,6,494
4023,1,1,5,0,1,1,1,0,0,8
30093,0,0,2,6,28,13,4,0,3,53
57705,0,1,383,0,53,6,4,1,6,446
25008,1,0,2,8,8,6,1,0,3,25
83257,0,0,536,27,590,38,107,10,12,1298
22280,1,0,2,1,4,3,1,0,2,11
72159,0,0,322,53,899,34,40,6,10,1348
64260,0,0,539,169,816,20,0,5,4,1544
82733,0,0,712,50,420,65,38,4,7,1285
74290,0,1,1121,0,72,0,12,8,10,1205
58217,2,1,68,1,13,3,5,0,4,90
21024,0,0,36,4,18,6,2,0,4,66
70116,0,0,707,44,603,95,58,8,12,1507
54006,1,0,174,77,203,6,24,1,7,484
69063,0,1,666,35,124,69,8,3,5,902
11448,0,0,0,0,0,6,2,0,2,8
61825,0,1,162,50,100,55,30,2,8,397
70886,1,0,407,70,239,103,88,4,4,907
69109,0,0,823,25,459,124,29,6,7,1460
60208,1,1,488,23,71,15,0,3,7,597
32889,1,1,28,0,13,4,2,1,3,47
34738,1,0,3,2,10,3,0,0,3,18
30538,1,0,284,0,52,8,3,0,4,347
82326,0,0,938,142,754,159,81,10,6,2074
26642,1,0,13,2,15,2,2,0,3,34
69932,0,1,412,172,153,150,105,6,11,992
44503,1,1,31,1,8,0,0,0,3,40
60200,0,1,502,19,132,0,6,2,11,659
49638,0,1,18,10,3,3,5,0,3,39
23830,0,0,1,8,6,4,8,0,3,27
33051,0,0,100,71,243,108,94,1,8,616
72905,0,0,407,114,445,181,165,7,9,1312
69702,0,1,664,9,240,50,19,7,10,982
70300,1,0,1045,61,338,60,46,5,13,1550
70643,0,0,1218,107,304,23,143,8,4,1795
30396,1,0,15,0,6,0,1,1,2,22
50616,0,1,128,0,16,0,1,0,4,145
62772,0,1,581,49,157,43,8,6,11,838
30298,0,0,6,3,12,6,1,1,3,28
52413,1,0,185,8,133,56,56,1,7,438
44155,1,1,22,1,9,0,0,1,2,32
86979,0,0,584,100,835,65,83,5,5,1667
76532,1,1,355,30,177,90,138,5,7,790
42081,1,0,175,10,110,54,6,3,4,355
67546,0,0,864,134,768,150,38,10,5,1954
88420,0,0,957,153,612,99,95,7,8,1916
31158,1,0,25,6,16,20,0,0,3,67
61671,0,1,641,7,56,0,0,4,6,704
69719,0,0,273,86,208,177,14,3,5,758
49160,0,1,122,21,43,25,10,1,6,221
24882,1,0,1,4,10,29,0,1,2,44
90933,0,0,1020,31,430,62,63,6,4,1606
113734,0,0,6,2,3,1,262,0,0,274
59292,0,1,378,14,68,19,14,5,8,493
45759,1,1,42,1,18,3,0,0,3,64
22148,0,0,15,5,14,0,4,0,3,38
73395,0,0,272,7,80,20,7,4,6,386
29819,1,0,9,1,24,2,1,0,3,37
45688,0,1,279,0,18,0,0,1,8,297
62820,0,0,398,61,265,138,61,4,6,923
60491,0,1,637,47,237,12,19,11,7,952
33235,1,0,45,0,16,2,1,0,3,64
35701,0,0,21,1,9,7,3,0,3,41
31535,1,0,15,4,13,0,0,1,2,32
92556,0,0,493,183,352,184,23,5,13,1235
67384,0,1,957,40,175,158,53,8,5,1383
80573,0,0,829,138,430,60,92,6,13,1549
77870,0,1,1017,50,500,65,50,5,5,1682
52278,0,1,953,0,71,0,0,5,10,1024
57107,0,1,159,0,120,0,0,4,8,279
18929,0,0,32,0,8,23,4,0,4,67
36038,1,0,23,0,15,0,2,0,3,40
20180,0,0,18,42,24,15,20,1,4,119
34230,1,1,15,0,4,0,0,0,2,19
31878,0,1,23,4,5,10,5,0,4,47
70932,0,1,200,193,100,46,185,2,12,724
91249,0,0,1324,27,119,71,108,9,6,1649
77598,0,0,1193,33,281,129,66,5,13,1702
80982,1,1,505,137,401,104,22,5,11,1169
22701,1,0,2,4,9,0,4,0,3,19
55212,0,1,1103,0,45,0,0,2,11,1148
70617,0,0,353,61,753,40,46,3,7,1253
64849,0,0,652,48,350,94,84,3,6,1228
62694,1,1,379,6,157,25,91,3,7,658
61917,1,1,46,4,36,2,2,0,4,90
67472,0,1,162,31,127,8,17,2,7,345
21059,1,0,8,3,19,3,3,0,3,36
29543,2,0,17,3,18,3,4,1,2,45
75903,0,1,340,108,185,130,38,6,9,801
34984,1,1,8,4,15,3,5,0,3,35
54998,0,1,154,22,202,39,30,2,9,447
54356,0,1,710,15,30,20,0,2,8,775
34242,0,1,8,2,4,0,0,0,3,14
25410,1,0,2,2,4,13,13,0,4,34
73356,0,0,1050,14,322,0,14,11,5,1400
28320,0,1,19,1,14,3,2,0,3,39
23763,1,0,22,0,6,6,2,0,3,36
72570,0,0,274,83,216,151,141,6,12,865
34529,1,0,68,6,38,3,6,2,3,121
70792,0,0,344,45,654,104,11,4,10,1158
63211,0,0,145,193,459,205,26,8,7,1028
83891,0,1,217,38,350,111,85,7,10,801
36065,1,1,18,7,34,10,2,0,3,71
39898,0,1,69,8,26,12,7,0,4,122
51141,0,0,144,0,7,0,0,1,4,151
56939,0,1,256,34,103,90,29,3,10,512
80872,0,0,483,72,567,94,12,4,10,1228
72335,0,0,1285,105,653,28,21,4,8,2092
61798,0,0,338,4,89,11,8,2,9,450
76842,0,0,605,10,345,84,54,8,7,1098
29478,1,0,8,0,7,3,1,0,3,19
46998,0,1,172,41,86,45,6,3,5,350
96843,0,0,448,71,951,40,17,11,10,1527
56551,1,1,67,4,32,17,2,1,4,122
70053,0,1,512,53,98,81,179,5,10,923
71670,0,0,1462,16,128,0,0,3,6,1606
44359,1,1,20,0,14,7,3,0,4,44
40887,1,1,50,4,44,10,10,1,3,118
48877,0,1,102,1,15,2,0,0,4,120
74485,0,0,499,149,815,173,49,7,12,1685
64474,0,1,381,35,172,56,86,2,10,730
77226,0,1,631,43,239,128,76,8,12,1117
72643,0,0,526,80,553,123,94,10,7,1376
85738,0,0,913,26,376,17,26,6,11,1358
55686,0,1,673,0,199,37,47,3,5,956
39062,1,0,23,0,9,0,0,0,3,32
34600,1,1,199,33,60,8,3,2,5,303
40794,0,1,261,23,73,4,23,3,5,384
54690,1,1,111,16,37,7,9,1,5,180
4428,0,1,16,4,12,2,4,0,0,38
32632,0,0,63,151,137,153,19,4,8,523
38236,1,1,58,0,18,2,0,0,4,78
36781,1,0,29,1,17,0,3,1,2,50
31385,1,0,3,2,12,0,1,0,2,18
24570,1,0,28,34,62,11,14,0,4,149
25509,1,0,40,3,30,10,7,0,3,90
94642,0,0,879,143,797,106,143,7,9,2068
58646,0,1,62,1,44,6,5,1,4,118
53201,1,1,280,7,81,20,0,3,5,388
21994,0,1,9,0,6,3,1,0,3,19
57113,1,1,182,4,33,0,2,1,5,221
51373,0,0,83,2,101,64,26,5,3,276
23477,1,0,38,15,54,3,8,0,4,118
58116,0,1,228,19,130,4,11,3,8,392
72968,0,0,1092,37,592,145,37,5,8,1903
39791,0,1,85,15,27,13,13,1,4,153
91712,0,0,1276,24,746,94,29,7,11,2169
94472,0,1,1017,33,417,108,100,5,5,1675
13672,1,1,6,2,9,2,1,0,3,20
96547,0,0,448,21,125,52,101,6,8,747
79205,0,0,504,23,117,179,28,5,4,851
56559,0,1,226,22,133,41,31,3,8,453
32644,1,0,239,3,141,0,7,1,6,390
67506,0,1,90,38,67,33,36,1,6,264
24206,1,0,7,2,8,3,2,0,3,22
28420,1,0,4,2,5,2,0,0,2,13
22979,1,0,16,17,19,20,21,2,2,93
33279,0,0,10,3,3,0,0,0,3,16
46423,1,1,68,0,16,0,0,0,4,84
30368,0,1,35,0,13,2,0,0,3,50
63684,0,1,575,80,428,208,93,4,8,1384
41638,0,1,315,0,31,4,0,5,3,350
68805,0,1,182,2,49,17,13,1,7,263
65814,0,1,561,14,113,10,14,2,10,712
71964,0,0,587,51,932,180,34,6,5,1784
39146,1,0,94,1,33,13,12,0,4,153
96876,0,0,908,43,735,40,194,7,9,1920
34445,0,0,228,122,122,208,129,2,8,809
68281,0,0,995,112,417,42,48,9,13,1614
37284,1,1,11,1,2,2,1,0,3,17
36790,0,0,3,3,14,15,21,1,2,56
27943,1,1,12,1,16,4,1,0,3,34
22263,1,1,17,0,2,0,0,0,3,19
30261,1,2,8,0,5,0,3,0,3,16
28587,1,0,22,4,17,12,10,0,4,65
43815,1,0,14,10,29,4,7,0,3,64
48195,1,1,106,27,68,52,7,2,5,260
77027,0,1,820,57,242,45,0,3,6,1164
71322,0,1,753,43,226,69,10,5,13,1101
32765,1,0,13,3,17,7,3,0,4,43
29672,1,1,9,1,3,0,4,0,3,17
23272,0,0,19,3,6,4,2,0,3,34
49912,0,1,520,8,223,32,49,5,7,832
7500,1,0,5,17,17,13,14,1,3,66
68117,0,1,618,44,215,0,17,8,4,894
67225,0,1,315,35,322,46,7,2,11,725
17649,1,0,15,1,23,0,5,0,3,44
55914,0,1,384,60,364,119,101,6,8,1028
40059,1,0,110,29,92,28,10,2,3,269
60905,0,1,208,17,76,36,17,3,7,354
75330,1,1,555,82,257,93,61,3,12,1048
60689,0,1,240,90,216,63,6,4,10,615
38680,1,0,11,0,36,15,5,0,3,67
61416,0,0,848,154,323,201,61,3,10,1587
49767,0,0,202,47,197,55,42,4,8,543
83273,1,2,433,89,650,16,102,6,9,1290
29009,1,0,6,6,15,10,5,0,3,42
45057,1,0,37,0,7,3,0,0,3,47
37150,1,0,167,37,64,49,34,3,6,351
43020,1,0,45,7,99,4,25,1,4,180
53154,0,1,129,0,21,0,1,1,4,151
65308,0,0,713,0,264,120,80,8,12,1177
76467,1,0,676,161,426,210,44,5,5,1517
81044,0,0,450,26,535,73,98,6,10,1182
32871,1,1,22,2,12,0,2,0,3,38
55801,1,1,367,4,51,6,4,2,6,432
76320,0,1,526,35,214,69,53,3,4,897
36927,1,1,51,0,16,0,0,0,3,67
48794,1,1,25,0,11,3,0,0,3,39
23478,0,0,28,6,27,12,17,0,3,90
71128,1,0,958,159,447,20,0,10,12,1584
70179,0,1,532,88,168,69,44,3,13,901
59462,0,1,724,17,143,0,8,2,12,892
38361,1,0,39,0,56,20,8,1,3,123
70038,0,0,587,54,348,71,54,4,8,1114
42554,1,1,29,1,11,0,0,0,3,41
67445,0,1,757,80,217,29,80,6,12,1163
67046,0,1,544,35,133,23,151,5,4,886
42192,0,0,40,15,15,17,6,1,3,93
77610,0,1,1245,33,332,21,33,7,4,1664
31761,1,0,19,1,20,16,14,0,4,70
34350,1,0,16,3,15,2,1,0,3,37
54591,0,1,376,4,94,12,9,2,8,495
71866,0,1,184,178,178,103,39,3,10,682
25293,1,0,15,0,11,0,2,1,2,28
42000,0,0,124,83,267,85,59,2,11,618
69520,0,0,627,120,414,121,80,6,5,1362
64713,1,0,180,60,241,13,54,5,7,548
27889,1,0,14,0,4,0,0,1,2,18
22123,0,0,3,3,24,34,7,1,3,71
27803,1,0,8,26,46,38,9,0,4,127
51651,0,1,293,6,23,13,6,2,5,341
68487,0,0,758,12,385,33,89,7,13,1277
56796,0,1,656,38,161,62,47,9,7,964
87000,0,0,196,25,607,67,17,6,7,912
79823,0,1,835,73,380,114,73,9,7,1475
30828,1,0,16,11,15,2,0,1,4,44
34109,0,1,9,1,5,2,1,0,3,18
53367,1,1,229,7,140,10,3,1,8,389
22390,0,0,0,1,4,15,1,0,2,21
71322,0,1,121,24,124,24,15,1,7,308
79244,0,0,471,102,125,212,61,10,7,971
49912,0,1,520,8,223,32,49,5,7,832
48699,1,1,26,1,10,2,0,0,3,39
80144,0,0,240,132,445,250,192,7,8,1259
54252,1,1,178,4,26,8,4,1,5,220
81929,1,0,1486,55,278,49,0,4,10,1868
76068,0,1,1115,12,128,33,12,3,4,1300
53204,1,1,29,0,8,2,0,0,3,39
67911,0,1,529,0,356,63,28,7,11,976
14796,1,0,13,3,8,7,4,0,3,35
78128,0,1,934,24,230,16,24,4,6,1228
14188,0,0,2,7,11,16,12,0,4,48
20425,1,0,4,12,5,3,16,0,3,40
58646,0,1,62,1,44,6,5,1,4,118
72967,0,1,158,35,179,0,0,2,8,372
48150,0,1,173,2,39,3,2,1,4,219
82332,0,0,830,59,968,51,79,3,12,1987
58275,1,1,189,10,253,56,43,2,7,551
44953,0,0,728,17,133,11,8,3,13,897
34587,1,1,7,2,9,2,0,0,3,20
43018,0,1,35,4,17,7,6,2,2,69
45736,0,1,188,3,180,20,3,1,6,394
66476,0,1,742,28,152,25,9,8,10,956
27733,1,0,0,7,5,26,2,0,3,40
69805,0,1,750,71,174,13,10,8,11,1018
72217,0,0,816,42,450,55,56,10,8,1419
25818,1,0,5,2,8,2,2,1,2,19
37509,1,0,37,5,56,12,8,0,4,118
25176,1,1,4,0,4,0,0,0,2,8
43586,0,1,99,2,11,4,0,0,4,116
53230,0,1,176,72,98,136,21,2,12,503
50116,1,1,54,0,10,0,0,0,4,64
84906,0,0,997,15,414,99,30,6,12,1555
61286,0,1,356,0,107,19,9,1,8,491
82333,0,0,1311,0,359,46,89,3,10,1805
65220,0,0,890,63,292,0,25,4,7,1270
33590,2,1,4,0,2,0,0,0,2,6
30992,1,0,17,0,14,7,3,0,3,41
72309,0,0,960,0,883,50,38,6,8,1931
16005,1,0,1,3,2,20,30,1,2,56
65487,0,0,240,67,500,199,0,5,6,1006
58692,0,1,301,11,61,4,7,2,4,384
40590,1,1,154,0,50,6,11,4,3,221
20587,1,0,2,3,6,4,1,1,2,16
62637,0,1,104,12,48,4,12,2,5,180
29435,1,1,70,3,37,4,2,2,2,116
19346,1,0,2,0,9,3,6,0,3,20
35788,1,1,23,2,11,3,1,0,3,40
36997,1,1,43,4,12,8,0,1,4,67
23539,0,0,4,24,11,16,1,0,4,56
65333,0,1,654,7,92,0,15,4,8,768
78499,0,0,912,72,170,47,36,3,4,1237
29732,1,0,25,0,8,0,1,0,2,34
41275,1,2,24,4,22,0,2,1,3,52
63516,1,1,141,11,114,15,14,1,7,295
42769,0,1,71,0,13,3,1,1,4,88
49572,1,1,35,1,16,0,1,0,3,53
69209,0,0,496,32,849,229,48,3,6,1654
17148,1,0,9,9,11,13,10,1,3,52
40590,1,1,154,0,50,6,11,4,3,221
30560,1,0,9,1,5,4,5,0,3,24
32146,1,0,26,3,23,4,7,0,4,63
41713,1,1,77,8,44,10,10,1,4,149
34176,0,1,11,2,7,4,2,0,3,26
58482,0,1,576,7,115,19,7,4,9,724
59686,0,1,89,15,89,34,42,1,6,269
60896,0,1,1013,30,399,60,46,10,4,1548
62994,1,0,224,12,48,4,12,2,4,300
47320,0,1,200,19,111,50,15,1,8,395
74859,0,0,570,73,614,133,102,5,11,1492
15253,1,0,1,3,3,8,1,0,3,16
31560,1,0,62,1,20,4,0,1,3,87
72071,0,1,531,69,300,150,138,4,8,1188
91172,0,0,162,28,818,0,28,3,7,1036
90000,0,0,675,144,133,94,192,8,5,1238
41967,1,1,23,4,10,0,2,0,3,39
69263,0,1,492,5,32,13,5,1,7,547
65706,0,0,918,10,129,13,0,3,12,1070
60934,0,1,224,155,155,192,93,4,11,819
71965,0,1,572,19,286,50,38,3,5,965
65210,0,1,626,0,70,0,7,3,8,703
79174,0,0,1074,37,518,193,92,6,7,1914
81380,0,0,741,68,689,224,68,2,10,1790
48432,0,1,322,3,50,4,3,1,6,382
52914,0,1,254,10,44,30,10,3,3,348
38946,0,1,116,6,82,6,6,1,6,216
26067,1,0,22,2,18,0,2,0,3,44
44325,0,1,516,0,21,0,0,2,7,537
42523,0,0,14,36,11,3,26,1,4,90
26487,1,0,2,8,10,12,14,1,3,46
53233,0,1,28,0,9,3,0,0,3,40
67716,0,1,530,142,217,62,9,4,13,960
76234,0,1,519,50,167,130,0,3,11,866
84117,0,0,611,76,749,59,45,10,6,1540
65487,0,0,240,67,500,199,0,5,6,1006
25224,1,0,4,9,12,11,2,1,3,38
89616,0,0,671,47,655,145,111,5,12,1629
40851,1,1,23,1,7,0,4,1,2,35
27469,0,0,9,1,2,3,2,0,3,17
82347,0,0,556,54,845,202,133,7,10,1790
73803,0,1,833,80,363,52,26,5,6,1354
8820,1,1,12,0,13,4,2,0,3,31
43322,0,0,56,7,48,10,2,0,4,123
55593,0,1,293,8,124,11,4,6,3,440
50501,1,1,297,0,38,13,0,4,4,348
37085,1,1,39,1,16,2,0,0,3,58
16185,1,0,5,11,16,21,8,2,2,61
57731,0,1,266,21,300,65,8,8,6,660
48432,0,1,322,3,50,4,3,1,6,382
73807,0,1,366,124,156,71,78,5,11,795
18929,0,0,32,0,8,23,4,0,4,67
35893,1,1,158,0,23,0,0,1,5,181
61014,0,1,269,129,495,182,43,3,4,1118
32144,1,1,41,0,10,0,0,1,3,51
14918,0,1,3,3,3,15,4,0,3,28
45146,1,1,33,0,5,0,0,1,2,38
41769,0,1,302,29,131,32,0,1,7,494
88325,0,0,519,71,860,93,27,2,9,1570
38054,1,1,23,2,17,2,1,0,3,45
80617,0,0,594,51,631,72,55,6,8,1403
5305,0,1,12,4,7,1,3,0,0,27
36807,1,1,4,2,5,0,0,0,2,11
28427,1,0,18,3,19,3,3,0,3,46
82032,0,0,332,194,377,149,125,6,7,1177
22775,1,0,5,1,8,0,0,0,2,14
40101,1,0,171,3,129,26,24,1,6,353
58025,0,1,270,31,88,11,48,2,10,448
75777,0,0,712,26,538,69,13,6,11,1358
7500,1,0,2,8,11,3,8,2,2,32
33562,1,2,21,12,12,0,3,0,4,48
57642,0,1,580,6,58,8,0,6,6,652
58554,1,1,368,24,68,38,0,2,6,498
63777,1,1,457,5,106,15,17,1,6,600
57967,0,1,229,7,137,4,0,2,8,377
24434,2,0,3,2,8,20,0,1,2,33
11012,1,0,24,3,26,7,1,1,2,61
44802,0,0,853,10,143,13,10,4,12,1029
26816,0,0,5,1,6,3,4,0,3,19
34421,1,0,3,3,7,6,2,0,2,21
61223,0,1,709,43,182,42,118,3,4,1094
64014,2,1,406,0,30,0,0,2,5,436
56981,0,0,908,48,217,32,12,3,13,1217
69245,0,1,428,30,214,80,30,5,10,782
52869,1,1,84,3,61,2,1,1,4,151
